  0
SECTION
  2
HEADER
  9
$ACADVER
  1
AC1027
  9
$ACADMAINTVER
 70
   125
  9
$DWGCODEPAGE
  3
ANSI_1252
  9
$LASTSAVEDBY
  1
jaswalh
  9
$REQUIREDVERSIONS
160
                 0
  9
$INSBASE
 10
0.0
 20
0.0
 30
0.0
  9
$EXTMIN
 10
29.572524
 20
234.508121
 30
0.0
  9
$EXTMAX
 10
136.968161
 20
276.597489
 30
0.0
  9
$LIMMIN
 10
0.0
 20
0.0
  9
$LIMMAX
 10
420.0
 20
297.0
  9
$ORTHOMODE
 70
     0
  9
$REGENMODE
 70
     1
  9
$FILLMODE
 70
     1
  9
$QTEXTMODE
 70
     0
  9
$MIRRTEXT
 70
     0
  9
$LTSCALE
 40
0.75
  9
$ATTMODE
 70
     1
  9
$TEXTSIZE
 40
3.5
  9
$TRACEWID
 40
1.0
  9
$TEXTSTYLE
  7
Standard
  9
$CLAYER
  8
0
  9
$CELTYPE
  6
ByLayer
  9
$CECOLOR
 62
   256
  9
$CELTSCALE
 40
1.0
  9
$DISPSILH
 70
     0
  9
$DIMSCALE
 40
1.0
  9
$DIMASZ
 40
3.5
  9
$DIMEXO
 40
2.1
  9
$DIMDLI
 40
10.5
  9
$DIMRND
 40
0.0
  9
$DIMDLE
 40
0.0
  9
$DIMEXE
 40
2.1
  9
$DIMTP
 40
0.1
  9
$DIMTM
 40
0.1
  9
$DIMTXT
 40
3.5
  9
$DIMCEN
 40
0.0
  9
$DIMTSZ
 40
0.0
  9
$DIMTOL
 70
     0
  9
$DIMLIM
 70
     0
  9
$DIMTIH
 70
     0
  9
$DIMTOH
 70
     0
  9
$DIMSE1
 70
     0
  9
$DIMSE2
 70
     0
  9
$DIMTAD
 70
     1
  9
$DIMZIN
 70
    12
  9
$DIMBLK
  1

  9
$DIMASO
 70
     1
  9
$DIMSHO
 70
     1
  9
$DIMPOST
  1

  9
$DIMAPOST
  1

  9
$DIMALT
 70
     0
  9
$DIMALTD
 70
     2
  9
$DIMALTF
 40
0.03937
  9
$DIMLFAC
 40
1.0
  9
$DIMTOFL
 70
     1
  9
$DIMTVP
 40
0.0
  9
$DIMTIX
 70
     0
  9
$DIMSOXD
 70
     0
  9
$DIMSAH
 70
     0
  9
$DIMBLK1
  1

  9
$DIMBLK2
  1

  9
$DIMSTYLE
  2
Dim-ISO-25
  9
$DIMCLRD
 70
     0
  9
$DIMCLRE
 70
     0
  9
$DIMCLRT
 70
     0
  9
$DIMTFAC
 40
0.714286
  9
$DIMGAP
 40
1.4
  9
$DIMJUST
 70
     0
  9
$DIMSD1
 70
     0
  9
$DIMSD2
 70
     0
  9
$DIMTOLJ
 70
     0
  9
$DIMTZIN
 70
    12
  9
$DIMALTZ
 70
    12
  9
$DIMALTTZ
 70
    12
  9
$DIMUPT
 70
     0
  9
$DIMDEC
 70
     2
  9
$DIMTDEC
 70
     2
  9
$DIMALTU
 70
     2
  9
$DIMALTTD
 70
     4
  9
$DIMTXSTY
  7
Standard
  9
$DIMAUNIT
 70
     0
  9
$DIMADEC
 70
     2
  9
$DIMALTRND
 40
0.0
  9
$DIMAZIN
 70
     3
  9
$DIMDSEP
 70
    46
  9
$DIMATFIT
 70
     3
  9
$DIMFRAC
 70
     0
  9
$DIMLDRBLK
  1

  9
$DIMLUNIT
 70
     2
  9
$DIMLWD
 70
    -2
  9
$DIMLWE
 70
    -2
  9
$DIMTMOVE
 70
     0
  9
$DIMFXL
 40
1.0
  9
$DIMFXLON
 70
     0
  9
$DIMJOGANG
 40
0.785398
  9
$DIMTFILL
 70
     0
  9
$DIMTFILLCLR
 70
     0
  9
$DIMARCSYM
 70
     0
  9
$DIMLTYPE
  6

  9
$DIMLTEX1
  6

  9
$DIMLTEX2
  6

  9
$DIMTXTDIRECTION
 70
     0
  9
$LUNITS
 70
     2
  9
$LUPREC
 70
     4
  9
$SKETCHINC
 40
1.0
  9
$FILLETRAD
 40
0.0
  9
$AUNITS
 70
     0
  9
$AUPREC
 70
     0
  9
$MENU
  1
.
  9
$ELEVATION
 40
0.0
  9
$PELEVATION
 40
0.0
  9
$THICKNESS
 40
0.0
  9
$LIMCHECK
 70
     0
  9
$CHAMFERA
 40
0.0
  9
$CHAMFERB
 40
0.0
  9
$CHAMFERC
 40
0.0
  9
$CHAMFERD
 40
0.0
  9
$SKPOLY
 70
     0
  9
$TDCREATE
 40
2460956.466168982
  9
$TDUCREATE
 40
2460956.757835648
  9
$TDUPDATE
 40
2460956.466168982
  9
$TDUUPDATE
 40
2460956.757835648
  9
$TDINDWG
 40
0.0000000000
  9
$TDUSRTIMER
 40
0.0000000000
  9
$USRTIMER
 70
     1
  9
$ANGBASE
 50
0.0
  9
$ANGDIR
 70
     0
  9
$PDMODE
 70
     0
  9
$PDSIZE
 40
0.0
  9
$PLINEWID
 40
0.0
  9
$SPLFRAME
 70
     0
  9
$SPLINETYPE
 70
     6
  9
$SPLINESEGS
 70
     8
  9
$HANDSEED
  5
AD3
  9
$SURFTAB1
 70
     6
  9
$SURFTAB2
 70
     6
  9
$SURFTYPE
 70
     6
  9
$SURFU
 70
     6
  9
$SURFV
 70
     6
  9
$UCSBASE
  2

  9
$UCSNAME
  2

  9
$UCSORG
 10
0.0
 20
0.0
 30
0.0
  9
$UCSXDIR
 10
1.0
 20
0.0
 30
0.0
  9
$UCSYDIR
 10
0.0
 20
1.0
 30
0.0
  9
$UCSORTHOREF
  2

  9
$UCSORTHOVIEW
 70
     0
  9
$UCSORGTOP
 10
0.0
 20
0.0
 30
0.0
  9
$UCSORGBOTTOM
 10
0.0
 20
0.0
 30
0.0
  9
$UCSORGLEFT
 10
0.0
 20
0.0
 30
0.0
  9
$UCSORGRIGHT
 10
0.0
 20
0.0
 30
0.0
  9
$UCSORGFRONT
 10
0.0
 20
0.0
 30
0.0
  9
$UCSORGBACK
 10
0.0
 20
0.0
 30
0.0
  9
$PUCSBASE
  2

  9
$PUCSNAME
  2

  9
$PUCSORG
 10
0.0
 20
0.0
 30
0.0
  9
$PUCSXDIR
 10
1.0
 20
0.0
 30
0.0
  9
$PUCSYDIR
 10
0.0
 20
1.0
 30
0.0
  9
$PUCSORTHOREF
  2

  9
$PUCSORTHOVIEW
 70
     0
  9
$PUCSORGTOP
 10
0.0
 20
0.0
 30
0.0
  9
$PUCSORGBOTTOM
 10
0.0
 20
0.0
 30
0.0
  9
$PUCSORGLEFT
 10
0.0
 20
0.0
 30
0.0
  9
$PUCSORGRIGHT
 10
0.0
 20
0.0
 30
0.0
  9
$PUCSORGFRONT
 10
0.0
 20
0.0
 30
0.0
  9
$PUCSORGBACK
 10
0.0
 20
0.0
 30
0.0
  9
$USERI1
 70
     0
  9
$USERI2
 70
     0
  9
$USERI3
 70
     0
  9
$USERI4
 70
     0
  9
$USERI5
 70
     0
  9
$USERR1
 40
0.0
  9
$USERR2
 40
0.0
  9
$USERR3
 40
0.0
  9
$USERR4
 40
0.0
  9
$USERR5
 40
0.0
  9
$WORLDVIEW
 70
     1
  9
$SHADEDGE
 70
     3
  9
$SHADEDIF
 70
    70
  9
$TILEMODE
 70
     1
  9
$MAXACTVP
 70
    64
  9
$PINSBASE
 10
0.0
 20
0.0
 30
0.0
  9
$PLIMCHECK
 70
     0
  9
$PEXTMIN
 10
1.000000E+20
 20
1.000000E+20
 30
1.000000E+20
  9
$PEXTMAX
 10
-1.000000E+20
 20
-1.000000E+20
 30
-1.000000E+20
  9
$PLIMMIN
 10
0.0
 20
0.0
  9
$PLIMMAX
 10
12.0
 20
9.0
  9
$UNITMODE
 70
     0
  9
$VISRETAIN
 70
     1
  9
$PLINEGEN
 70
     0
  9
$PSLTSCALE
 70
     1
  9
$TREEDEPTH
 70
  3020
  9
$CMLSTYLE
  2
Standard
  9
$CMLJUST
 70
     0
  9
$CMLSCALE
 40
20.0
  9
$PROXYGRAPHICS
 70
     1
  9
$MEASUREMENT
 70
     1
  9
$CELWEIGHT
370
    -1
  9
$ENDCAPS
280
     0
  9
$JOINSTYLE
280
     0
  9
$LWDISPLAY
290
     0
  9
$INSUNITS
 70
     4
  9
$HYPERLINKBASE
  1

  9
$STYLESHEET
  1

  9
$XEDIT
290
     1
  9
$CEPSNTYPE
380
     0
  9
$PSTYLEMODE
290
     1
  9
$FINGERPRINTGUID
  2
{D141464F-1E37-5B4C-9371-140FF6328370}
  9
$VERSIONGUID
  2
{6F0938B0-1888-9345-9E12-C22125F3206E}
  9
$EXTNAMES
290
     1
  9
$PSVPSCALE
 40
0.0
  9
$OLESTARTUP
290
     0
  9
$SORTENTS
280
   127
  9
$INDEXCTL
280
     0
  9
$HIDETEXT
280
     1
  9
$XCLIPFRAME
280
     0
  9
$HALOGAP
280
     0
  9
$OBSCOLOR
 70
   257
  9
$OBSLTYPE
280
     0
  9
$INTERSECTIONDISPLAY
280
     0
  9
$INTERSECTIONCOLOR
 70
   257
  9
$DIMASSOC
280
     2
  9
$PROJECTNAME
  1

  9
$CAMERADISPLAY
290
     0
  9
$LENSLENGTH
 40
50.0
  9
$CAMERAHEIGHT
 40
0.0
  9
$STEPSPERSEC
 40
2.0
  9
$STEPSIZE
 40
6.0
  9
$3DDWFPREC
 40
2.0
  9
$PSOLWIDTH
 40
5.0
  9
$PSOLHEIGHT
 40
80.0
  9
$LOFTANG1
 40
1.570796
  9
$LOFTANG2
 40
1.570796
  9
$LOFTMAG1
 40
0.0
  9
$LOFTMAG2
 40
0.0
  9
$LOFTPARAM
 70
     7
  9
$LOFTNORMALS
280
     1
  9
$LATITUDE
 40
37.795
  9
$LONGITUDE
 40
-122.394
  9
$NORTHDIRECTION
 40
0.0
  9
$TIMEZONE
 70
 -8000
  9
$LIGHTGLYPHDISPLAY
280
     1
  9
$TILEMODELIGHTSYNCH
280
     1
  9
$CMATERIAL
347
11
  9
$SOLIDHIST
280
     0
  9
$SHOWHIST
280
     1
  9
$DWFFRAME
280
     2
  9
$DGNFRAME
280
     0
  9
$REALWORLDSCALE
290
     1
  9
$INTERFERECOLOR
 62
     1
  9
$INTERFEREOBJVS
345
33
  9
$INTERFEREVPVS
346
30
  9
$CSHADOW
280
     0
  9
$SHADOWPLANELOCATION
 40
0.0
  0
ENDSEC
  0
SECTION
  2
CLASSES
  0
CLASS
  1
ACDBDICTIONARYWDFLT
  2
AcDbDictionaryWithDefault
  3
ObjectDBX Classes
 90
        0
 91
        1
280
     0
281
     0
  0
CLASS
  1
MATERIAL
  2
AcDbMaterial
  3
ObjectDBX Classes
 90
     1153
 91
        3
280
     0
281
     0
  0
CLASS
  1
VISUALSTYLE
  2
AcDbVisualStyle
  3
ObjectDBX Classes
 90
     4095
 91
       24
280
     0
281
     0
  0
CLASS
  1
SCALE
  2
AcDbScale
  3
ObjectDBX Classes
 90
     1153
 91
       33
280
     0
281
     0
  0
CLASS
  1
TABLESTYLE
  2
AcDbTableStyle
  3
ObjectDBX Classes
 90
     4095
 91
        1
280
     0
281
     0
  0
CLASS
  1
MLEADERSTYLE
  2
AcDbMLeaderStyle
  3
ACDB_MLEADERSTYLE_CLASS
 90
     4095
 91
        1
280
     0
281
     0
  0
CLASS
  1
ACDBSECTIONVIEWSTYLE
  2
AcDbSectionViewStyle
  3
ObjectDBX Classes
 90
     1025
 91
        1
280
     0
281
     0
  0
CLASS
  1
ACDBDETAILVIEWSTYLE
  2
AcDbDetailViewStyle
  3
ObjectDBX Classes
 90
     1025
 91
        1
280
     0
281
     0
  0
CLASS
  1
ACMESCOPE
  2
AcMeScope
  3
AcMeServices
 90
     1024
 91
        1
280
     0
281
     0
  0
CLASS
  1
ACMECOMMANDHISTORY
  2
AcMeCommandHistory
  3
AcMeServices
 90
     1024
 91
        1
280
     0
281
     0
  0
CLASS
  1
ACIMSYSVARMAN
  2
AcImSysVarManager
  3
AcMeServices
 90
     1024
 91
        1
280
     0
281
     0
  0
CLASS
  1
ACIMINTSYSVAR
  2
AcImIntSysVar
  3
AcMeServices
 90
     1024
 91
        1
280
     0
281
     0
  0
CLASS
  1
ACMESTATEMGR
  2
AcMeStateMgr
  3
AcMeServices
 90
     1024
 91
        1
280
     0
281
     0
  0
CLASS
  1
ACGREFMASTER
  2
AcGrefMaster
  3
AcAttribServices
 90
     1024
 91
        1
280
     0
281
     0
  0
CLASS
  1
SORTENTSTABLE
  2
AcDbSortentsTable
  3
ObjectDBX Classes
 90
        0
 91
        1
280
     0
281
     0
  0
CLASS
  1
DICTIONARYVAR
  2
AcDbDictionaryVar
  3
ObjectDBX Classes
 90
        0
 91
        6
280
     0
281
     0
  0
CLASS
  1
CELLSTYLEMAP
  2
AcDbCellStyleMap
  3
ObjectDBX Classes
 90
     1152
 91
        1
280
     0
281
     0
  0
ENDSEC
  0
SECTION
  2
TABLES
  0
TABLE
  2
VPORT
  5
8
330
0
100
AcDbSymbolTable
 70
     1
1001
ACAD
1000
DbSaveVer
1071
      428
  0
VPORT
  5
57
330
8
100
AcDbSymbolTableRecord
100
AcDbViewportTableRecord
  2
*Active
 70
     0
 10
0.0
 20
0.0
 11
1.0
 21
1.0
 12
83.270343
 22
255.552805
 13
0.0
 23
0.0
 14
0.5
 24
0.5
 15
0.0
 25
0.0
 16
0.0
 26
0.0
 36
1.0
 17
0.0
 27
0.0
 37
0.0
 40
45.457583
 41
2.362546
 42
50.0
 43
0.0
 44
0.0
 50
0.0
 51
0.0
 71
     0
 72
 20000
 73
     1
 74
     0
 75
     0
 76
     0
 77
     0
 78
     0
281
     0
 65
     1
110
0.0
120
0.0
130
0.0
111
1.0
121
0.0
131
0.0
112
0.0
122
1.0
132
0.0
 79
     0
146
0.0
348
2F
 60
     3
 61
     5
292
     1
282
     1
141
0.0
142
0.0
 63
   250
421
  3355443
  0
ENDTAB
  0
TABLE
  2
LTYPE
  5
5
330
0
100
AcDbSymbolTable
 70
    14
  0
LTYPE
  5
5B
330
5
100
AcDbSymbolTableRecord
100
AcDbLinetypeTableRecord
  2
ByBlock
 70
     0
  3

 72
    65
 73
     0
 40
0.0
  0
LTYPE
  5
5C
330
5
100
AcDbSymbolTableRecord
100
AcDbLinetypeTableRecord
  2
ByLayer
 70
     0
  3

 72
    65
 73
     0
 40
0.0
  0
LTYPE
  5
5D
330
5
100
AcDbSymbolTableRecord
100
AcDbLinetypeTableRecord
  2
Continuous
 70
     0
  3
Solid line
 72
    65
 73
     0
 40
0.0
  0
LTYPE
  5
80
330
5
100
AcDbSymbolTableRecord
100
AcDbLinetypeTableRecord
  2
HIDDEN
 70
     0
  3
Hidden __ __ __ __ __ __ __ __ __ __ __ __ __ _
 72
    65
 73
     2
 40
9.525
 49
6.35
 74
     0
 49
-3.175
 74
     0
  0
LTYPE
  5
81
330
5
100
AcDbSymbolTableRecord
100
AcDbLinetypeTableRecord
  2
PHANTOM2
 70
     0
  3
Phantom (.5x) ___ _ _ ___ _ _ ___ _ _ ___ _ _
 72
    65
 73
     6
 40
31.75
 49
15.875
 74
     0
 49
-3.175
 74
     0
 49
3.175
 74
     0
 49
-3.175
 74
     0
 49
3.175
 74
     0
 49
-3.175
 74
     0
  0
LTYPE
  5
82
330
5
100
AcDbSymbolTableRecord
100
AcDbLinetypeTableRecord
  2
CENTER
 70
     0
  3
Center ____ _ ____ _ ____ _ ____ _ ____ _ ____
 72
    65
 73
     4
 40
50.8
 49
31.75
 74
     0
 49
-6.35
 74
     0
 49
6.35
 74
     0
 49
-6.35
 74
     0
  0
LTYPE
  5
90
330
5
100
AcDbSymbolTableRecord
100
AcDbLinetypeTableRecord
  2
AM_ISO02W050
 70
     0
  3
__ __ __ __ __ __ __ __ __ __ __ __ __ __ __
 72
    65
 73
     2
 40
7.5
 49
6.0
 74
     0
 49
-1.5
 74
     0
  0
LTYPE
  5
91
330
5
100
AcDbSymbolTableRecord
100
AcDbLinetypeTableRecord
  2
AM_ISO08W050
 70
     0
  3
____ . ____ . ____ . ____ . ____ . ____ . ____
 72
    65
 73
     4
 40
18.0
 49
12.0
 74
     0
 49
-1.5
 74
     0
 49
3.0
 74
     0
 49
-1.5
 74
     0
  0
LTYPE
  5
92
330
5
100
AcDbSymbolTableRecord
100
AcDbLinetypeTableRecord
  2
AM_ISO09W050
 70
     0
  3
_____ . . _____ . . _____ . . ____ .. ____
 72
    65
 73
     6
 40
22.5
 49
12.0
 74
     0
 49
-1.5
 74
     0
 49
3.0
 74
     0
 49
-1.5
 74
     0
 49
3.0
 74
     0
 49
-1.5
 74
     0
  0
LTYPE
  5
93
330
5
100
AcDbSymbolTableRecord
100
AcDbLinetypeTableRecord
  2
Amconstr
 70
     0
  3
_______________________
 72
    65
 73
     2
 40
9999.0
 49
9999.0
 74
     0
 49
0.0
 74
     0
  0
LTYPE
  5
94
330
5
100
AcDbSymbolTableRecord
100
AcDbLinetypeTableRecord
  2
AM_ISO08W050x2
 70
     0
  3
__ . __ . __ . __ . __ . __
 72
    65
 73
     4
 40
9.0
 49
6.0
 74
     0
 49
-0.75
 74
     0
 49
1.5
 74
     0
 49
-0.75
 74
     0
  0
LTYPE
  5
95
330
5
100
AcDbSymbolTableRecord
100
AcDbLinetypeTableRecord
  2
AM_ISO02W050x2
 70
     0
  3
 _ _ _ _ _ _ _ _ _ _ _ _
 72
    65
 73
     2
 40
3.75
 49
3.0
 74
     0
 49
-0.75
 74
     0
  0
LTYPE
  5
96
330
5
100
AcDbSymbolTableRecord
100
AcDbLinetypeTableRecord
  2
Amzigzag
 70
     0
  3
/\/-/\/-/\/-/\/-/\/-/\/
 72
    65
 73
     2
 40
11.0001
 49
0.0001
 74
     4
 75
   136
340
8D
 46
0.04
 50
0.0
 44
0.0
 45
0.0
 49
-11.0
 74
     0
  0
LTYPE
  5
97
330
5
100
AcDbSymbolTableRecord
100
AcDbLinetypeTableRecord
  2
ACISOWELD
 70
     0
  3
_ _ _ _ _
 72
    65
 73
     2
 40
2.0
 49
2.0
 74
     0
 49
-1.0
 74
     0
  0
LTYPE
  5
98
330
5
100
AcDbSymbolTableRecord
100
AcDbLinetypeTableRecord
  2
ACISOTGL
 70
     0
  3
_ _ _ _ _
 72
    65
 73
     2
 40
3.0
 49
2.0
 74
     0
 49
-1.0
 74
     0
  0
LTYPE
  5
99
330
5
100
AcDbSymbolTableRecord
100
AcDbLinetypeTableRecord
  2
ACISOTGB
 70
     0
  3
__ . . __ . .
 72
    65
 73
     6
 40
9.0
 49
4.0
 74
     0
 49
-1.0
 74
     0
 49
1.0
 74
     0
 49
-1.0
 74
     0
 49
1.0
 74
     0
 49
-1.0
 74
     0
  0
ENDTAB
  0
TABLE
  2
LAYER
  5
2
330
0
100
AcDbSymbolTable
 70
     3
  0
LAYER
  5
54
330
2
100
AcDbSymbolTableRecord
100
AcDbLayerTableRecord
  2
0
 70
     0
 62
     7
  6
Continuous
370
    -3
390
F
347
21
348
0
1001
AcAecLayerStandard
1000

1000

  0
LAYER
  5
B5
330
2
100
AcDbSymbolTableRecord
100
AcDbLayerTableRecord
  2
Visible
 70
     0
 62
     7
  6
Continuous
370
    50
390
F
347
21
348
0
  0
ENDTAB
  0
TABLE
  2
STYLE
  5
3
330
0
100
AcDbSymbolTable
 70
     4
  0
STYLE
  5
55
330
3
100
AcDbSymbolTableRecord
100
AcDbTextStyleTableRecord
  2
Standard
 70
     0
 40
0.0
 41
1.0
 50
0.0
 71
     0
 42
3.5
  3
arial.ttf
  4

1001
ACAD
1000
Arial
1071
       34
  0
STYLE
  5
5A
330
3
100
AcDbSymbolTableRecord
100
AcDbTextStyleTableRecord
  2
Annotative
 70
     0
 40
0.0
 41
1.0
 50
0.0
 71
     0
 42
0.2
  3
txt
  4

1001
AcadAnnotative
1000
AnnotativeData
1002
{
1070
     1
1070
     1
1002
}
  0
STYLE
  5
8D
330
3
100
AcDbSymbolTableRecord
100
AcDbTextStyleTableRecord
  2

 70
     1
 40
0.0
 41
1.0
 50
0.0
 71
     0
 42
10.0
  3
genltshp.shx
  4

  0
STYLE
  5
8E
330
3
100
AcDbSymbolTableRecord
100
AcDbTextStyleTableRecord
  2
ACISOGDT
 70
     0
 40
0.0
 41
1.0
 50
0.0
 71
     0
 42
10.0
  3
amgdt.shx
  4

  0
ENDTAB
  0
TABLE
  2
VIEW
  5
6
330
0
100
AcDbSymbolTable
 70
     0
  0
ENDTAB
  0
TABLE
  2
UCS
  5
7
330
0
100
AcDbSymbolTable
 70
     0
  0
ENDTAB
  0
TABLE
  2
APPID
  5
9
330
0
100
AcDbSymbolTable
 70
    16
  0
APPID
  5
56
330
9
100
AcDbSymbolTableRecord
100
AcDbRegAppTableRecord
  2
ACAD
 70
     0
  0
APPID
  5
5E
330
9
100
AcDbSymbolTableRecord
100
AcDbRegAppTableRecord
  2
AcadAnnotative
 70
     0
  0
APPID
  5
78
330
9
100
AcDbSymbolTableRecord
100
AcDbRegAppTableRecord
  2
ACAD_PSEXT
 70
     0
  0
APPID
  5
79
330
9
100
AcDbSymbolTableRecord
100
AcDbRegAppTableRecord
  2
MCAD_NO_VIS
 70
     0
  0
APPID
  5
7A
330
9
100
AcDbSymbolTableRecord
100
AcDbRegAppTableRecord
  2
ACAD_TEMP_GRAPHIC
 70
     0
  0
APPID
  5
83
330
9
100
AcDbSymbolTableRecord
100
AcDbRegAppTableRecord
  2
ACAD_DSTYLE_DIMJAG
 70
     0
  0
APPID
  5
84
330
9
100
AcDbSymbolTableRecord
100
AcDbRegAppTableRecord
  2
ACAD_DSTYLE_DIMTALN
 70
     0
  0
APPID
  5
85
330
9
100
AcDbSymbolTableRecord
100
AcDbRegAppTableRecord
  2
ACAD_NAV_VCDISPLAY
 70
     0
  0
APPID
  5
86
330
9
100
AcDbSymbolTableRecord
100
AcDbRegAppTableRecord
  2
ACAD_DSTYLE_DIMBREAK
 70
     0
  0
APPID
  5
87
330
9
100
AcDbSymbolTableRecord
100
AcDbRegAppTableRecord
  2
FUSIONCURRENTTITLEBLOCK
 70
     0
  0
APPID
  5
88
330
9
100
AcDbSymbolTableRecord
100
AcDbRegAppTableRecord
  2
AcSynergy
 70
     0
  0
APPID
  5
89
330
9
100
AcDbSymbolTableRecord
100
AcDbRegAppTableRecord
  2
GENIUS_GENSCREG_15
 70
     0
  0
APPID
  5
8A
330
9
100
AcDbSymbolTableRecord
100
AcDbRegAppTableRecord
  2
GENIUS_GENOBJ-N-SDF_13
 70
     0
  0
APPID
  5
8B
330
9
100
AcDbSymbolTableRecord
100
AcDbRegAppTableRecord
  2
GENIUS_GENODEF_13
 70
     0
  0
APPID
  5
8C
330
9
100
AcDbSymbolTableRecord
100
AcDbRegAppTableRecord
  2
ACATTRIBSERVICES
 70
     0
  0
APPID
  5
AC4
330
9
100
AcDbSymbolTableRecord
100
AcDbRegAppTableRecord
  2
AcAecLayerStandard
 70
     0
  0
ENDTAB
  0
TABLE
  2
DIMSTYLE
  5
A
330
0
100
AcDbSymbolTable
 70
     4
100
AcDbDimStyleTable
 71
     1
340
9D
  0
DIMSTYLE
105
58
330
A
100
AcDbSymbolTableRecord
100
AcDbDimStyleTableRecord
  2
Standard
 70
     0
 41
3.5
 42
2.1
 43
10.5
 44
2.1
 78
    12
 79
     3
140
3.5
143
0.03937
146
0.714286
147
1.4
179
     2
271
     2
272
     2
284
    12
340
55
  0
DIMSTYLE
105
59
330
A
100
AcDbSymbolTableRecord
100
AcDbDimStyleTableRecord
  2
Annotative
 70
     0
 40
0.0
 41
3.5
 42
2.1
 43
10.5
 44
2.1
 73
     0
 74
     0
 77
     1
 78
    12
 79
     3
140
3.5
141
2.5
143
0.03937
146
0.714286
147
1.4
171
     3
172
     1
179
     2
271
     2
272
     2
274
     3
278
    44
283
     0
284
    12
340
55
1001
AcadAnnotative
1000
AnnotativeData
1002
{
1070
     1
1070
     1
1002
}
  0
DIMSTYLE
105
9C
330
A
100
AcDbSymbolTableRecord
100
AcDbDimStyleTableRecord
  2
ISO-25
 70
     0
  4
in
 41
3.5
 42
2.1
 43
10.5
 44
2.1
 47
0.1
 48
0.1
 73
     0
 74
     0
 77
     1
 78
    12
 79
     3
140
3.5
141
0.0
143
0.03937
146
0.714286
147
1.4
171
     4
172
     1
176
   256
177
   256
178
   256
179
     2
271
     2
272
     2
274
     4
283
     0
284
    12
285
     8
340
55
1001
ACAD_DSTYLE_DIMJAG
1070
   388
1040
1.5
1001
ACAD_DSTYLE_DIMTALN
1070
   392
1070
     1
1001
ACAD_DSTYLE_DIMBREAK
1070
   391
1040
3.5
  0
DIMSTYLE
105
9D
330
A
100
AcDbSymbolTableRecord
100
AcDbDimStyleTableRecord
  2
Dim-ISO-25
 70
     0
 41
3.5
 42
2.1
 43
10.5
 44
2.1
 47
0.1
 48
0.1
 73
     0
 74
     0
 77
     1
 78
    12
 79
     3
140
3.5
141
0.0
143
0.03937
146
0.714286
147
1.4
172
     1
179
     2
271
     2
272
     2
274
     4
283
     0
284
    12
285
    12
286
    12
340
55
1001
ACAD_DSTYLE_DIMJAG
1070
   388
1040
1.5
1001
ACAD_DSTYLE_DIMTALN
1070
   392
1070
     1
1001
ACAD_DSTYLE_DIMBREAK
1070
   391
1040
3.5
  0
ENDTAB
  0
TABLE
  2
BLOCK_RECORD
  5
1
330
0
100
AcDbSymbolTable
 70
     2
  0
BLOCK_RECORD
  5
70
102
{ACAD_XDICTIONARY
360
AE
102
}
330
1
100
AcDbSymbolTableRecord
100
AcDbBlockTableRecord
  2
*Model_Space
340
73
 70
     0
280
     1
281
     0
  0
BLOCK_RECORD
  5
6C
330
1
100
AcDbSymbolTableRecord
100
AcDbBlockTableRecord
  2
*Paper_Space
340
6F
 70
     0
280
     1
281
     0
  0
BLOCK_RECORD
  5
74
330
1
100
AcDbSymbolTableRecord
100
AcDbBlockTableRecord
  2
*Paper_Space0
340
77
 70
     0
280
     1
281
     0
  0
ENDTAB
  0
ENDSEC
  0
SECTION
  2
BLOCKS
  0
BLOCK
  5
71
330
70
100
AcDbEntity
  8
0
100
AcDbBlockBegin
  2
*Model_Space
 70
     0
 10
0.0
 20
0.0
 30
0.0
  3
*Model_Space
  1

  0
ENDBLK
  5
72
330
70
100
AcDbEntity
  8
0
100
AcDbBlockEnd
  0
BLOCK
  5
6D
330
6C
100
AcDbEntity
 67
     1
  8
0
100
AcDbBlockBegin
  2
*Paper_Space
 70
     0
 10
0.0
 20
0.0
 30
0.0
  3
*Paper_Space
  1

  0
ENDBLK
  5
6E
330
6C
100
AcDbEntity
 67
     1
  8
0
100
AcDbBlockEnd
  0
BLOCK
  5
75
330
74
100
AcDbEntity
 67
     1
  8
0
100
AcDbBlockBegin
  2
*Paper_Space0
 70
     0
 10
0.0
 20
0.0
 30
0.0
  3
*Paper_Space0
  1

  0
ENDBLK
  5
76
330
74
100
AcDbEntity
 67
     1
  8
0
100
AcDbBlockEnd
  0
ENDSEC
  0
SECTION
  2
ENTITIES
  0
LINE
  5
5BD
330
70
100
AcDbEntity
  8
Visible
100
AcDbLine
 10
74.74204
 20
257.165641
 30
0.0
 11
79.79204
 21
257.165641
 31
0.0
  0
LINE
  5
5BE
330
70
100
AcDbEntity
  8
Visible
100
AcDbLine
 10
79.79204
 20
257.165641
 30
0.0
 11
79.79204
 21
251.965641
 31
0.0
  0
LINE
  5
5BF
330
70
100
AcDbEntity
  8
Visible
100
AcDbLine
 10
79.79204
 20
251.965641
 30
0.0
 11
74.74204
 21
251.965641
 31
0.0
  0
LINE
  5
5C0
330
70
100
AcDbEntity
  8
Visible
100
AcDbLine
 10
74.74204
 20
251.965641
 30
0.0
 11
74.74204
 21
257.165641
 31
0.0
  0
ARC
  5
5C1
330
70
100
AcDbEntity
  8
Visible
100
AcDbCircle
 10
81.758132
 20
253.769091
 30
0.0
 40
0.25
100
AcDbArc
 50
170.454222
 51
257.27302
  0
LINE
  5
5C2
330
70
100
AcDbEntity
  8
Visible
100
AcDbLine
 10
81.782051
 20
253.507392
 30
0.0
 11
81.703056
 21
253.525233
 31
0.0
  0
ARC
  5
5C3
330
70
100
AcDbEntity
  8
Visible
100
AcDbCircle
 10
81.337928
 20
252.475835
 30
0.0
 40
0.2499999999999999
100
AcDbArc
 50
66.72698
 51
153.545778
  0
LINE
  5
5C4
330
70
100
AcDbEntity
  8
Visible
100
AcDbLine
 10
81.436706
 20
252.705493
 30
0.0
 11
81.511102
 21
252.673495
 31
0.0
  0
ARC
  5
5C5
330
70
100
AcDbEntity
  8
Visible
100
AcDbCircle
 10
81.29793
 20
252.397335
 30
0.0
 40
0.25
100
AcDbArc
 50
152.454222
 51
239.27302
  0
LINE
  5
5C6
330
70
100
AcDbEntity
  8
Visible
100
AcDbLine
 10
81.239809
 20
252.141053
 30
0.0
 11
81.170193
 21
252.182432
 31
0.0
  0
ARC
  5
5C7
330
70
100
AcDbEntity
  8
Visible
100
AcDbCircle
 10
80.498654
 20
251.297225
 30
0.0
 40
0.2499999999999999
100
AcDbArc
 50
48.72698
 51
135.545778
  0
LINE
  5
5C8
330
70
100
AcDbEntity
  8
Visible
100
AcDbLine
 10
80.663566
 20
251.485119
 30
0.0
 11
80.724432
 21
251.431698
 31
0.0
  0
ARC
  5
5C9
330
70
100
AcDbEntity
  8
Visible
100
AcDbCircle
 10
80.436356
 20
251.234927
 30
0.0
 40
0.25
100
AcDbArc
 50
134.454222
 51
221.27302
  0
LINE
  5
5CA
330
70
100
AcDbEntity
  8
Visible
100
AcDbLine
 10
80.301883
 20
251.009149
 30
0.0
 11
80.248462
 21
251.070015
 31
0.0
  0
ARC
  5
5CB
330
70
100
AcDbEntity
  8
Visible
100
AcDbCircle
 10
79.336247
 20
250.435651
 30
0.0
 40
0.25
100
AcDbArc
 50
30.72698
 51
117.545778
  0
LINE
  5
5CC
330
70
100
AcDbEntity
  8
Visible
100
AcDbLine
 10
79.55115
 20
250.563388
 30
0.0
 11
79.592529
 21
250.493773
 31
0.0
  0
ARC
  5
5CD
330
70
100
AcDbEntity
  8
Visible
100
AcDbCircle
 10
79.257746
 20
250.395653
 30
0.0
 40
0.2499999999999999
100
AcDbArc
 50
116.454222
 51
203.27302
  0
LINE
  5
5CE
330
70
100
AcDbEntity
  8
Visible
100
AcDbLine
 10
79.060086
 20
250.22248
 30
0.0
 11
79.028088
 21
250.296875
 31
0.0
  0
ARC
  5
5CF
330
70
100
AcDbEntity
  8
Visible
100
AcDbCircle
 10
77.96449
 20
249.975449
 30
0.0
 40
0.2499999999999999
100
AcDbArc
 50
12.72698
 51
99.545778
  0
LINE
  5
5D0
330
70
100
AcDbEntity
  8
Visible
100
AcDbLine
 10
78.208348
 20
250.030525
 30
0.0
 11
78.226189
 21
249.95153
 31
0.0
  0
ARC
  5
5D1
330
70
100
AcDbEntity
  8
Visible
100
AcDbCircle
 10
77.877472
 20
249.961667
 30
0.0
 40
0.2499999999999999
100
AcDbArc
 50
98.454222
 51
185.27302
  0
LINE
  5
5D2
330
70
100
AcDbEntity
  8
Visible
100
AcDbLine
 10
77.635973
 20
249.858049
 30
0.0
 11
77.62853
 21
249.938691
 31
0.0
  0
ARC
  5
5D3
330
70
100
AcDbEntity
  8
Visible
100
AcDbCircle
 10
76.517662
 20
249.961667
 30
0.0
 40
0.25
100
AcDbArc
 50
354.72698
 51
81.545778
  0
LINE
  5
5D4
330
70
100
AcDbEntity
  8
Visible
100
AcDbLine
 10
76.766604
 20
249.938691
 30
0.0
 11
76.759162
 21
249.858049
 31
0.0
  0
ARC
  5
5D5
330
70
100
AcDbEntity
  8
Visible
100
AcDbCircle
 10
76.430644
 20
249.975449
 30
0.0
 40
0.2499999999999999
100
AcDbArc
 50
80.454222
 51
167.27302
  0
LINE
  5
5D6
330
70
100
AcDbEntity
  8
Visible
100
AcDbLine
 10
76.168945
 20
249.95153
 30
0.0
 11
76.186786
 21
250.030525
 31
0.0
  0
ARC
  5
5D7
330
70
100
AcDbEntity
  8
Visible
100
AcDbCircle
 10
75.137388
 20
250.395653
 30
0.0
 40
0.2499999999999999
100
AcDbArc
 50
336.72698
 51
63.545778
  0
LINE
  5
5D8
330
70
100
AcDbEntity
  8
Visible
100
AcDbLine
 10
75.367046
 20
250.296875
 30
0.0
 11
75.335048
 21
250.22248
 31
0.0
  0
ARC
  5
5D9
330
70
100
AcDbEntity
  8
Visible
100
AcDbCircle
 10
75.058888
 20
250.435651
 30
0.0
 40
0.2499999999999999
100
AcDbArc
 50
62.454222
 51
149.27302
  0
LINE
  5
5DA
330
70
100
AcDbEntity
  8
Visible
100
AcDbLine
 10
74.802606
 20
250.493773
 30
0.0
 11
74.843985
 21
250.563388
 31
0.0
  0
ARC
  5
5DB
330
70
100
AcDbEntity
  8
Visible
100
AcDbCircle
 10
73.958779
 20
251.234927
 30
0.0
 40
0.2499999999999999
100
AcDbArc
 50
318.72698
 51
45.545778
  0
LINE
  5
5DC
330
70
100
AcDbEntity
  8
Visible
100
AcDbLine
 10
74.146672
 20
251.070015
 30
0.0
 11
74.093251
 21
251.009149
 31
0.0
  0
ARC
  5
5DD
330
70
100
AcDbEntity
  8
Visible
100
AcDbCircle
 10
73.89648
 20
251.297225
 30
0.0
 40
0.25
100
AcDbArc
 50
44.454222
 51
131.27302
  0
LINE
  5
5DE
330
70
100
AcDbEntity
  8
Visible
100
AcDbLine
 10
73.670702
 20
251.431698
 30
0.0
 11
73.731568
 21
251.485119
 31
0.0
  0
ARC
  5
5DF
330
70
100
AcDbEntity
  8
Visible
100
AcDbCircle
 10
73.097204
 20
252.397335
 30
0.0
 40
0.25
100
AcDbArc
 50
300.72698
 51
27.545778
  0
LINE
  5
5E0
330
70
100
AcDbEntity
  8
Visible
100
AcDbLine
 10
73.224941
 20
252.182432
 30
0.0
 11
73.155326
 21
252.141053
 31
0.0
  0
ARC
  5
5E1
330
70
100
AcDbEntity
  8
Visible
100
AcDbCircle
 10
73.057206
 20
252.475835
 30
0.0
 40
0.2499999999999999
100
AcDbArc
 50
26.454222
 51
113.27302
  0
LINE
  5
5E2
330
70
100
AcDbEntity
  8
Visible
100
AcDbLine
 10
72.884033
 20
252.673495
 30
0.0
 11
72.958428
 21
252.705493
 31
0.0
  0
ARC
  5
5E3
330
70
100
AcDbEntity
  8
Visible
100
AcDbCircle
 10
72.637002
 20
253.769091
 30
0.0
 40
0.25
100
AcDbArc
 50
282.72698
 51
9.545778
  0
LINE
  5
5E4
330
70
100
AcDbEntity
  8
Visible
100
AcDbLine
 10
72.692078
 20
253.525233
 30
0.0
 11
72.613083
 21
253.507392
 31
0.0
  0
ARC
  5
5E5
330
70
100
AcDbEntity
  8
Visible
100
AcDbCircle
 10
72.62322
 20
253.856109
 30
0.0
 40
0.25
100
AcDbArc
 50
8.454222
 51
95.27302
  0
LINE
  5
5E6
330
70
100
AcDbEntity
  8
Visible
100
AcDbLine
 10
72.519602
 20
254.097609
 30
0.0
 11
72.600244
 21
254.105051
 31
0.0
  0
ARC
  5
5E7
330
70
100
AcDbEntity
  8
Visible
100
AcDbCircle
 10
72.62322
 20
255.215919
 30
0.0
 40
0.25
100
AcDbArc
 50
264.72698
 51
351.545778
  0
LINE
  5
5E8
330
70
100
AcDbEntity
  8
Visible
100
AcDbLine
 10
72.600244
 20
254.966977
 30
0.0
 11
72.519602
 21
254.974419
 31
0.0
  0
ARC
  5
5E9
330
70
100
AcDbEntity
  8
Visible
100
AcDbCircle
 10
72.637002
 20
255.302937
 30
0.0
 40
0.2499999999999999
100
AcDbArc
 50
350.454222
 51
77.27302
  0
LINE
  5
5EA
330
70
100
AcDbEntity
  8
Visible
100
AcDbLine
 10
72.613083
 20
255.564636
 30
0.0
 11
72.692078
 21
255.546795
 31
0.0
  0
ARC
  5
5EB
330
70
100
AcDbEntity
  8
Visible
100
AcDbCircle
 10
73.057206
 20
256.596193
 30
0.0
 40
0.2499999999999999
100
AcDbArc
 50
246.72698
 51
333.545778
  0
LINE
  5
5EC
330
70
100
AcDbEntity
  8
Visible
100
AcDbLine
 10
72.958428
 20
256.366535
 30
0.0
 11
72.884033
 21
256.398533
 31
0.0
  0
ARC
  5
5ED
330
70
100
AcDbEntity
  8
Visible
100
AcDbCircle
 10
73.097204
 20
256.674693
 30
0.0
 40
0.2499999999999999
100
AcDbArc
 50
332.454222
 51
59.27302
  0
LINE
  5
5EE
330
70
100
AcDbEntity
  8
Visible
100
AcDbLine
 10
73.155326
 20
256.930975
 30
0.0
 11
73.224941
 21
256.889596
 31
0.0
  0
ARC
  5
5EF
330
70
100
AcDbEntity
  8
Visible
100
AcDbCircle
 10
73.89648
 20
257.774803
 30
0.0
 40
0.25
100
AcDbArc
 50
228.72698
 51
315.545778
  0
LINE
  5
5F0
330
70
100
AcDbEntity
  8
Visible
100
AcDbLine
 10
73.731568
 20
257.586909
 30
0.0
 11
73.670702
 21
257.64033
 31
0.0
  0
ARC
  5
5F1
330
70
100
AcDbEntity
  8
Visible
100
AcDbCircle
 10
73.958779
 20
257.837101
 30
0.0
 40
0.2499999999999999
100
AcDbArc
 50
314.454222
 51
41.27302
  0
LINE
  5
5F2
330
70
100
AcDbEntity
  8
Visible
100
AcDbLine
 10
74.093251
 20
258.062879
 30
0.0
 11
74.146672
 21
258.002013
 31
0.0
  0
ARC
  5
5F3
330
70
100
AcDbEntity
  8
Visible
100
AcDbCircle
 10
75.058888
 20
258.636377
 30
0.0
 40
0.2499999999999999
100
AcDbArc
 50
210.72698
 51
297.545778
  0
LINE
  5
5F4
330
70
100
AcDbEntity
  8
Visible
100
AcDbLine
 10
74.843985
 20
258.50864
 30
0.0
 11
74.802606
 21
258.578255
 31
0.0
  0
ARC
  5
5F5
330
70
100
AcDbEntity
  8
Visible
100
AcDbCircle
 10
75.137388
 20
258.676375
 30
0.0
 40
0.2499999999999999
100
AcDbArc
 50
296.454222
 51
23.27302
  0
LINE
  5
5F6
330
70
100
AcDbEntity
  8
Visible
100
AcDbLine
 10
75.335048
 20
258.849548
 30
0.0
 11
75.367046
 21
258.775153
 31
0.0
  0
ARC
  5
5F7
330
70
100
AcDbEntity
  8
Visible
100
AcDbCircle
 10
76.430644
 20
259.096579
 30
0.0
 40
0.25
100
AcDbArc
 50
192.72698
 51
279.545778
  0
LINE
  5
5F8
330
70
100
AcDbEntity
  8
Visible
100
AcDbLine
 10
76.186786
 20
259.041503
 30
0.0
 11
76.168945
 21
259.120498
 31
0.0
  0
ARC
  5
5F9
330
70
100
AcDbEntity
  8
Visible
100
AcDbCircle
 10
76.517662
 20
259.110361
 30
0.0
 40
0.2499999999999999
100
AcDbArc
 50
278.454222
 51
5.27302
  0
LINE
  5
5FA
330
70
100
AcDbEntity
  8
Visible
100
AcDbLine
 10
76.759162
 20
259.213979
 30
0.0
 11
76.766604
 21
259.133337
 31
0.0
  0
ARC
  5
5FB
330
70
100
AcDbEntity
  8
Visible
100
AcDbCircle
 10
77.877472
 20
259.110361
 30
0.0
 40
0.25
100
AcDbArc
 50
174.72698
 51
261.545778
  0
LINE
  5
5FC
330
70
100
AcDbEntity
  8
Visible
100
AcDbLine
 10
77.62853
 20
259.133337
 30
0.0
 11
77.635973
 21
259.213979
 31
0.0
  0
ARC
  5
5FD
330
70
100
AcDbEntity
  8
Visible
100
AcDbCircle
 10
77.96449
 20
259.096579
 30
0.0
 40
0.25
100
AcDbArc
 50
260.454222
 51
347.27302
  0
LINE
  5
5FE
330
70
100
AcDbEntity
  8
Visible
100
AcDbLine
 10
78.226189
 20
259.120498
 30
0.0
 11
78.208348
 21
259.041503
 31
0.0
  0
ARC
  5
5FF
330
70
100
AcDbEntity
  8
Visible
100
AcDbCircle
 10
79.257746
 20
258.676375
 30
0.0
 40
0.25
100
AcDbArc
 50
156.72698
 51
243.545778
  0
LINE
  5
600
330
70
100
AcDbEntity
  8
Visible
100
AcDbLine
 10
79.028088
 20
258.775153
 30
0.0
 11
79.060086
 21
258.849548
 31
0.0
  0
ARC
  5
601
330
70
100
AcDbEntity
  8
Visible
100
AcDbCircle
 10
79.336247
 20
258.636377
 30
0.0
 40
0.2499999999999999
100
AcDbArc
 50
242.454222
 51
329.27302
  0
LINE
  5
602
330
70
100
AcDbEntity
  8
Visible
100
AcDbLine
 10
79.592529
 20
258.578255
 30
0.0
 11
79.55115
 21
258.50864
 31
0.0
  0
ARC
  5
603
330
70
100
AcDbEntity
  8
Visible
100
AcDbCircle
 10
80.436356
 20
257.837101
 30
0.0
 40
0.25
100
AcDbArc
 50
138.72698
 51
225.545778
  0
LINE
  5
604
330
70
100
AcDbEntity
  8
Visible
100
AcDbLine
 10
80.248462
 20
258.002013
 30
0.0
 11
80.301883
 21
258.062879
 31
0.0
  0
ARC
  5
605
330
70
100
AcDbEntity
  8
Visible
100
AcDbCircle
 10
80.498654
 20
257.774803
 30
0.0
 40
0.25
100
AcDbArc
 50
224.454222
 51
311.27302
  0
LINE
  5
606
330
70
100
AcDbEntity
  8
Visible
100
AcDbLine
 10
80.724432
 20
257.64033
 30
0.0
 11
80.663566
 21
257.586909
 31
0.0
  0
ARC
  5
607
330
70
100
AcDbEntity
  8
Visible
100
AcDbCircle
 10
81.29793
 20
256.674693
 30
0.0
 40
0.25
100
AcDbArc
 50
120.72698
 51
207.545778
  0
LINE
  5
608
330
70
100
AcDbEntity
  8
Visible
100
AcDbLine
 10
81.170193
 20
256.889596
 30
0.0
 11
81.239809
 21
256.930975
 31
0.0
  0
ARC
  5
609
330
70
100
AcDbEntity
  8
Visible
100
AcDbCircle
 10
81.337928
 20
256.596193
 30
0.0
 40
0.2499999999999999
100
AcDbArc
 50
206.454222
 51
293.27302
  0
LINE
  5
60A
330
70
100
AcDbEntity
  8
Visible
100
AcDbLine
 10
81.511102
 20
256.398533
 30
0.0
 11
81.436706
 21
256.366535
 31
0.0
  0
ARC
  5
60B
330
70
100
AcDbEntity
  8
Visible
100
AcDbCircle
 10
81.758132
 20
255.302937
 30
0.0
 40
0.2499999999999999
100
AcDbArc
 50
102.72698
 51
189.545778
  0
LINE
  5
60C
330
70
100
AcDbEntity
  8
Visible
100
AcDbLine
 10
81.703056
 20
255.546795
 30
0.0
 11
81.782051
 21
255.564636
 31
0.0
  0
SPLINE
  5
60D
330
70
100
AcDbEntity
  8
Visible
100
AcDbSpline
210
0.0
220
0.0
230
1.0
 70
    12
 71
     5
 72
    81
 73
    75
 74
     0
 42
0.000000001
 43
0.0000000001
 40
-1.0
 40
-1.0
 40
-1.0
 40
-1.0
 40
-1.0
 40
-1.0
 40
-0.9857142857142841
 40
-0.9714285714285699
 40
-0.9571428571428556
 40
-0.9428571428571414
 40
-0.9285714285714272
 40
-0.9142857142857129
 40
-0.8999999999999987
 40
-0.8857142857142845
 40
-0.8714285714285702
 40
-0.857142857142856
 40
-0.8428571428571418
 40
-0.8285714285714275
 40
-0.8142857142857133
 40
-0.7999999999999991
 40
-0.7857142857142848
 40
-0.7714285714285706
 40
-0.7571428571428564
 40
-0.7428571428571421
 40
-0.7285714285714279
 40
-0.7142857142857137
 40
-0.6999999999999994
 40
-0.6857142857142852
 40
-0.6714285714285709
 40
-0.6571428571428567
 40
-0.6428571428571425
 40
-0.6285714285714282
 40
-0.614285714285714
 40
-0.5999999999999998
 40
-0.5857142857142855
 40
-0.5714285714285713
 40
-0.5571428571428571
 40
-0.5428571428571428
 40
-0.5285714285714286
 40
-0.5142857142857144
 40
-0.5000000000000001
 40
-0.4857142857142859
 40
-0.4714285714285716
 40
-0.4571428571428572
 40
-0.442857142857143
 40
-0.4285714285714287
 40
-0.4142857142857145
 40
-0.4000000000000001
 40
-0.3857142857142858
 40
-0.3714285714285715
 40
-0.3571428571428572
 40
-0.3428571428571429
 40
-0.3285714285714286
 40
-0.3142857142857143
 40
-0.3
 40
-0.2857142857142858
 40
-0.2714285714285714
 40
-0.2571428571428572
 40
-0.2428571428571429
 40
-0.2285714285714286
 40
-0.2142857142857143
 40
-0.2
 40
-0.1857142857142857
 40
-0.1714285714285715
 40
-0.1571428571428572
 40
-0.1428571428571429
 40
-0.1285714285714286
 40
-0.1142857142857143
 40
-0.1
 40
-0.0857142857142858
 40
-0.0714285714285714
 40
-0.0571428571428571
 40
-0.0428571428571429
 40
-0.0285714285714286
 40
-0.0142857142857143
 40
0.0
 40
0.0
 40
0.0
 40
0.0
 40
0.0
 40
0.0
 10
82.47944250712407
 20
253.0024583511186
 30
0.0
 41
1.0
 10
82.47766241822864
 20
253.0044018583467
 30
0.0
 41
1.0
 10
82.47409920469726
 20
253.0082831498084
 30
0.0
 41
1.0
 10
82.46874527718047
 20
253.0140879180244
 30
0.0
 41
1.0
 10
82.46158848666073
 20
253.0217932596179
 30
0.0
 41
1.0
 10
82.45261209987985
 20
253.0313675988191
 30
0.0
 41
1.0
 10
82.44360528161815
 20
253.0408844480817
 30
0.0
 41
1.0
 10
82.4345680120632
 20
253.0503435890123
 30
0.0
 41
1.0
 10
82.42550029864379
 20
253.0597447347882
 30
0.0
 41
1.0
 10
82.41640219229067
 20
253.0690875268074
 30
0.0
 41
1.0
 10
82.40727377594339
 20
253.0783715522584
 30
0.0
 41
1.0
 10
82.39811515115434
 20
253.0875963633361
 30
0.0
 41
1.0
 10
82.38892642536757
 20
253.096761496733
 30
0.0
 41
1.0
 10
82.37970769973435
 20
253.105866492263
 30
0.0
 41
1.0
 10
82.37045905538343
 20
253.1149109153266
 30
0.0
 41
1.0
 10
82.36118055601947
 20
253.1238943478547
 30
0.0
 41
1.0
 10
82.35187225326445
 20
253.1328163746139
 30
0.0
 41
1.0
 10
82.34253419133983
 20
253.1416765711783
 30
0.0
 41
1.0
 10
82.33316641196962
 20
253.1504744925578
 30
0.0
 41
1.0
 10
82.32376896009737
 20
253.1592096595959
 30
0.0
 41
1.0
 10
82.31434188408547
 20
253.1678815649156
 30
0.0
 41
1.0
 10
82.30488523459099
 20
253.1764896835466
 30
0.0
 41
1.0
 10
82.2953990642145
 20
253.1850334830415
 30
0.0
 41
1.0
 10
82.28588342680813
 20
253.1935124327156
 30
0.0
 41
1.0
 10
82.27633837774737
 20
253.2019260177176
 30
0.0
 41
1.0
 10
82.26676397025949
 20
253.2102737257574
 30
0.0
 41
1.0
 10
82.2571602508624
 20
253.2185550261738
 30
0.0
 41
1.0
 10
82.24752725494363
 20
253.2267693506783
 30
0.0
 41
1.0
 10
82.23786500327879
 20
253.2349160768153
 30
0.0
 41
1.0
 10
82.22817349631077
 20
253.2429945031126
 30
0.0
 41
1.0
 10
82.21845272148675
 20
253.2510038726532
 30
0.0
 41
1.0
 10
82.20870266494967
 20
253.2589434130104
 30
0.0
 41
1.0
 10
82.19892332300515
 20
253.2668123745516
 30
0.0
 41
1.0
 10
82.18911471166029
 20
253.2746100626155
 30
0.0
 41
1.0
 10
82.17927688292183
 20
253.2823358914693
 30
0.0
 41
1.0
 10
82.16940990663443
 20
253.2899893257572
 30
0.0
 41
1.0
 10
82.15951383964329
 20
253.2975697804022
 30
0.0
 41
1.0
 10
82.14958869693237
 20
253.3050765269582
 30
0.0
 41
1.0
 10
82.13963442730619
 20
253.3125086143264
 30
0.0
 41
1.0
 10
82.12965087409703
 20
253.3198647413774
 30
0.0
 41
1.0
 10
82.1196378147315
 20
253.3271433824157
 30
0.0
 41
1.0
 10
82.10959503054983
 20
253.3343430096511
 30
0.0
 41
1.0
 10
82.0995223725613
 20
253.3414623024528
 30
0.0
 41
1.0
 10
82.08941981689532
 20
253.3485003236147
 30
0.0
 41
1.0
 10
82.07928755616922
 20
253.3554568102991
 30
0.0
 41
1.0
 10
82.06912590207503
 20
253.3623318614928
 30
0.0
 41
1.0
 10
82.05893511760132
 20
253.3691254003989
 30
0.0
 41
1.0
 10
82.04871525986254
 20
253.3758366707625
 30
0.0
 41
1.0
 10
82.03846604611408
 20
253.3824638069737
 30
0.0
 41
1.0
 10
82.02818663941707
 20
253.3890031478632
 30
0.0
 41
1.0
 10
82.01787588003027
 20
253.3954499720221
 30
0.0
 41
1.0
 10
82.00753266828177
 20
253.4017997160954
 30
0.0
 41
1.0
 10
81.99715632527931
 20
253.4080491225277
 30
0.0
 41
1.0
 10
81.98674690246207
 20
253.4141972235957
 30
0.0
 41
1.0
 10
81.97630567060878
 20
253.4202468989615
 30
0.0
 41
1.0
 10
81.96583452769756
 20
253.4262029774682
 30
0.0
 41
1.0
 10
81.95533509472079
 20
253.4320693411991
 30
0.0
 41
1.0
 10
81.9448078600144
 20
253.4378461850192
 30
0.0
 41
1.0
 10
81.93425142750493
 20
253.4435276071454
 30
0.0
 41
1.0
 10
81.92366139433216
 20
253.4490980176743
 30
0.0
 41
1.0
 10
81.91303181965395
 20
253.4545368094832
 30
0.0
 41
1.0
 10
81.90235727355412
 20
253.4598248758302
 30
0.0
 41
1.0
 10
81.89163479210765
 20
253.4649508350903
 30
0.0
 41
1.0
 10
81.88086563968955
 20
253.4699166257033
 30
0.0
 41
1.0
 10
81.87005777722879
 20
253.4747453908012
 30
0.0
 41
1.0
 10
81.85922191660575
 20
253.4794685799288
 30
0.0
 41
1.0
 10
81.84836657758934
 20
253.4841098239631
 30
0.0
 41
1.0
 10
81.83749337470272
 20
253.4886695426958
 30
0.0
 41
1.0
 10
81.8265924704292
 20
253.4931101176626
 30
0.0
 41
1.0
 10
81.81563721556358
 20
253.4973383594042
 30
0.0
 41
1.0
 10
81.80459176602926
 20
253.5012310830725
 30
0.0
 41
1.0
 10
81.79565416577133
 20
253.5039775964406
 30
0.0
 41
1.0
 10
81.78888115798054
 20
253.5057869625207
 30
0.0
 41
1.0
 10
81.78433315052643
 20
253.5068762959209
 30
0.0
 41
1.0
 10
81.78205097950103
 20
253.5073917347381
 30
0.0
 41
1.0
  0
ARC
  5
60E
330
70
100
AcDbEntity
  8
Visible
100
AcDbCircle
 10
77.197567
 20
254.536014
 30
0.0
 40
5.499999999998583
100
AcDbArc
 50
340.190287
 51
343.809713
  0
SPLINE
  5
60F
330
70
100
AcDbEntity
  8
Visible
100
AcDbSpline
210
0.0
220
0.0
230
1.0
 70
    12
 71
     5
 72
    81
 73
    75
 74
     0
 42
0.000000001
 43
0.0000000001
 40
0.0
 40
0.0
 40
0.0
 40
0.0
 40
0.0
 40
0.0
 40
0.0142857142857143
 40
0.0285714285714286
 40
0.0428571428571429
 40
0.0571428571428571
 40
0.0714285714285714
 40
0.0857142857142858
 40
0.1
 40
0.1142857142857143
 40
0.1285714285714286
 40
0.1428571428571429
 40
0.1571428571428572
 40
0.1714285714285715
 40
0.1857142857142857
 40
0.2
 40
0.2142857142857143
 40
0.2285714285714286
 40
0.2428571428571429
 40
0.2571428571428572
 40
0.2714285714285714
 40
0.2857142857142858
 40
0.3
 40
0.3142857142857143
 40
0.3285714285714286
 40
0.3428571428571429
 40
0.3571428571428572
 40
0.3714285714285715
 40
0.3857142857142858
 40
0.4000000000000001
 40
0.4142857142857145
 40
0.4285714285714287
 40
0.442857142857143
 40
0.4571428571428572
 40
0.4714285714285716
 40
0.4857142857142859
 40
0.5000000000000001
 40
0.5142857142857144
 40
0.5285714285714286
 40
0.5428571428571428
 40
0.5571428571428571
 40
0.5714285714285713
 40
0.5857142857142855
 40
0.5999999999999998
 40
0.614285714285714
 40
0.6285714285714282
 40
0.6428571428571425
 40
0.6571428571428567
 40
0.6714285714285709
 40
0.6857142857142852
 40
0.6999999999999994
 40
0.7142857142857137
 40
0.7285714285714279
 40
0.7428571428571421
 40
0.7571428571428564
 40
0.7714285714285706
 40
0.7857142857142848
 40
0.7999999999999991
 40
0.8142857142857133
 40
0.8285714285714275
 40
0.8428571428571418
 40
0.857142857142856
 40
0.8714285714285702
 40
0.8857142857142845
 40
0.8999999999999987
 40
0.9142857142857129
 40
0.9285714285714272
 40
0.9428571428571414
 40
0.9571428571428556
 40
0.9714285714285699
 40
0.9857142857142841
 40
1.0
 40
1.0
 40
1.0
 40
1.0
 40
1.0
 40
1.0
 10
81.51110150216027
 20
252.6734949889187
 30
0.0
 41
1.0
 10
81.51325078463832
 20
252.6725705612098
 30
0.0
 41
1.0
 10
81.51757049406752
 20
252.6707785987337
 30
0.0
 41
1.0
 10
81.52411349117029
 20
252.6682613325483
 30
0.0
 41
1.0
 10
81.5329585217214
 20
252.6652299189154
 30
0.0
 41
1.0
 10
81.54418256366808
 20
252.6618868461774
 30
0.0
 41
1.0
 10
81.55553084917119
 20
252.6588682283564
 30
0.0
 41
1.0
 10
81.56695997045972
 20
252.6560533382017
 30
0.0
 41
1.0
 10
81.57843671180399
 20
252.6533511198431
 30
0.0
 41
1.0
 10
81.58994692034411
 20
252.6507253569598
 30
0.0
 41
1.0
 10
81.60148953664885
 20
252.6481773381611
 30
0.0
 41
1.0
 10
81.61307155796476
 20
252.6457311890244
 30
0.0
 41
1.0
 10
81.62470280377419
 20
252.6434186490496
 30
0.0
 41
1.0
 10
81.63639043674356
 20
252.6412631207413
 30
0.0
 41
1.0
 10
81.6481345733573
 20
252.6392669155111
 30
0.0
 41
1.0
 10
81.65993092152985
 20
252.6374190832794
 30
0.0
 41
1.0
 10
81.67177264349538
 20
252.6357009747426
 30
0.0
 41
1.0
 10
81.68365243293374
 20
252.6340924264496
 30
0.0
 41
1.0
 10
81.69556468831705
 20
252.6325782379663
 30
0.0
 41
1.0
 10
81.70750707011302
 20
252.6311528140577
 30
0.0
 41
1.0
 10
81.71947929778616
 20
252.6298165994112
 30
0.0
 41
1.0
 10
81.73148234175915
 20
252.6285736874943
 30
0.0
 41
1.0
 10
81.74351750485584
 20
252.6274291005247
 30
0.0
 41
1.0
 10
81.75558545162221
 20
252.6263859151431
 30
0.0
 41
1.0
 10
81.7676855716245
 20
252.6254433786817
 30
0.0
 41
1.0
 10
81.77981649935828
 20
252.6245984566785
 30
0.0
 41
1.0
 10
81.79197644220312
 20
252.6238468109314
 30
0.0
 41
1.0
 10
81.80416356323439
 20
252.6231839400607
 30
0.0
 41
1.0
 10
81.8163763875691
 20
252.6226063901804
 30
0.0
 41
1.0
 10
81.82861404737469
 20
252.6221124857839
 30
0.0
 41
1.0
 10
81.84087605192781
 20
252.6217016486207
 30
0.0
 41
1.0
 10
81.85316214332761
 20
252.6213739711429
 30
0.0
 41
1.0
 10
81.8654721275916
 20
252.6211297166392
 30
0.0
 41
1.0
 10
81.87780569439837
 20
252.6209687856854
 30
0.0
 41
1.0
 10
81.89016231218374
 20
252.6208904060386
 30
0.0
 41
1.0
 10
81.90254132523477
 20
252.6208934217093
 30
0.0
 41
1.0
 10
81.9149420124404
 20
252.6209764681653
 30
0.0
 41
1.0
 10
81.92736365708332
 20
252.621138180265
 30
0.0
 41
1.0
 10
81.93980562112574
 20
252.6213774132894
 30
0.0
 41
1.0
 10
81.95226738694509
 20
252.6216933676896
 30
0.0
 41
1.0
 10
81.96474851424865
 20
252.6220854629464
 30
0.0
 41
1.0
 10
81.97724861314782
 20
252.6225532591379
 30
0.0
 41
1.0
 10
81.98976731246331
 20
252.6230963642047
 30
0.0
 41
1.0
 10
82.00230422583445
 20
252.6237143348471
 30
0.0
 41
1.0
 10
82.01485893200151
 20
252.6244066184827
 30
0.0
 41
1.0
 10
82.02743099332838
 20
252.6251726064729
 30
0.0
 41
1.0
 10
82.04001996700572
 20
252.6260116657668
 30
0.0
 41
1.0
 10
82.05262541828506
 20
252.6269231766273
 30
0.0
 41
1.0
 10
82.06524693449045
 20
252.6279065718127
 30
0.0
 41
1.0
 10
82.07788413294656
 20
252.6289613599565
 30
0.0
 41
1.0
 10
82.09053665099236
 20
252.630087102104
 30
0.0
 41
1.0
 10
82.10320413907812
 20
252.6312833962838
 30
0.0
 41
1.0
 10
82.11588625302466
 20
252.6325498593315
 30
0.0
 41
1.0
 10
82.12858264541319
 20
252.6338861072709
 30
0.0
 41
1.0
 10
82.14129296074407
 20
252.6352917424238
 30
0.0
 41
1.0
 10
82.15401684350217
 20
252.6367663649489
 30
0.0
 41
1.0
 10
82.16675394413142
 20
252.6383095799119
 30
0.0
 41
1.0
 10
82.17950392527928
 20
252.6399210052623
 30
0.0
 41
1.0
 10
82.19226646894368
 20
252.6416002797723
 30
0.0
 41
1.0
 10
82.20504127981076
 20
252.6433470679622
 30
0.0
 41
1.0
 10
82.21782807263389
 20
252.6451610524555
 30
0.0
 41
1.0
 10
82.23062656158163
 20
252.6470419276648
 30
0.0
 41
1.0
 10
82.24343644937926
 20
252.6489893928101
 30
0.0
 41
1.0
 10
82.25625741494331
 20
252.6510031439784
 30
0.0
 41
1.0
 10
82.26908910595012
 20
252.653082868329
 30
0.0
 41
1.0
 10
82.28193116314832
 20
252.6552282541889
 30
0.0
 41
1.0
 10
82.29478324116826
 20
252.6574389989682
 30
0.0
 41
1.0
 10
82.30764503026694
 20
252.6597148174487
 30
0.0
 41
1.0
 10
82.32051627845795
 20
252.6620554494484
 30
0.0
 41
1.0
 10
82.33339681114193
 20
252.6644606672899
 30
0.0
 41
1.0
 10
82.34628651597814
 20
252.6669302826449
 30
0.0
 41
1.0
 10
82.35660556728635
 20
252.6689573790199
 30
0.0
 41
1.0
 10
82.36434894278408
 20
252.6705065755195
 30
0.0
 41
1.0
 10
82.36951300896725
 20
252.6715522019076
 30
0.0
 41
1.0
 10
82.37209549602084
 20
252.6720782222828
 30
0.0
 41
1.0
  0
SPLINE
  5
610
330
70
100
AcDbEntity
  8
Visible
100
AcDbSpline
210
0.0
220
0.0
230
1.0
 70
    12
 71
     5
 72
    81
 73
    75
 74
     0
 42
0.000000001
 43
0.0000000001
 40
-1.0
 40
-1.0
 40
-1.0
 40
-1.0
 40
-1.0
 40
-1.0
 40
-0.9857142857142841
 40
-0.9714285714285699
 40
-0.9571428571428556
 40
-0.9428571428571414
 40
-0.9285714285714272
 40
-0.9142857142857129
 40
-0.8999999999999987
 40
-0.8857142857142845
 40
-0.8714285714285702
 40
-0.857142857142856
 40
-0.8428571428571418
 40
-0.8285714285714275
 40
-0.8142857142857133
 40
-0.7999999999999991
 40
-0.7857142857142848
 40
-0.7714285714285706
 40
-0.7571428571428564
 40
-0.7428571428571421
 40
-0.7285714285714279
 40
-0.7142857142857137
 40
-0.6999999999999994
 40
-0.6857142857142852
 40
-0.6714285714285709
 40
-0.6571428571428567
 40
-0.6428571428571425
 40
-0.6285714285714282
 40
-0.614285714285714
 40
-0.5999999999999998
 40
-0.5857142857142855
 40
-0.5714285714285713
 40
-0.5571428571428571
 40
-0.5428571428571428
 40
-0.5285714285714286
 40
-0.5142857142857144
 40
-0.5000000000000001
 40
-0.4857142857142859
 40
-0.4714285714285716
 40
-0.4571428571428572
 40
-0.442857142857143
 40
-0.4285714285714287
 40
-0.4142857142857145
 40
-0.4000000000000001
 40
-0.3857142857142858
 40
-0.3714285714285715
 40
-0.3571428571428572
 40
-0.3428571428571429
 40
-0.3285714285714286
 40
-0.3142857142857143
 40
-0.3
 40
-0.2857142857142858
 40
-0.2714285714285714
 40
-0.2571428571428572
 40
-0.2428571428571429
 40
-0.2285714285714286
 40
-0.2142857142857143
 40
-0.2
 40
-0.1857142857142857
 40
-0.1714285714285715
 40
-0.1571428571428572
 40
-0.1428571428571429
 40
-0.1285714285714286
 40
-0.1142857142857143
 40
-0.1
 40
-0.0857142857142858
 40
-0.0714285714285714
 40
-0.0571428571428571
 40
-0.0428571428571429
 40
-0.0285714285714286
 40
-0.0142857142857143
 40
0.0
 40
0.0
 40
0.0
 40
0.0
 40
0.0
 40
0.0
 10
81.74703436022719
 20
251.4453266705914
 30
0.0
 41
1.0
 10
81.74594197184523
 20
251.4477251335247
 30
0.0
 41
1.0
 10
81.74375253941979
 20
251.4525175545978
 30
0.0
 41
1.0
 10
81.74045442379428
 20
251.4596926718241
 30
0.0
 41
1.0
 10
81.73602899303478
 20
251.4692324570524
 30
0.0
 41
1.0
 10
81.73045057541731
 20
251.481112050802
 30
0.0
 41
1.0
 10
81.72482545037382
 20
251.4929463722156
 30
0.0
 41
1.0
 10
81.71915353157329
 20
251.5047352197116
 30
0.0
 41
1.0
 10
81.71343473744945
 20
251.5164783182099
 30
0.0
 41
1.0
 10
81.70766900562558
 20
251.5281753109193
 30
0.0
 41
1.0
 10
81.70185628741455
 20
251.539825779605
 30
0.0
 41
1.0
 10
81.69599654102148
 20
251.5514292669977
 30
0.0
 41
1.0
 10
81.69008972546089
 20
251.5629852992615
 30
0.0
 41
1.0
 10
81.68413579472872
 20
251.5744934074783
 30
0.0
 41
1.0
 10
81.67813469168232
 20
251.5859531532488
 30
0.0
 41
1.0
 10
81.67208634771942
 20
251.5973641192786
 30
0.0
 41
1.0
 10
81.66599068362211
 20
251.6087258947073
 30
0.0
 41
1.0
 10
81.65984761029084
 20
251.620038062214
 30
0.0
 41
1.0
 10
81.65365702989948
 20
251.631300185697
 30
0.0
 41
1.0
 10
81.64741883712304
 20
251.6425117955614
 30
0.0
 41
1.0
 10
81.64113292116963
 20
251.65367239432
 30
0.0
 41
1.0
 10
81.63479916799223
 20
251.6647814670405
 30
0.0
 41
1.0
 10
81.62841746308094
 20
251.6758384910818
 30
0.0
 41
1.0
 10
81.62198769366296
 20
251.6868429450915
 30
0.0
 41
1.0
 10
81.61550975330465
 20
251.6977943223046
 30
0.0
 41
1.0
 10
81.60898353432186
 20
251.7086921190576
 30
0.0
 41
1.0
 10
81.60240891697322
 20
251.7195358162844
 30
0.0
 41
1.0
 10
81.59578575930209
 20
251.7303248625776
 30
0.0
 41
1.0
 10
81.58911388871912
 20
251.7410586595242
 30
0.0
 41
1.0
 10
81.58239308887823
 20
251.7517365398508
 30
0.0
 41
1.0
 10
81.5756231139403
 20
251.762357787562
 30
0.0
 41
1.0
 10
81.56880371203532
 20
251.7729216723219
 30
0.0
 41
1.0
 10
81.56193464799798
 20
251.7834274823272
 30
0.0
 41
1.0
 10
81.55501572239064
 20
251.7938745519686
 30
0.0
 41
1.0
 10
81.54804680367488
 20
251.8042623081119
 30
0.0
 41
1.0
 10
81.54102779284039
 20
251.8145902200185
 30
0.0
 41
1.0
 10
81.53395856315274
 20
251.8248577136837
 30
0.0
 41
1.0
 10
81.52683890376101
 20
251.8350640916815
 30
0.0
 41
1.0
 10
81.51966847206859
 20
251.8452084652827
 30
0.0
 41
1.0
 10
81.51244671700442
 20
251.8552896454557
 30
0.0
 41
1.0
 10
81.50517295542432
 20
251.8653062499543
 30
0.0
 41
1.0
 10
81.49784650725541
 20
251.8752568933351
 30
0.0
 41
1.0
 10
81.49046682270181
 20
251.8851403656417
 30
0.0
 41
1.0
 10
81.48303358945032
 20
251.8949557829174
 30
0.0
 41
1.0
 10
81.4755469094698
 20
251.9047028356654
 30
0.0
 41
1.0
 10
81.46800710978277
 20
251.9143815217085
 30
0.0
 41
1.0
 10
81.46041441677608
 20
251.9239916867418
 30
0.0
 41
1.0
 10
81.45276865107462
 20
251.9335325938755
 30
0.0
 41
1.0
 10
81.44506896726488
 20
251.9430025561805
 30
0.0
 41
1.0
 10
81.43731343800936
 20
251.9523983503077
 30
0.0
 41
1.0
 10
81.42949950133152
 20
251.9617158443089
 30
0.0
 41
1.0
 10
81.4216247012273
 20
251.9709510379926
 30
0.0
 41
1.0
 10
81.41368738539132
 20
251.980101043031
 30
0.0
 41
1.0
 10
81.40568730370432
 20
251.9891649231658
 30
0.0
 41
1.0
 10
81.39762655461073
 20
251.9981450244295
 30
0.0
 41
1.0
 10
81.38950843538987
 20
252.0070453528142
 30
0.0
 41
1.0
 10
81.38133568732792
 20
252.0158690994894
 30
0.0
 41
1.0
 10
81.37310883507598
 20
252.024616298876
 30
0.0
 41
1.0
 10
81.3648247271376
 20
252.033281769457
 30
0.0
 41
1.0
 10
81.35647435860027
 20
252.0418520449102
 30
0.0
 41
1.0
 10
81.34804571143559
 20
252.0503093625193
 30
0.0
 41
1.0
 10
81.33952771717758
 20
252.0586372286289
 30
0.0
 41
1.0
 10
81.33091403985053
 20
252.0668257345742
 30
0.0
 41
1.0
 10
81.32220648095881
 20
252.0748763332076
 30
0.0
 41
1.0
 10
81.31341976341536
 20
252.0828085748935
 30
0.0
 41
1.0
 10
81.30457379326799
 20
252.0906490597708
 30
0.0
 41
1.0
 10
81.29568397564071
 20
252.0984176293905
 30
0.0
 41
1.0
 10
81.28675197576013
 20
252.1061141840783
 30
0.0
 41
1.0
 10
81.27775681284765
 20
252.1137059865114
 30
0.0
 41
1.0
 10
81.26864434487378
 20
252.1211126433036
 30
0.0
 41
1.0
 10
81.25934241588765
 20
252.1282280751311
 30
0.0
 41
1.0
 10
81.25169097222807
 20
252.1336020349354
 30
0.0
 41
1.0
 10
81.24580858390164
 20
252.1374158188464
 30
0.0
 41
1.0
 10
81.24181979430886
 20
252.1398572480684
 30
0.0
 41
1.0
 10
81.23980860003849
 20
252.1410526891459
 30
0.0
 41
1.0
  0
ARC
  5
611
330
70
100
AcDbEntity
  8
Visible
100
AcDbCircle
 10
77.197567
 20
254.536014
 30
0.0
 40
5.499999999998582
100
AcDbArc
 50
322.190287
 51
325.809713
  0
SPLINE
  5
612
330
70
100
AcDbEntity
  8
Visible
100
AcDbSpline
210
0.0
220
0.0
230
1.0
 70
    12
 71
     5
 72
    81
 73
    75
 74
     0
 42
0.000000001
 43
0.0000000001
 40
0.0
 40
0.0
 40
0.0
 40
0.0
 40
0.0
 40
0.0
 40
0.0142857142857143
 40
0.0285714285714286
 40
0.0428571428571429
 40
0.0571428571428571
 40
0.0714285714285714
 40
0.0857142857142858
 40
0.1
 40
0.1142857142857143
 40
0.1285714285714286
 40
0.1428571428571429
 40
0.1571428571428572
 40
0.1714285714285715
 40
0.1857142857142857
 40
0.2
 40
0.2142857142857143
 40
0.2285714285714286
 40
0.2428571428571429
 40
0.2571428571428572
 40
0.2714285714285714
 40
0.2857142857142858
 40
0.3
 40
0.3142857142857143
 40
0.3285714285714286
 40
0.3428571428571429
 40
0.3571428571428572
 40
0.3714285714285715
 40
0.3857142857142858
 40
0.4000000000000001
 40
0.4142857142857145
 40
0.4285714285714287
 40
0.442857142857143
 40
0.4571428571428572
 40
0.4714285714285716
 40
0.4857142857142859
 40
0.5000000000000001
 40
0.5142857142857144
 40
0.5285714285714286
 40
0.5428571428571428
 40
0.5571428571428571
 40
0.5714285714285713
 40
0.5857142857142855
 40
0.5999999999999998
 40
0.614285714285714
 40
0.6285714285714282
 40
0.6428571428571425
 40
0.6571428571428567
 40
0.6714285714285709
 40
0.6857142857142852
 40
0.6999999999999994
 40
0.7142857142857137
 40
0.7285714285714279
 40
0.7428571428571421
 40
0.7571428571428564
 40
0.7714285714285706
 40
0.7857142857142848
 40
0.7999999999999991
 40
0.8142857142857133
 40
0.8285714285714275
 40
0.8428571428571418
 40
0.857142857142856
 40
0.8714285714285702
 40
0.8857142857142845
 40
0.8999999999999987
 40
0.9142857142857129
 40
0.9285714285714272
 40
0.9428571428571414
 40
0.9571428571428556
 40
0.9714285714285699
 40
0.9857142857142841
 40
1.0
 40
1.0
 40
1.0
 40
1.0
 40
1.0
 40
1.0
 10
80.72443206801381
 20
251.4316977482322
 30
0.0
 41
1.0
 10
80.7261904932484
 20
251.4301544004238
 30
0.0
 41
1.0
 10
80.72974503419118
 20
251.4271152792098
 30
0.0
 41
1.0
 10
80.73518991619129
 20
251.4226993195025
 30
0.0
 41
1.0
 10
80.74266528180396
 20
251.417083009057
 30
0.0
 41
1.0
 10
80.7523069137469
 20
251.4104351382375
 30
0.0
 41
1.0
 10
80.76216697041763
 20
251.4040574490118
 30
0.0
 41
1.0
 10
80.77216686179964
 20
251.3978485366788
 30
0.0
 41
1.0
 10
80.78224686004523
 20
251.3917320661849
 30
0.0
 41
1.0
 10
80.79238231352702
 20
251.3856779672369
 30
0.0
 41
1.0
 10
80.80257261286897
 20
251.3796877927571
 30
0.0
 41
1.0
 10
80.81283186805832
 20
251.373782325265
 30
0.0
 41
1.0
 10
80.82317922602578
 20
251.3679887164317
 30
0.0
 41
1.0
 10
80.83362873064197
 20
251.362327009977
 30
0.0
 41
1.0
 10
80.84418120695591
 20
251.3567993681864
 30
0.0
 41
1.0
 10
80.85482918919206
 20
251.351396703245
 30
0.0
 41
1.0
 10
80.86556041129552
 20
251.3461033915955
 30
0.0
 41
1.0
 10
80.87636169369398
 20
251.3409025144329
 30
0.0
 41
1.0
 10
80.88722301182679
 20
251.3357813462544
 30
0.0
 41
1.0
 10
80.89814041164208
 20
251.3307352886295
 30
0.0
 41
1.0
 10
80.90911376375061
 20
251.3257648511717
 30
0.0
 41
1.0
 10
80.9201452560319
 20
251.3208736271217
 30
0.0
 41
1.0
 10
80.9312376794951
 20
251.3160659902987
 30
0.0
 41
1.0
 10
80.94239261689381
 20
251.3113446614061
 30
0.0
 41
1.0
 10
80.9536092550852
 20
251.306709113247
 30
0.0
 41
1.0
 10
80.96488535769731
 20
251.3021568818431
 30
0.0
 41
1.0
 10
80.97621787926801
 20
251.2976843952683
 30
0.0
 41
1.0
 10
80.98760368177591
 20
251.293287940096
 30
0.0
 41
1.0
 10
80.99904029521349
 20
251.28896468725
 30
0.0
 41
1.0
 10
81.01052637646352
 20
251.2847133114037
 30
0.0
 41
1.0
 10
81.02206128013131
 20
251.2805334142504
 30
0.0
 41
1.0
 10
81.03364478950698
 20
251.2764251634135
 30
0.0
 41
1.0
 10
81.04527680146475
 20
251.2723888692371
 30
0.0
 41
1.0
 10
81.05695699014631
 20
251.2684245330611
 30
0.0
 41
1.0
 10
81.06868461136764
 20
251.2645315846985
 30
0.0
 41
1.0
 10
81.08045868428872
 20
251.2607091273649
 30
0.0
 41
1.0
 10
81.09227810142783
 20
251.2569560861503
 30
0.0
 41
1.0
 10
81.10414175929509
 20
251.2532713842038
 30
0.0
 41
1.0
 10
81.11604869734401
 20
251.2496541299979
 30
0.0
 41
1.0
 10
81.12799817620999
 20
251.2461037230705
 30
0.0
 41
1.0
 10
81.13998959776109
 20
251.2426197473742
 30
0.0
 41
1.0
 10
81.15202245524598
 20
251.2392019049994
 30
0.0
 41
1.0
 10
81.16409627450048
 20
251.235849937776
 30
0.0
 41
1.0
 10
81.17621055108793
 20
251.2325635434936
 30
0.0
 41
1.0
 10
81.18836471360646
 20
251.229342326792
 30
0.0
 41
1.0
 10
81.2005581577605
 20
251.2261858440561
 30
0.0
 41
1.0
 10
81.21279026679166
 20
251.2230936300575
 30
0.0
 41
1.0
 10
81.22506043571684
 20
251.2200652297342
 30
0.0
 41
1.0
 10
81.23736809677485
 20
251.2171002311307
 30
0.0
 41
1.0
 10
81.24971273417669
 20
251.2141982851844
 30
0.0
 41
1.0
 10
81.26209386736537
 20
251.211359086491
 30
0.0
 41
1.0
 10
81.27451103968633
 20
251.2085823607722
 30
0.0
 41
1.0
 10
81.28696380540077
 20
251.2058678499716
 30
0.0
 41
1.0
 10
81.29945171543658
 20
251.2032152962665
 30
0.0
 41
1.0
 10
81.3119743088073
 20
251.200624431297
 30
0.0
 41
1.0
 10
81.324531123837
 20
251.198094984652
 30
0.0
 41
1.0
 10
81.33712170603848
 20
251.1956266887455
 30
0.0
 41
1.0
 10
81.34974561651052
 20
251.1932192844733
 30
0.0
 41
1.0
 10
81.36240244118836
 20
251.1908725265539
 30
0.0
 41
1.0
 10
81.3750917955449
 20
251.188586187187
 30
0.0
 41
1.0
 10
81.38781331021709
 20
251.186360052674
 30
0.0
 41
1.0
 10
81.40056661893323
 20
251.1841939207106
 30
0.0
 41
1.0
 10
81.41335134602286
 20
251.1820875971025
 30
0.0
 41
1.0
 10
81.42616709220055
 20
251.1800408920298
 30
0.0
 41
1.0
 10
81.43901342571552
 20
251.1780536168371
 30
0.0
 41
1.0
 10
81.45188990858788
 20
251.176125586122
 30
0.0
 41
1.0
 10
81.46479611884387
 20
251.1742566188295
 30
0.0
 41
1.0
 10
81.47773167376271
 20
251.1724465394154
 30
0.0
 41
1.0
 10
81.49069625329412
 20
251.1706951783008
 30
0.0
 41
1.0
 10
81.50368962102403
 20
251.169002372907
 30
0.0
 41
1.0
 10
81.51671161191643
 20
251.1673679788364
 30
0.0
 41
1.0
 10
81.52715202013405
 20
251.1661070998325
 30
0.0
 41
1.0
 10
81.53499513590487
 20
251.1651876386359
 30
0.0
 41
1.0
 10
81.54022957102279
 20
251.1645863042158
 30
0.0
 41
1.0
 10
81.54284821139937
 20
251.1642885469337
 30
0.0
 41
1.0
  0
SPLINE
  5
613
330
70
100
AcDbEntity
  8
Visible
100
AcDbSpline
210
0.0
220
0.0
230
1.0
 70
    12
 71
     5
 72
    81
 73
    75
 74
     0
 42
0.000000001
 43
0.0000000001
 40
-1.0
 40
-1.0
 40
-1.0
 40
-1.0
 40
-1.0
 40
-1.0
 40
-0.9857142857142841
 40
-0.9714285714285699
 40
-0.9571428571428556
 40
-0.9428571428571414
 40
-0.9285714285714272
 40
-0.9142857142857129
 40
-0.8999999999999987
 40
-0.8857142857142845
 40
-0.8714285714285702
 40
-0.857142857142856
 40
-0.8428571428571418
 40
-0.8285714285714275
 40
-0.8142857142857133
 40
-0.7999999999999991
 40
-0.7857142857142848
 40
-0.7714285714285706
 40
-0.7571428571428564
 40
-0.7428571428571421
 40
-0.7285714285714279
 40
-0.7142857142857137
 40
-0.6999999999999994
 40
-0.6857142857142852
 40
-0.6714285714285709
 40
-0.6571428571428567
 40
-0.6428571428571425
 40
-0.6285714285714282
 40
-0.614285714285714
 40
-0.5999999999999998
 40
-0.5857142857142855
 40
-0.5714285714285713
 40
-0.5571428571428571
 40
-0.5428571428571428
 40
-0.5285714285714286
 40
-0.5142857142857144
 40
-0.5000000000000001
 40
-0.4857142857142859
 40
-0.4714285714285716
 40
-0.4571428571428572
 40
-0.442857142857143
 40
-0.4285714285714287
 40
-0.4142857142857145
 40
-0.4000000000000001
 40
-0.3857142857142858
 40
-0.3714285714285715
 40
-0.3571428571428572
 40
-0.3428571428571429
 40
-0.3285714285714286
 40
-0.3142857142857143
 40
-0.3
 40
-0.2857142857142858
 40
-0.2714285714285714
 40
-0.2571428571428572
 40
-0.2428571428571429
 40
-0.2285714285714286
 40
-0.2142857142857143
 40
-0.2
 40
-0.1857142857142857
 40
-0.1714285714285715
 40
-0.1571428571428572
 40
-0.1428571428571429
 40
-0.1285714285714286
 40
-0.1142857142857143
 40
-0.1
 40
-0.0857142857142858
 40
-0.0714285714285714
 40
-0.0571428571428571
 40
-0.0428571428571429
 40
-0.0285714285714286
 40
-0.0142857142857143
 40
0.0
 40
0.0
 40
0.0
 40
0.0
 40
0.0
 40
0.0
 10
80.56929266777116
 20
250.1907330033055
 30
0.0
 41
1.0
 10
80.56899491048898
 20
250.1933516436821
 30
0.0
 41
1.0
 10
80.56839357606895
 20
250.1985860788
 30
0.0
 41
1.0
 10
80.56747411487231
 20
250.2064291945708
 30
0.0
 41
1.0
 10
80.56621323586842
 20
250.2168696027884
 30
0.0
 41
1.0
 10
80.56457884179781
 20
250.2298915936808
 30
0.0
 41
1.0
 10
80.56288603640405
 20
250.2428849614107
 30
0.0
 41
1.0
 10
80.56113467528939
 20
250.2558495409421
 30
0.0
 41
1.0
 10
80.55932459587529
 20
250.268785095861
 30
0.0
 41
1.0
 10
80.55745562858282
 20
250.2816913061169
 30
0.0
 41
1.0
 10
80.55552759786769
 20
250.2945677889893
 30
0.0
 41
1.0
 10
80.55354032267496
 20
250.3074141225043
 30
0.0
 41
1.0
 10
80.55149361760232
 20
250.320229868682
 30
0.0
 41
1.0
 10
80.54938729399419
 20
250.3330145957716
 30
0.0
 41
1.0
 10
80.54722116203084
 20
250.3457679044877
 30
0.0
 41
1.0
 10
80.54499502751786
 20
250.3584894191599
 30
0.0
 41
1.0
 10
80.54270868815093
 20
250.3711787735165
 30
0.0
 41
1.0
 10
80.54036193023149
 20
250.3838355981943
 30
0.0
 41
1.0
 10
80.53795452595933
 20
250.3964595086663
 30
0.0
 41
1.0
 10
80.53548623005282
 20
250.4090500908678
 30
0.0
 41
1.0
 10
80.53295678340782
 20
250.4216069058975
 30
0.0
 41
1.0
 10
80.53036591843829
 20
250.4341294992682
 30
0.0
 41
1.0
 10
80.52771336473325
 20
250.4466174093041
 30
0.0
 41
1.0
 10
80.52499885393263
 20
250.4590701750185
 30
0.0
 41
1.0
 10
80.5222221282138
 20
250.4714873473395
 30
0.0
 41
1.0
 10
80.51938292952035
 20
250.4838684805282
 30
0.0
 41
1.0
 10
80.51648098357418
 20
250.49621311793
 30
0.0
 41
1.0
 10
80.51351598497058
 20
250.508520778988
 30
0.0
 41
1.0
 10
80.5104875846473
 20
250.5207909479131
 30
0.0
 41
1.0
 10
80.50739537064874
 20
250.5330230569443
 30
0.0
 41
1.0
 10
80.50423888791284
 20
250.5452165010984
 30
0.0
 41
1.0
 10
80.50101767121123
 20
250.5573706636169
 30
0.0
 41
1.0
 10
80.49773127692878
 20
250.5694849402043
 30
0.0
 41
1.0
 10
80.49437930970544
 20
250.5815587594589
 30
0.0
 41
1.0
 10
80.49096146733063
 20
250.5935916169438
 30
0.0
 41
1.0
 10
80.4874774916343
 20
250.6055830384948
 30
0.0
 41
1.0
 10
80.48392708470691
 20
250.6175325173608
 30
0.0
 41
1.0
 10
80.48030983050102
 20
250.6294394554097
 30
0.0
 41
1.0
 10
80.47662512855458
 20
250.641303113277
 30
0.0
 41
1.0
 10
80.47287208733996
 20
250.6531225304161
 30
0.0
 41
1.0
 10
80.46904963000633
 20
250.6648966033372
 30
0.0
 41
1.0
 10
80.46515668164374
 20
250.6766242245585
 30
0.0
 41
1.0
 10
80.46119234546768
 20
250.6883044132401
 30
0.0
 41
1.0
 10
80.45715605129135
 20
250.6999364251978
 30
0.0
 41
1.0
 10
80.45304780045444
 20
250.7115199345735
 30
0.0
 41
1.0
 10
80.4488679033011
 20
250.7230548382413
 30
0.0
 41
1.0
 10
80.44461652745486
 20
250.7345409194913
 30
0.0
 41
1.0
 10
80.44029327460885
 20
250.7459775329289
 30
0.0
 41
1.0
 10
80.43589681943648
 20
250.7573633354368
 30
0.0
 41
1.0
 10
80.43142433286176
 20
250.7686958570075
 30
0.0
 41
1.0
 10
80.42687210145777
 20
250.7799719596196
 30
0.0
 41
1.0
 10
80.42223655329872
 20
250.791188597811
 30
0.0
 41
1.0
 10
80.41751522440609
 20
250.8023435352097
 30
0.0
 41
1.0
 10
80.4127075875831
 20
250.8134359586729
 30
0.0
 41
1.0
 10
80.40781636353313
 20
250.8244674509542
 30
0.0
 41
1.0
 10
80.40284592607532
 20
250.8354408030627
 30
0.0
 41
1.0
 10
80.39779986845042
 20
250.8463582028781
 30
0.0
 41
1.0
 10
80.39267870027197
 20
250.8572195210108
 30
0.0
 41
1.0
 10
80.38747782310929
 20
250.8680208034093
 30
0.0
 41
1.0
 10
80.38218451145985
 20
250.8787520255128
 30
0.0
 41
1.0
 10
80.3767818465185
 20
250.8894000077489
 30
0.0
 41
1.0
 10
80.37125420472785
 20
250.8999524840628
 30
0.0
 41
1.0
 10
80.36559249827314
 20
250.9104019886791
 30
0.0
 41
1.0
 10
80.35979888943984
 20
250.9207493466465
 30
0.0
 41
1.0
 10
80.35389342194775
 20
250.9310086018359
 30
0.0
 41
1.0
 10
80.34790324746792
 20
250.9411989011778
 30
0.0
 41
1.0
 10
80.34184914851994
 20
250.9513343546596
 30
0.0
 41
1.0
 10
80.33573267802603
 20
250.9614143529052
 30
0.0
 41
1.0
 10
80.32952376569301
 20
250.9714142442872
 30
0.0
 41
1.0
 10
80.3231460764673
 20
250.9812743009579
 30
0.0
 41
1.0
 10
80.3164982056478
 20
250.9909159329009
 30
0.0
 41
1.0
 10
80.31088189520232
 20
250.9983912985135
 30
0.0
 41
1.0
 10
80.306465935495
 20
251.0038361805136
 30
0.0
 41
1.0
 10
80.303426814281
 20
251.0073907214565
 30
0.0
 41
1.0
 10
80.30188346647264
 20
251.009149146691
 30
0.0
 41
1.0
  0
ARC
  5
614
330
70
100
AcDbEntity
  8
Visible
100
AcDbCircle
 10
77.197567
 20
254.536014
 30
0.0
 40
5.499999999998583
100
AcDbArc
 50
304.190287
 51
307.809713
  0
SPLINE
  5
615
330
70
100
AcDbEntity
  8
Visible
100
AcDbSpline
210
0.0
220
0.0
230
1.0
 70
    12
 71
     5
 72
    81
 73
    75
 74
     0
 42
0.000000001
 43
0.0000000001
 40
0.0
 40
0.0
 40
0.0
 40
0.0
 40
0.0
 40
0.0
 40
0.0142857142857143
 40
0.0285714285714286
 40
0.0428571428571429
 40
0.0571428571428571
 40
0.0714285714285714
 40
0.0857142857142858
 40
0.1
 40
0.1142857142857143
 40
0.1285714285714286
 40
0.1428571428571429
 40
0.1571428571428572
 40
0.1714285714285715
 40
0.1857142857142857
 40
0.2
 40
0.2142857142857143
 40
0.2285714285714286
 40
0.2428571428571429
 40
0.2571428571428572
 40
0.2714285714285714
 40
0.2857142857142858
 40
0.3
 40
0.3142857142857143
 40
0.3285714285714286
 40
0.3428571428571429
 40
0.3571428571428572
 40
0.3714285714285715
 40
0.3857142857142858
 40
0.4000000000000001
 40
0.4142857142857145
 40
0.4285714285714287
 40
0.442857142857143
 40
0.4571428571428572
 40
0.4714285714285716
 40
0.4857142857142859
 40
0.5000000000000001
 40
0.5142857142857144
 40
0.5285714285714286
 40
0.5428571428571428
 40
0.5571428571428571
 40
0.5714285714285713
 40
0.5857142857142855
 40
0.5999999999999998
 40
0.614285714285714
 40
0.6285714285714282
 40
0.6428571428571425
 40
0.6571428571428567
 40
0.6714285714285709
 40
0.6857142857142852
 40
0.6999999999999994
 40
0.7142857142857137
 40
0.7285714285714279
 40
0.7428571428571421
 40
0.7571428571428564
 40
0.7714285714285706
 40
0.7857142857142848
 40
0.7999999999999991
 40
0.8142857142857133
 40
0.8285714285714275
 40
0.8428571428571418
 40
0.857142857142856
 40
0.8714285714285702
 40
0.8857142857142845
 40
0.8999999999999987
 40
0.9142857142857129
 40
0.9285714285714272
 40
0.9428571428571414
 40
0.9571428571428556
 40
0.9714285714285699
 40
0.9857142857142841
 40
1.0
 40
1.0
 40
1.0
 40
1.0
 40
1.0
 40
1.0
 10
79.59252852555891
 20
250.4937726146664
 30
0.0
 41
1.0
 10
79.59372396663638
 20
250.4917614203959
 30
0.0
 41
1.0
 10
79.59616539585841
 20
250.4877726308032
 30
0.0
 41
1.0
 10
79.59997917976943
 20
250.4818902424768
 30
0.0
 41
1.0
 10
79.60535313957371
 20
250.4742387988172
 30
0.0
 41
1.0
 10
79.61246857140122
 20
250.464936869831
 30
0.0
 41
1.0
 10
79.61987522819345
 20
250.4558244018572
 30
0.0
 41
1.0
 10
79.62746703062657
 20
250.4468292389447
 30
0.0
 41
1.0
 10
79.63516358531433
 20
250.4378972390641
 30
0.0
 41
1.0
 10
79.64293215493398
 20
250.4290074214368
 30
0.0
 41
1.0
 10
79.65077263981129
 20
250.4201614512894
 30
0.0
 41
1.0
 10
79.65870488149722
 20
250.411374733746
 30
0.0
 41
1.0
 10
79.66675548013063
 20
250.4026671748543
 30
0.0
 41
1.0
 10
79.67494398607596
 20
250.3940534975273
 30
0.0
 41
1.0
 10
79.6832718521855
 20
250.3855355032692
 30
0.0
 41
1.0
 10
79.69172916979459
 20
250.3771068561046
 30
0.0
 41
1.0
 10
79.70029944524776
 20
250.3687564875672
 30
0.0
 41
1.0
 10
79.7089649158288
 20
250.3604723796288
 30
0.0
 41
1.0
 10
79.71771211521536
 20
250.3522455273769
 30
0.0
 41
1.0
 10
79.72653586189062
 20
250.344072779315
 30
0.0
 41
1.0
 10
79.73543619027532
 20
250.3359546600941
 30
0.0
 41
1.0
 10
79.74441629153898
 20
250.3278939110005
 30
0.0
 41
1.0
 10
79.7534801716738
 20
250.3198938293135
 30
0.0
 41
1.0
 10
79.76263017671226
 20
250.3119565134775
 30
0.0
 41
1.0
 10
79.77186537039597
 20
250.3040817133733
 30
0.0
 41
1.0
 10
79.78118286439713
 20
250.2962677766955
 30
0.0
 41
1.0
 10
79.79057865852428
 20
250.2885122474399
 30
0.0
 41
1.0
 10
79.80004862082933
 20
250.2808125636302
 30
0.0
 41
1.0
 10
79.80958952796299
 20
250.2731667979288
 30
0.0
 41
1.0
 10
79.81919969299633
 20
250.265574104922
 30
0.0
 41
1.0
 10
79.82887837903945
 20
250.258034305235
 30
0.0
 41
1.0
 10
79.83862543178748
 20
250.2505476252545
 30
0.0
 41
1.0
 10
79.84844084906308
 20
250.243114392003
 30
0.0
 41
1.0
 10
79.85832432136977
 20
250.2357347074494
 30
0.0
 41
1.0
 10
79.86827496475052
 20
250.2284082592805
 30
0.0
 41
1.0
 10
79.87829156924909
 20
250.2211344977004
 30
0.0
 41
1.0
 10
79.88837274942216
 20
250.2139127426362
 30
0.0
 41
1.0
 10
79.89851712302334
 20
250.2067423109438
 30
0.0
 41
1.0
 10
79.90872350102108
 20
250.1996226515521
 30
0.0
 41
1.0
 10
79.91899099468628
 20
250.1925534218644
 30
0.0
 41
1.0
 10
79.92931890659292
 20
250.18553441103
 30
0.0
 41
1.0
 10
79.93970666273617
 20
250.1785654923142
 30
0.0
 41
1.0
 10
79.95015373237766
 20
250.1716465667068
 30
0.0
 41
1.0
 10
79.96065954238293
 20
250.1647775026695
 30
0.0
 41
1.0
 10
79.97122342714283
 20
250.1579581007645
 30
0.0
 41
1.0
 10
79.98184467485407
 20
250.1511881258266
 30
0.0
 41
1.0
 10
79.99252255518058
 20
250.1444673259857
 30
0.0
 41
1.0
 10
80.00325635212721
 20
250.1377954554028
 30
0.0
 41
1.0
 10
80.01404539842042
 20
250.1311722977316
 30
0.0
 41
1.0
 10
80.02488909564727
 20
250.124597680383
 30
0.0
 41
1.0
 10
80.0357868924002
 20
250.1180714614002
 30
0.0
 41
1.0
 10
80.04673826961335
 20
250.1115935210419
 30
0.0
 41
1.0
 10
80.05774272362305
 20
250.1051637516239
 30
0.0
 41
1.0
 10
80.06879974766434
 20
250.0987820467126
 30
0.0
 41
1.0
 10
80.07990882038484
 20
250.0924482935352
 30
0.0
 41
1.0
 10
80.09106941914343
 20
250.0861623775818
 30
0.0
 41
1.0
 10
80.10228102900782
 20
250.0799241848053
 30
0.0
 41
1.0
 10
80.11354315249082
 20
250.073733604414
 30
0.0
 41
1.0
 10
80.12485531999756
 20
250.0675905310827
 30
0.0
 41
1.0
 10
80.13621709542622
 20
250.0614948669854
 30
0.0
 41
1.0
 10
80.14762806145609
 20
250.0554465230225
 30
0.0
 41
1.0
 10
80.15908780722657
 20
250.0494454199761
 30
0.0
 41
1.0
 10
80.17059591544329
 20
250.0434914892439
 30
0.0
 41
1.0
 10
80.18215194770709
 20
250.0375846736833
 30
0.0
 41
1.0
 10
80.19375543509978
 20
250.0317249272903
 30
0.0
 41
1.0
 10
80.2054059037855
 20
250.0259122090792
 30
0.0
 41
1.0
 10
80.2171028964949
 20
250.0201464772554
 30
0.0
 41
1.0
 10
80.2288459949932
 20
250.0144276831315
 30
0.0
 41
1.0
 10
80.24063484248927
 20
250.008755764331
 30
0.0
 41
1.0
 10
80.25246916390278
 20
250.0031306392875
 30
0.0
 41
1.0
 10
80.26434875765245
 20
249.9975522216701
 30
0.0
 41
1.0
 10
80.27388854288075
 20
249.9931267909105
 30
0.0
 41
1.0
 10
80.28106366010707
 20
249.989828675285
 30
0.0
 41
1.0
 10
80.2858560811801
 20
249.9876392428596
 30
0.0
 41
1.0
 10
80.28825454411345
 20
249.9865468544776
 30
0.0
 41
1.0
  0
SPLINE
  5
616
330
70
100
AcDbEntity
  8
Visible
100
AcDbSpline
210
0.0
220
0.0
230
1.0
 70
    12
 71
     5
 72
    81
 73
    75
 74
     0
 42
0.000000001
 43
0.0000000001
 40
-1.0
 40
-1.0
 40
-1.0
 40
-1.0
 40
-1.0
 40
-1.0
 40
-0.9857142857142841
 40
-0.9714285714285699
 40
-0.9571428571428556
 40
-0.9428571428571414
 40
-0.9285714285714272
 40
-0.9142857142857129
 40
-0.8999999999999987
 40
-0.8857142857142845
 40
-0.8714285714285702
 40
-0.857142857142856
 40
-0.8428571428571418
 40
-0.8285714285714275
 40
-0.8142857142857133
 40
-0.7999999999999991
 40
-0.7857142857142848
 40
-0.7714285714285706
 40
-0.7571428571428564
 40
-0.7428571428571421
 40
-0.7285714285714279
 40
-0.7142857142857137
 40
-0.6999999999999994
 40
-0.6857142857142852
 40
-0.6714285714285709
 40
-0.6571428571428567
 40
-0.6428571428571425
 40
-0.6285714285714282
 40
-0.614285714285714
 40
-0.5999999999999998
 40
-0.5857142857142855
 40
-0.5714285714285713
 40
-0.5571428571428571
 40
-0.5428571428571428
 40
-0.5285714285714286
 40
-0.5142857142857144
 40
-0.5000000000000001
 40
-0.4857142857142859
 40
-0.4714285714285716
 40
-0.4571428571428572
 40
-0.442857142857143
 40
-0.4285714285714287
 40
-0.4142857142857145
 40
-0.4000000000000001
 40
-0.3857142857142858
 40
-0.3714285714285715
 40
-0.3571428571428572
 40
-0.3428571428571429
 40
-0.3285714285714286
 40
-0.3142857142857143
 40
-0.3
 40
-0.2857142857142858
 40
-0.2714285714285714
 40
-0.2571428571428572
 40
-0.2428571428571429
 40
-0.2285714285714286
 40
-0.2142857142857143
 40
-0.2
 40
-0.1857142857142857
 40
-0.1714285714285715
 40
-0.1571428571428572
 40
-0.1428571428571429
 40
-0.1285714285714286
 40
-0.1142857142857143
 40
-0.1
 40
-0.0857142857142858
 40
-0.0714285714285714
 40
-0.0571428571428571
 40
-0.0428571428571429
 40
-0.0285714285714286
 40
-0.0142857142857143
 40
0.0
 40
0.0
 40
0.0
 40
0.0
 40
0.0
 40
0.0
 10
79.06150299242199
 20
249.361485718684
 30
0.0
 41
1.0
 10
79.06202901279721
 20
249.3640682057375
 30
0.0
 41
1.0
 10
79.06307463918529
 20
249.3692322719208
 30
0.0
 41
1.0
 10
79.06462383568487
 20
249.3769756474185
 30
0.0
 41
1.0
 10
79.06665093205993
 20
249.3872946987267
 30
0.0
 41
1.0
 10
79.06912054741496
 20
249.4001844035629
 30
0.0
 41
1.0
 10
79.07152576525641
 20
249.4130649362469
 30
0.0
 41
1.0
 10
79.0738663972561
 20
249.4259361844379
 30
0.0
 41
1.0
 10
79.07614221573658
 20
249.4387979735366
 30
0.0
 41
1.0
 10
79.07835296051598
 20
249.4516500515565
 30
0.0
 41
1.0
 10
79.08049834637586
 20
249.4644921087547
 30
0.0
 41
1.0
 10
79.08257807072641
 20
249.4773237997615
 30
0.0
 41
1.0
 10
79.08459182189472
 20
249.4901447653256
 30
0.0
 41
1.0
 10
79.08653928704007
 20
249.5029546531232
 30
0.0
 41
1.0
 10
79.08842016224935
 20
249.5157531420709
 30
0.0
 41
1.0
 10
79.09023414674265
 20
249.5285399348941
 30
0.0
 41
1.0
 10
79.09198093493251
 20
249.5413147457612
 30
0.0
 41
1.0
 10
79.09366020944253
 20
249.5540772894255
 30
0.0
 41
1.0
 10
79.09527163479288
 20
249.5668272705734
 30
0.0
 41
1.0
 10
79.0968148497559
 20
249.5795643712027
 30
0.0
 41
1.0
 10
79.09828947228106
 20
249.5922882539608
 30
0.0
 41
1.0
 10
79.09969510743394
 20
249.6049985692916
 30
0.0
 41
1.0
 10
79.10103135537338
 20
249.6176949616802
 30
0.0
 41
1.0
 10
79.10229781842099
 20
249.6303770756267
 30
0.0
 41
1.0
 10
79.10349411260085
 20
249.6430445637125
 30
0.0
 41
1.0
 10
79.10461985474831
 20
249.6556970817583
 30
0.0
 41
1.0
 10
79.10567464289215
 20
249.6683342802143
 30
0.0
 41
1.0
 10
79.10665803807751
 20
249.6809557964198
 30
0.0
 41
1.0
 10
79.10756954893805
 20
249.6935612476991
 30
0.0
 41
1.0
 10
79.10840860823191
 20
249.7061502213764
 30
0.0
 41
1.0
 10
79.10917459622215
 20
249.7187222827033
 30
0.0
 41
1.0
 10
79.10986687985769
 20
249.7312769888704
 30
0.0
 41
1.0
 10
79.11048485050014
 20
249.7438139022415
 30
0.0
 41
1.0
 10
79.1110279555669
 20
249.756332601557
 30
0.0
 41
1.0
 10
79.11149575175841
 20
249.7688327004562
 30
0.0
 41
1.0
 10
79.11188784701517
 20
249.7813138277597
 30
0.0
 41
1.0
 10
79.11220380141549
 20
249.7937755935791
 30
0.0
 41
1.0
 10
79.11244303443982
 20
249.8062175576215
 30
0.0
 41
1.0
 10
79.11260474653954
 20
249.8186392022644
 30
0.0
 41
1.0
 10
79.11268779299553
 20
249.83103988947
 30
0.0
 41
1.0
 10
79.11269080866623
 20
249.8434189025211
 30
0.0
 41
1.0
 10
79.11261242901947
 20
249.8557755203064
 30
0.0
 41
1.0
 10
79.11245149806564
 20
249.8681090871132
 30
0.0
 41
1.0
 10
79.1122072435619
 20
249.8804190713772
 30
0.0
 41
1.0
 10
79.1118795660841
 20
249.892705162777
 30
0.0
 41
1.0
 10
79.11146872892095
 20
249.9049671673301
 30
0.0
 41
1.0
 10
79.11097482452442
 20
249.9172048271357
 30
0.0
 41
1.0
 10
79.11039727464412
 20
249.9294176514704
 30
0.0
 41
1.0
 10
79.10973440377347
 20
249.9416047725017
 30
0.0
 41
1.0
 10
79.10898275802629
 20
249.9537647153466
 30
0.0
 41
1.0
 10
79.10813783602316
 20
249.9658956430803
 30
0.0
 41
1.0
 10
79.10719529956168
 20
249.9779957630826
 30
0.0
 41
1.0
 10
79.10615211418008
 20
249.990063709849
 30
0.0
 41
1.0
 10
79.10500752721055
 20
250.0020988729457
 30
0.0
 41
1.0
 10
79.10376461529359
 20
250.0141019169187
 30
0.0
 41
1.0
 10
79.10242840064711
 20
250.0260741445918
 30
0.0
 41
1.0
 10
79.10100297673853
 20
250.0380165263877
 30
0.0
 41
1.0
 10
79.09948878825526
 20
250.0499287817711
 30
0.0
 41
1.0
 10
79.09788023996225
 20
250.0618085712094
 30
0.0
 41
1.0
 10
79.09616213142545
 20
250.073650293175
 30
0.0
 41
1.0
 10
79.09431429919369
 20
250.0854466413475
 30
0.0
 41
1.0
 10
79.09231809396351
 20
250.0971907779613
 30
0.0
 41
1.0
 10
79.09016256565519
 20
250.1088784109306
 30
0.0
 41
1.0
 10
79.08785002568038
 20
250.1205096567401
 30
0.0
 41
1.0
 10
79.08540387654375
 20
250.132091678056
 30
0.0
 41
1.0
 10
79.08285585774502
 20
250.1436342943607
 30
0.0
 41
1.0
 10
79.08023009486169
 20
250.1551445029008
 30
0.0
 41
1.0
 10
79.07752787650315
 20
250.1666212442451
 30
0.0
 41
1.0
 10
79.07471298634845
 20
250.1780503655336
 30
0.0
 41
1.0
 10
79.07169436852746
 20
250.1893986510367
 30
0.0
 41
1.0
 10
79.0683512957894
 20
250.2006226929834
 30
0.0
 41
1.0
 10
79.06531988215647
 20
250.2094677235346
 30
0.0
 41
1.0
 10
79.06280261597112
 20
250.2160107206373
 30
0.0
 41
1.0
 10
79.06101065349503
 20
250.2203304300665
 30
0.0
 41
1.0
 10
79.0600862257861
 20
250.2224797125446
 30
0.0
 41
1.0
  0
ARC
  5
617
330
70
100
AcDbEntity
  8
Visible
100
AcDbCircle
 10
77.197567
 20
254.536014
 30
0.0
 40
5.499999999998582
100
AcDbArc
 50
286.190287
 51
289.809713
  0
SPLINE
  5
618
330
70
100
AcDbEntity
  8
Visible
100
AcDbSpline
210
0.0
220
0.0
230
1.0
 70
    12
 71
     5
 72
    81
 73
    75
 74
     0
 42
0.000000001
 43
0.0000000001
 40
0.0
 40
0.0
 40
0.0
 40
0.0
 40
0.0
 40
0.0
 40
0.0142857142857143
 40
0.0285714285714286
 40
0.0428571428571429
 40
0.0571428571428571
 40
0.0714285714285714
 40
0.0857142857142858
 40
0.1
 40
0.1142857142857143
 40
0.1285714285714286
 40
0.1428571428571429
 40
0.1571428571428572
 40
0.1714285714285715
 40
0.1857142857142857
 40
0.2
 40
0.2142857142857143
 40
0.2285714285714286
 40
0.2428571428571429
 40
0.2571428571428572
 40
0.2714285714285714
 40
0.2857142857142858
 40
0.3
 40
0.3142857142857143
 40
0.3285714285714286
 40
0.3428571428571429
 40
0.3571428571428572
 40
0.3714285714285715
 40
0.3857142857142858
 40
0.4000000000000001
 40
0.4142857142857145
 40
0.4285714285714287
 40
0.442857142857143
 40
0.4571428571428572
 40
0.4714285714285716
 40
0.4857142857142859
 40
0.5000000000000001
 40
0.5142857142857144
 40
0.5285714285714286
 40
0.5428571428571428
 40
0.5571428571428571
 40
0.5714285714285713
 40
0.5857142857142855
 40
0.5999999999999998
 40
0.614285714285714
 40
0.6285714285714282
 40
0.6428571428571425
 40
0.6571428571428567
 40
0.6714285714285709
 40
0.6857142857142852
 40
0.6999999999999994
 40
0.7142857142857137
 40
0.7285714285714279
 40
0.7428571428571421
 40
0.7571428571428564
 40
0.7714285714285706
 40
0.7857142857142848
 40
0.7999999999999991
 40
0.8142857142857133
 40
0.8285714285714275
 40
0.8428571428571418
 40
0.857142857142856
 40
0.8714285714285702
 40
0.8857142857142845
 40
0.8999999999999987
 40
0.9142857142857129
 40
0.9285714285714272
 40
0.9428571428571414
 40
0.9571428571428556
 40
0.9714285714285699
 40
0.9857142857142841
 40
1.0
 40
1.0
 40
1.0
 40
1.0
 40
1.0
 40
1.0
 10
78.2261894799667
 20
249.9515302352038
 30
0.0
 41
1.0
 10
78.22670491878398
 20
249.9492480641784
 30
0.0
 41
1.0
 10
78.22779425218413
 20
249.9447000567243
 30
0.0
 41
1.0
 10
78.22960361826426
 20
249.9379270489335
 30
0.0
 41
1.0
 10
78.2323501316323
 20
249.9289894486756
 30
0.0
 41
1.0
 10
78.23624285530058
 20
249.9179439991412
 30
0.0
 41
1.0
 10
78.24047109704224
 20
249.9069887442756
 30
0.0
 41
1.0
 10
78.24491167200903
 20
249.8960878400021
 30
0.0
 41
1.0
 10
78.24947139074175
 20
249.8852146371155
 30
0.0
 41
1.0
 10
78.25411263477599
 20
249.8743592980991
 30
0.0
 41
1.0
 10
78.2588358239036
 20
249.863523437476
 30
0.0
 41
1.0
 10
78.26366458900157
 20
249.8527155750153
 30
0.0
 41
1.0
 10
78.26863037961448
 20
249.8419464225972
 30
0.0
 41
1.0
 10
78.27375633887459
 20
249.8312239411507
 30
0.0
 41
1.0
 10
78.27904440522161
 20
249.8205493950509
 30
0.0
 41
1.0
 10
78.28448319703056
 20
249.8099198203727
 30
0.0
 41
1.0
 10
78.29005360755946
 20
249.7993297871999
 30
0.0
 41
1.0
 10
78.2957350296856
 20
249.7887733546904
 30
0.0
 41
1.0
 10
78.30151187350566
 20
249.778246119984
 30
0.0
 41
1.0
 10
78.30737823723666
 20
249.7677466870073
 30
0.0
 41
1.0
 10
78.3133343157433
 20
249.757275544096
 30
0.0
 41
1.0
 10
78.31938399110914
 20
249.7468343122427
 30
0.0
 41
1.0
 10
78.32553209217713
 20
249.7364248894255
 30
0.0
 41
1.0
 10
78.33178149860941
 20
249.726048546423
 30
0.0
 41
1.0
 10
78.33813124268272
 20
249.7157053346746
 30
0.0
 41
1.0
 10
78.34457806684167
 20
249.7053945752877
 30
0.0
 41
1.0
 10
78.35111740773118
 20
249.6951151685907
 30
0.0
 41
1.0
 10
78.35774454394232
 20
249.6848659548423
 30
0.0
 41
1.0
 10
78.36445581430599
 20
249.6746460971035
 30
0.0
 41
1.0
 10
78.37124935321208
 20
249.6644553126298
 30
0.0
 41
1.0
 10
78.37812440440576
 20
249.6542936585356
 30
0.0
 41
1.0
 10
78.38508089109018
 20
249.6441613978095
 30
0.0
 41
1.0
 10
78.39211891225204
 20
249.6340588421436
 30
0.0
 41
1.0
 10
78.39923820505373
 20
249.623986184155
 30
0.0
 41
1.0
 10
78.40643783228916
 20
249.6139433999733
 30
0.0
 41
1.0
 10
78.41371647332744
 20
249.6039303406078
 30
0.0
 41
1.0
 10
78.42107260037846
 20
249.5939467873987
 30
0.0
 41
1.0
 10
78.42850468774668
 20
249.5839925177725
 30
0.0
 41
1.0
 10
78.4360114343026
 20
249.5740673750615
 30
0.0
 41
1.0
 10
78.4435918889476
 20
249.5641713080704
 30
0.0
 41
1.0
 10
78.45124532323552
 20
249.554304331783
 30
0.0
 41
1.0
 10
78.45897115208936
 20
249.5444665030445
 30
0.0
 41
1.0
 10
78.46676884015323
 20
249.5346578916997
 30
0.0
 41
1.0
 10
78.47463780169437
 20
249.5248785497552
 30
0.0
 41
1.0
 10
78.48257734205162
 20
249.5151284932181
 30
0.0
 41
1.0
 10
78.49058671159219
 20
249.5054077183941
 30
0.0
 41
1.0
 10
78.49866513788947
 20
249.495716211426
 30
0.0
 41
1.0
 10
78.50681186402653
 20
249.4860539597612
 30
0.0
 41
1.0
 10
78.51502618853101
 20
249.4764209638424
 30
0.0
 41
1.0
 10
78.52330748894747
 20
249.4668172444453
 30
0.0
 41
1.0
 10
78.53165519698723
 20
249.4572428369575
 30
0.0
 41
1.0
 10
78.54006878198925
 20
249.4476977878967
 30
0.0
 41
1.0
 10
78.54854773166334
 20
249.4381821504903
 30
0.0
 41
1.0
 10
78.55709153115822
 20
249.4286959801138
 30
0.0
 41
1.0
 10
78.56569964978916
 20
249.4192393306193
 30
0.0
 41
1.0
 10
78.57437155510888
 20
249.4098122546075
 30
0.0
 41
1.0
 10
78.58310672214702
 20
249.4004148027352
 30
0.0
 41
1.0
 10
78.5919046435265
 20
249.391047023365
 30
0.0
 41
1.0
 10
78.60076484009096
 20
249.3817089614404
 30
0.0
 41
1.0
 10
78.60968686685009
 20
249.3724006586854
 30
0.0
 41
1.0
 10
78.61867029937821
 20
249.3631221593214
 30
0.0
 41
1.0
 10
78.62771472244185
 20
249.3538735149705
 30
0.0
 41
1.0
 10
78.63681971797177
 20
249.3446547893372
 30
0.0
 41
1.0
 10
78.64598485136866
 20
249.3354660635505
 30
0.0
 41
1.0
 10
78.65520966244639
 20
249.3263074387614
 30
0.0
 41
1.0
 10
78.66449368789744
 20
249.3171790224142
 30
0.0
 41
1.0
 10
78.67383647991665
 20
249.308080916061
 30
0.0
 41
1.0
 10
78.68323762569253
 20
249.2990132026416
 30
0.0
 41
1.0
 10
78.69269676662316
 20
249.2899759330867
 30
0.0
 41
1.0
 10
78.70221361588574
 20
249.280969114825
 30
0.0
 41
1.0
 10
78.71178795508694
 20
249.2719927280441
 30
0.0
 41
1.0
 10
78.71949329668041
 20
249.2648359375244
 30
0.0
 41
1.0
 10
78.72529806489637
 20
249.2594820100076
 30
0.0
 41
1.0
 10
78.72917935635815
 20
249.2559187964762
 30
0.0
 41
1.0
 10
78.73112286358628
 20
249.2541387075807
 30
0.0
 41
1.0
  0
SPLINE
  5
619
330
70
100
AcDbEntity
  8
Visible
100
AcDbSpline
210
0.0
220
0.0
230
1.0
 70
    12
 71
     5
 72
    81
 73
    75
 74
     0
 42
0.000000001
 43
0.0000000001
 40
-1.0
 40
-1.0
 40
-1.0
 40
-1.0
 40
-1.0
 40
-1.0
 40
-0.9857142857142841
 40
-0.9714285714285699
 40
-0.9571428571428556
 40
-0.9428571428571414
 40
-0.9285714285714272
 40
-0.9142857142857129
 40
-0.8999999999999987
 40
-0.8857142857142845
 40
-0.8714285714285702
 40
-0.857142857142856
 40
-0.8428571428571418
 40
-0.8285714285714275
 40
-0.8142857142857133
 40
-0.7999999999999991
 40
-0.7857142857142848
 40
-0.7714285714285706
 40
-0.7571428571428564
 40
-0.7428571428571421
 40
-0.7285714285714279
 40
-0.7142857142857137
 40
-0.6999999999999994
 40
-0.6857142857142852
 40
-0.6714285714285709
 40
-0.6571428571428567
 40
-0.6428571428571425
 40
-0.6285714285714282
 40
-0.614285714285714
 40
-0.5999999999999998
 40
-0.5857142857142855
 40
-0.5714285714285713
 40
-0.5571428571428571
 40
-0.5428571428571428
 40
-0.5285714285714286
 40
-0.5142857142857144
 40
-0.5000000000000001
 40
-0.4857142857142859
 40
-0.4714285714285716
 40
-0.4571428571428572
 40
-0.442857142857143
 40
-0.4285714285714287
 40
-0.4142857142857145
 40
-0.4000000000000001
 40
-0.3857142857142858
 40
-0.3714285714285715
 40
-0.3571428571428572
 40
-0.3428571428571429
 40
-0.3285714285714286
 40
-0.3142857142857143
 40
-0.3
 40
-0.2857142857142858
 40
-0.2714285714285714
 40
-0.2571428571428572
 40
-0.2428571428571429
 40
-0.2285714285714286
 40
-0.2142857142857143
 40
-0.2
 40
-0.1857142857142857
 40
-0.1714285714285715
 40
-0.1571428571428572
 40
-0.1428571428571429
 40
-0.1285714285714286
 40
-0.1142857142857143
 40
-0.1
 40
-0.0857142857142858
 40
-0.0714285714285714
 40
-0.0571428571428571
 40
-0.0428571428571429
 40
-0.0285714285714286
 40
-0.0142857142857143
 40
0.0
 40
0.0
 40
0.0
 40
0.0
 40
0.0
 40
0.0
 10
77.37125829299021
 20
249.0387573186499
 30
0.0
 41
1.0
 10
77.37255660048322
 20
249.0410508605555
 30
0.0
 41
1.0
 10
77.37514683448444
 20
249.0456390630261
 30
0.0
 41
1.0
 10
77.37901304253319
 20
249.0525247227051
 30
0.0
 41
1.0
 10
77.38412968797002
 20
249.0617123164648
 30
0.0
 41
1.0
 10
77.39046156959284
 20
249.0732080011285
 30
0.0
 41
1.0
 10
77.3967293711903
 20
249.0847148624816
 30
0.0
 41
1.0
 10
77.40293287893564
 20
249.0962328518817
 30
0.0
 41
1.0
 10
77.40907182234059
 20
249.1077618736281
 30
0.0
 41
1.0
 10
77.41514587609072
 20
249.11930176847
 30
0.0
 41
1.0
 10
77.42115467320946
 20
249.1308523299613
 30
0.0
 41
1.0
 10
77.42709781919256
 20
249.1424133231403
 30
0.0
 41
1.0
 10
77.43297490660734
 20
249.1539845026518
 30
0.0
 41
1.0
 10
77.43878552904971
 20
249.1655656300891
 30
0.0
 41
1.0
 10
77.44452929826093
 20
249.1771564939972
 30
0.0
 41
1.0
 10
77.45020583631958
 20
249.1887569045975
 30
0.0
 41
1.0
 10
77.45581476426832
 20
249.2003666844821
 30
0.0
 41
1.0
 10
77.46135569211674
 20
249.2119856604368
 30
0.0
 41
1.0
 10
77.46682820954993
 20
249.2236136552711
 30
0.0
 41
1.0
 10
77.47223187474901
 20
249.2352504781738
 30
0.0
 41
1.0
 10
77.4775662201182
 20
249.2468959263624
 30
0.0
 41
1.0
 10
77.48283076203097
 20
249.2585497894324
 30
0.0
 41
1.0
 10
77.48802501035607
 20
249.270211852825
 30
0.0
 41
1.0
 10
77.49314847702407
 20
249.28188190133
 30
0.0
 41
1.0
 10
77.49820068949429
 20
249.2935597231872
 30
0.0
 41
1.0
 10
77.50318117699681
 20
249.3052451094673
 30
0.0
 41
1.0
 10
77.50808944921846
 20
249.3169378519442
 30
0.0
 41
1.0
 10
77.51292497662053
 20
249.3286377413533
 30
0.0
 41
1.0
 10
77.51768717363029
 20
249.3403445655868
 30
0.0
 41
1.0
 10
77.52237537324799
 20
249.3520581074545
 30
0.0
 41
1.0
 10
77.5269888517214
 20
249.363778144997
 30
0.0
 41
1.0
 10
77.53152687014881
 20
249.3755044526979
 30
0.0
 41
1.0
 10
77.5359887144441
 20
249.387236802424
 30
0.0
 41
1.0
 10
77.54037372889252
 20
249.3989749642888
 30
0.0
 41
1.0
 10
77.54468137250023
 20
249.4107187078271
 30
0.0
 41
1.0
 10
77.54891115769533
 20
249.4224678011824
 30
0.0
 41
1.0
 10
77.55306254560401
 20
249.4342220094905
 30
0.0
 41
1.0
 10
77.55713484806347
 20
249.4459810933986
 30
0.0
 41
1.0
 10
77.56112714470328
 20
249.4577448076925
 30
0.0
 41
1.0
 10
77.56503814966436
 20
249.4695128992989
 30
0.0
 41
1.0
 10
77.56886634314378
 20
249.4812851084325
 30
0.0
 41
1.0
 10
77.57261020455826
 20
249.4930611709397
 30
0.0
 41
1.0
 10
77.57626843187154
 20
249.5048408204202
 30
0.0
 41
1.0
 10
77.57984012637189
 20
249.516623789963
 30
0.0
 41
1.0
 10
77.58332509760839
 20
249.5284098151578
 30
0.0
 41
1.0
 10
77.58672353603924
 20
249.5401986301567
 30
0.0
 41
1.0
 10
77.59003544989628
 20
249.5519899611108
 30
0.0
 41
1.0
 10
77.59326013758709
 20
249.563783520005
 30
0.0
 41
1.0
 10
77.59639573743697
 20
249.5755789992409
 30
0.0
 41
1.0
 10
77.59943850884155
 20
249.5873760634304
 30
0.0
 41
1.0
 10
77.60238360309177
 20
249.5991743565574
 30
0.0
 41
1.0
 10
77.6052263403626
 20
249.6109735143191
 30
0.0
 41
1.0
 10
77.60796341274636
 20
249.6227731757399
 30
0.0
 41
1.0
 10
77.61059391577692
 20
249.6345729928535
 30
0.0
 41
1.0
 10
77.61312098087092
 20
249.6463726469447
 30
0.0
 41
1.0
 10
77.61554978703589
 20
249.6581718251209
 30
0.0
 41
1.0
 10
77.61788452726796
 20
249.6699701853595
 30
0.0
 41
1.0
 10
77.62012553779823
 20
249.68176732344
 30
0.0
 41
1.0
 10
77.62226677428862
 20
249.6935627433568
 30
0.0
 41
1.0
 10
77.62429204929867
 20
249.7053558149318
 30
0.0
 41
1.0
 10
77.62617992847117
 20
249.7171458202929
 30
0.0
 41
1.0
 10
77.62791056227706
 20
249.7289320192876
 30
0.0
 41
1.0
 10
77.62947221024387
 20
249.7407137136625
 30
0.0
 41
1.0
 10
77.63086710665357
 20
249.7524902999348
 30
0.0
 41
1.0
 10
77.63211972199224
 20
249.7642613584321
 30
0.0
 41
1.0
 10
77.63326327670802
 20
249.7760264199951
 30
0.0
 41
1.0
 10
77.63432287785509
 20
249.7877846841857
 30
0.0
 41
1.0
 10
77.63529942359309
 20
249.7995347452215
 30
0.0
 41
1.0
 10
77.63615409667727
 20
249.8112743343936
 30
0.0
 41
1.0
 10
77.6367900336063
 20
249.8229999994765
 30
0.0
 41
1.0
 10
77.63707900220106
 20
249.8347077639992
 30
0.0
 41
1.0
 10
77.63692922126756
 20
249.8440566462705
 30
0.0
 41
1.0
 10
77.63655705615838
 20
249.8510572843325
 30
0.0
 41
1.0
 10
77.63618766219224
 20
249.8557193189908
 30
0.0
 41
1.0
 10
77.63597264400778
 20
249.8580490719696
 30
0.0
 41
1.0
  0
ARC
  5
61A
330
70
100
AcDbEntity
  8
Visible
100
AcDbCircle
 10
77.197567
 20
254.536014
 30
0.0
 40
5.499999999998582
100
AcDbArc
 50
268.190287
 51
271.809713
  0
SPLINE
  5
61B
330
70
100
AcDbEntity
  8
Visible
100
AcDbSpline
210
0.0
220
0.0
230
1.0
 70
    12
 71
     5
 72
    81
 73
    75
 74
     0
 42
0.000000001
 43
0.0000000001
 40
0.0
 40
0.0
 40
0.0
 40
0.0
 40
0.0
 40
0.0
 40
0.0142857142857143
 40
0.0285714285714286
 40
0.0428571428571429
 40
0.0571428571428571
 40
0.0714285714285714
 40
0.0857142857142858
 40
0.1
 40
0.1142857142857143
 40
0.1285714285714286
 40
0.1428571428571429
 40
0.1571428571428572
 40
0.1714285714285715
 40
0.1857142857142857
 40
0.2
 40
0.2142857142857143
 40
0.2285714285714286
 40
0.2428571428571429
 40
0.2571428571428572
 40
0.2714285714285714
 40
0.2857142857142858
 40
0.3
 40
0.3142857142857143
 40
0.3285714285714286
 40
0.3428571428571429
 40
0.3571428571428572
 40
0.3714285714285715
 40
0.3857142857142858
 40
0.4000000000000001
 40
0.4142857142857145
 40
0.4285714285714287
 40
0.442857142857143
 40
0.4571428571428572
 40
0.4714285714285716
 40
0.4857142857142859
 40
0.5000000000000001
 40
0.5142857142857144
 40
0.5285714285714286
 40
0.5428571428571428
 40
0.5571428571428571
 40
0.5714285714285713
 40
0.5857142857142855
 40
0.5999999999999998
 40
0.614285714285714
 40
0.6285714285714282
 40
0.6428571428571425
 40
0.6571428571428567
 40
0.6714285714285709
 40
0.6857142857142852
 40
0.6999999999999994
 40
0.7142857142857137
 40
0.7285714285714279
 40
0.7428571428571421
 40
0.7571428571428564
 40
0.7714285714285706
 40
0.7857142857142848
 40
0.7999999999999991
 40
0.8142857142857133
 40
0.8285714285714275
 40
0.8428571428571418
 40
0.857142857142856
 40
0.8714285714285702
 40
0.8857142857142845
 40
0.8999999999999987
 40
0.9142857142857129
 40
0.9285714285714272
 40
0.9428571428571414
 40
0.9571428571428556
 40
0.9714285714285699
 40
0.9857142857142841
 40
1.0
 40
1.0
 40
1.0
 40
1.0
 40
1.0
 40
1.0
 10
76.75916171686367
 20
249.8580490719696
 30
0.0
 41
1.0
 10
76.75894669867921
 20
249.8557193189908
 30
0.0
 41
1.0
 10
76.75857730471307
 20
249.8510572843325
 30
0.0
 41
1.0
 10
76.75820513960388
 20
249.8440566462705
 30
0.0
 41
1.0
 10
76.75805535867039
 20
249.8347077639992
 30
0.0
 41
1.0
 10
76.75834432726515
 20
249.8229999994765
 30
0.0
 41
1.0
 10
76.75898026419417
 20
249.8112743343936
 30
0.0
 41
1.0
 10
76.75983493727835
 20
249.7995347452215
 30
0.0
 41
1.0
 10
76.76081148301637
 20
249.7877846841857
 30
0.0
 41
1.0
 10
76.76187108416343
 20
249.7760264199951
 30
0.0
 41
1.0
 10
76.76301463887921
 20
249.7642613584321
 30
0.0
 41
1.0
 10
76.76426725421788
 20
249.7524902999348
 30
0.0
 41
1.0
 10
76.76566215062758
 20
249.7407137136625
 30
0.0
 41
1.0
 10
76.76722379859438
 20
249.7289320192876
 30
0.0
 41
1.0
 10
76.76895443240027
 20
249.7171458202929
 30
0.0
 41
1.0
 10
76.77084231157278
 20
249.7053558149318
 30
0.0
 41
1.0
 10
76.77286758658283
 20
249.6935627433568
 30
0.0
 41
1.0
 10
76.77500882307322
 20
249.68176732344
 30
0.0
 41
1.0
 10
76.77724983360349
 20
249.6699701853595
 30
0.0
 41
1.0
 10
76.77958457383557
 20
249.6581718251209
 30
0.0
 41
1.0
 10
76.78201338000054
 20
249.6463726469447
 30
0.0
 41
1.0
 10
76.78454044509454
 20
249.6345729928535
 30
0.0
 41
1.0
 10
76.78717094812509
 20
249.6227731757399
 30
0.0
 41
1.0
 10
76.78990802050885
 20
249.6109735143191
 30
0.0
 41
1.0
 10
76.79275075777969
 20
249.5991743565574
 30
0.0
 41
1.0
 10
76.79569585202989
 20
249.5873760634304
 30
0.0
 41
1.0
 10
76.79873862343447
 20
249.5755789992409
 30
0.0
 41
1.0
 10
76.80187422328436
 20
249.563783520005
 30
0.0
 41
1.0
 10
76.80509891097518
 20
249.5519899611108
 30
0.0
 41
1.0
 10
76.80841082483221
 20
249.5401986301567
 30
0.0
 41
1.0
 10
76.81180926326305
 20
249.5284098151578
 30
0.0
 41
1.0
 10
76.81529423449956
 20
249.516623789963
 30
0.0
 41
1.0
 10
76.81886592899991
 20
249.5048408204202
 30
0.0
 41
1.0
 10
76.82252415631319
 20
249.4930611709397
 30
0.0
 41
1.0
 10
76.82626801772767
 20
249.4812851084325
 30
0.0
 41
1.0
 10
76.83009621120709
 20
249.4695128992989
 30
0.0
 41
1.0
 10
76.83400721616817
 20
249.4577448076925
 30
0.0
 41
1.0
 10
76.83799951280798
 20
249.4459810933986
 30
0.0
 41
1.0
 10
76.84207181526744
 20
249.4342220094905
 30
0.0
 41
1.0
 10
76.84622320317612
 20
249.4224678011824
 30
0.0
 41
1.0
 10
76.85045298837121
 20
249.4107187078271
 30
0.0
 41
1.0
 10
76.85476063197893
 20
249.3989749642888
 30
0.0
 41
1.0
 10
76.85914564642735
 20
249.387236802424
 30
0.0
 41
1.0
 10
76.86360749072264
 20
249.3755044526979
 30
0.0
 41
1.0
 10
76.86814550915006
 20
249.363778144997
 30
0.0
 41
1.0
 10
76.87275898762345
 20
249.3520581074545
 30
0.0
 41
1.0
 10
76.87744718724116
 20
249.3403445655868
 30
0.0
 41
1.0
 10
76.88220938425093
 20
249.3286377413533
 30
0.0
 41
1.0
 10
76.88704491165299
 20
249.3169378519442
 30
0.0
 41
1.0
 10
76.89195318387465
 20
249.3052451094673
 30
0.0
 41
1.0
 10
76.89693367137715
 20
249.2935597231872
 30
0.0
 41
1.0
 10
76.90198588384737
 20
249.28188190133
 30
0.0
 41
1.0
 10
76.90710935051538
 20
249.270211852825
 30
0.0
 41
1.0
 10
76.91230359884048
 20
249.2585497894324
 30
0.0
 41
1.0
 10
76.91756814075325
 20
249.2468959263624
 30
0.0
 41
1.0
 10
76.92290248612244
 20
249.2352504781738
 30
0.0
 41
1.0
 10
76.92830615132152
 20
249.2236136552711
 30
0.0
 41
1.0
 10
76.93377866875471
 20
249.2119856604368
 30
0.0
 41
1.0
 10
76.93931959660313
 20
249.2003666844821
 30
0.0
 41
1.0
 10
76.94492852455187
 20
249.1887569045975
 30
0.0
 41
1.0
 10
76.95060506261052
 20
249.1771564939972
 30
0.0
 41
1.0
 10
76.95634883182174
 20
249.1655656300891
 30
0.0
 41
1.0
 10
76.96215945426411
 20
249.1539845026518
 30
0.0
 41
1.0
 10
76.96803654167888
 20
249.1424133231403
 30
0.0
 41
1.0
 10
76.973979687662
 20
249.1308523299613
 30
0.0
 41
1.0
 10
76.97998848478073
 20
249.11930176847
 30
0.0
 41
1.0
 10
76.98606253853085
 20
249.1077618736281
 30
0.0
 41
1.0
 10
76.99220148193581
 20
249.0962328518817
 30
0.0
 41
1.0
 10
76.99840498968114
 20
249.0847148624816
 30
0.0
 41
1.0
 10
77.0046727912786
 20
249.0732080011285
 30
0.0
 41
1.0
 10
77.01100467290143
 20
249.0617123164648
 30
0.0
 41
1.0
 10
77.01612131833826
 20
249.0525247227051
 30
0.0
 41
1.0
 10
77.01998752638701
 20
249.0456390630261
 30
0.0
 41
1.0
 10
77.02257776038823
 20
249.0410508605555
 30
0.0
 41
1.0
 10
77.02387606788125
 20
249.0387573186499
 30
0.0
 41
1.0
  0
SPLINE
  5
61C
330
70
100
AcDbEntity
  8
Visible
100
AcDbSpline
210
0.0
220
0.0
230
1.0
 70
    12
 71
     5
 72
    81
 73
    75
 74
     0
 42
0.000000001
 43
0.0000000001
 40
-1.0
 40
-1.0
 40
-1.0
 40
-1.0
 40
-1.0
 40
-1.0
 40
-0.9857142857142841
 40
-0.9714285714285699
 40
-0.9571428571428556
 40
-0.9428571428571414
 40
-0.9285714285714272
 40
-0.9142857142857129
 40
-0.8999999999999987
 40
-0.8857142857142845
 40
-0.8714285714285702
 40
-0.857142857142856
 40
-0.8428571428571418
 40
-0.8285714285714275
 40
-0.8142857142857133
 40
-0.7999999999999991
 40
-0.7857142857142848
 40
-0.7714285714285706
 40
-0.7571428571428564
 40
-0.7428571428571421
 40
-0.7285714285714279
 40
-0.7142857142857137
 40
-0.6999999999999994
 40
-0.6857142857142852
 40
-0.6714285714285709
 40
-0.6571428571428567
 40
-0.6428571428571425
 40
-0.6285714285714282
 40
-0.614285714285714
 40
-0.5999999999999998
 40
-0.5857142857142855
 40
-0.5714285714285713
 40
-0.5571428571428571
 40
-0.5428571428571428
 40
-0.5285714285714286
 40
-0.5142857142857144
 40
-0.5000000000000001
 40
-0.4857142857142859
 40
-0.4714285714285716
 40
-0.4571428571428572
 40
-0.442857142857143
 40
-0.4285714285714287
 40
-0.4142857142857145
 40
-0.4000000000000001
 40
-0.3857142857142858
 40
-0.3714285714285715
 40
-0.3571428571428572
 40
-0.3428571428571429
 40
-0.3285714285714286
 40
-0.3142857142857143
 40
-0.3
 40
-0.2857142857142858
 40
-0.2714285714285714
 40
-0.2571428571428572
 40
-0.2428571428571429
 40
-0.2285714285714286
 40
-0.2142857142857143
 40
-0.2
 40
-0.1857142857142857
 40
-0.1714285714285715
 40
-0.1571428571428572
 40
-0.1428571428571429
 40
-0.1285714285714286
 40
-0.1142857142857143
 40
-0.1
 40
-0.0857142857142858
 40
-0.0714285714285714
 40
-0.0571428571428571
 40
-0.0428571428571429
 40
-0.0285714285714286
 40
-0.0142857142857143
 40
0.0
 40
0.0
 40
0.0
 40
0.0
 40
0.0
 40
0.0
 10
75.66401149728517
 20
249.2541387075807
 30
0.0
 41
1.0
 10
75.66595500451331
 20
249.2559187964762
 30
0.0
 41
1.0
 10
75.66983629597507
 20
249.2594820100076
 30
0.0
 41
1.0
 10
75.67564106419104
 20
249.2648359375244
 30
0.0
 41
1.0
 10
75.6833464057845
 20
249.2719927280441
 30
0.0
 41
1.0
 10
75.69292074498571
 20
249.280969114825
 30
0.0
 41
1.0
 10
75.7024375942483
 20
249.2899759330867
 30
0.0
 41
1.0
 10
75.71189673517892
 20
249.2990132026416
 30
0.0
 41
1.0
 10
75.7212978809548
 20
249.308080916061
 30
0.0
 41
1.0
 10
75.73064067297401
 20
249.3171790224142
 30
0.0
 41
1.0
 10
75.73992469842505
 20
249.3263074387614
 30
0.0
 41
1.0
 10
75.74914950950279
 20
249.3354660635505
 30
0.0
 41
1.0
 10
75.75831464289968
 20
249.3446547893372
 30
0.0
 41
1.0
 10
75.7674196384296
 20
249.3538735149705
 30
0.0
 41
1.0
 10
75.77646406149324
 20
249.3631221593214
 30
0.0
 41
1.0
 10
75.78544749402135
 20
249.3724006586854
 30
0.0
 41
1.0
 10
75.79436952078049
 20
249.3817089614404
 30
0.0
 41
1.0
 10
75.80322971734495
 20
249.391047023365
 30
0.0
 41
1.0
 10
75.81202763872443
 20
249.4004148027352
 30
0.0
 41
1.0
 10
75.82076280576257
 20
249.4098122546075
 30
0.0
 41
1.0
 10
75.82943471108229
 20
249.4192393306193
 30
0.0
 41
1.0
 10
75.83804282971323
 20
249.4286959801138
 30
0.0
 41
1.0
 10
75.8465866292081
 20
249.4381821504903
 30
0.0
 41
1.0
 10
75.8550655788822
 20
249.4476977878967
 30
0.0
 41
1.0
 10
75.86347916388422
 20
249.4572428369575
 30
0.0
 41
1.0
 10
75.87182687192399
 20
249.4668172444453
 30
0.0
 41
1.0
 10
75.88010817234044
 20
249.4764209638424
 30
0.0
 41
1.0
 10
75.88832249684492
 20
249.4860539597612
 30
0.0
 41
1.0
 10
75.89646922298197
 20
249.495716211426
 30
0.0
 41
1.0
 10
75.90454764927926
 20
249.5054077183941
 30
0.0
 41
1.0
 10
75.91255701881983
 20
249.5151284932181
 30
0.0
 41
1.0
 10
75.92049655917708
 20
249.5248785497552
 30
0.0
 41
1.0
 10
75.92836552071822
 20
249.5346578916997
 30
0.0
 41
1.0
 10
75.93616320878209
 20
249.5444665030445
 30
0.0
 41
1.0
 10
75.94388903763593
 20
249.554304331783
 30
0.0
 41
1.0
 10
75.95154247192386
 20
249.5641713080704
 30
0.0
 41
1.0
 10
75.95912292656885
 20
249.5740673750615
 30
0.0
 41
1.0
 10
75.96662967312477
 20
249.5839925177725
 30
0.0
 41
1.0
 10
75.97406176049299
 20
249.5939467873987
 30
0.0
 41
1.0
 10
75.98141788754401
 20
249.6039303406078
 30
0.0
 41
1.0
 10
75.9886965285823
 20
249.6139433999733
 30
0.0
 41
1.0
 10
75.99589615581772
 20
249.623986184155
 30
0.0
 41
1.0
 10
76.00301544861941
 20
249.6340588421436
 30
0.0
 41
1.0
 10
76.01005346978126
 20
249.6441613978095
 30
0.0
 41
1.0
 10
76.0170099564657
 20
249.6542936585356
 30
0.0
 41
1.0
 10
76.02388500765937
 20
249.6644553126298
 30
0.0
 41
1.0
 10
76.03067854656547
 20
249.6746460971035
 30
0.0
 41
1.0
 10
76.03738981692913
 20
249.6848659548423
 30
0.0
 41
1.0
 10
76.04401695314027
 20
249.6951151685907
 30
0.0
 41
1.0
 10
76.05055629402977
 20
249.7053945752877
 30
0.0
 41
1.0
 10
76.05700311818873
 20
249.7157053346746
 30
0.0
 41
1.0
 10
76.06335286226204
 20
249.726048546423
 30
0.0
 41
1.0
 10
76.06960226869432
 20
249.7364248894255
 30
0.0
 41
1.0
 10
76.07575036976232
 20
249.7468343122427
 30
0.0
 41
1.0
 10
76.08180004512814
 20
249.757275544096
 30
0.0
 41
1.0
 10
76.08775612363479
 20
249.7677466870073
 30
0.0
 41
1.0
 10
76.09362248736579
 20
249.778246119984
 30
0.0
 41
1.0
 10
76.09939933118585
 20
249.7887733546904
 30
0.0
 41
1.0
 10
76.105080753312
 20
249.7993297871999
 30
0.0
 41
1.0
 10
76.11065116384089
 20
249.8099198203727
 30
0.0
 41
1.0
 10
76.11608995564984
 20
249.8205493950509
 30
0.0
 41
1.0
 10
76.12137802199686
 20
249.8312239411507
 30
0.0
 41
1.0
 10
76.12650398125698
 20
249.8419464225972
 30
0.0
 41
1.0
 10
76.13146977186989
 20
249.8527155750153
 30
0.0
 41
1.0
 10
76.13629853696784
 20
249.863523437476
 30
0.0
 41
1.0
 10
76.14102172609546
 20
249.8743592980991
 30
0.0
 41
1.0
 10
76.1456629701297
 20
249.8852146371155
 30
0.0
 41
1.0
 10
76.15022268886241
 20
249.8960878400021
 30
0.0
 41
1.0
 10
76.15466326382921
 20
249.9069887442756
 30
0.0
 41
1.0
 10
76.15889150557086
 20
249.9179439991412
 30
0.0
 41
1.0
 10
76.16278422923915
 20
249.9289894486756
 30
0.0
 41
1.0
 10
76.16553074260719
 20
249.9379270489335
 30
0.0
 41
1.0
 10
76.16734010868731
 20
249.9447000567243
 30
0.0
 41
1.0
 10
76.16842944208747
 20
249.9492480641784
 30
0.0
 41
1.0
 10
76.16894488090474
 20
249.9515302352038
 30
0.0
 41
1.0
  0
ARC
  5
61D
330
70
100
AcDbEntity
  8
Visible
100
AcDbCircle
 10
77.197567
 20
254.536014
 30
0.0
 40
5.499999999998583
100
AcDbArc
 50
250.190287
 51
253.809713
  0
SPLINE
  5
61E
330
70
100
AcDbEntity
  8
Visible
100
AcDbSpline
210
0.0
220
0.0
230
1.0
 70
    12
 71
     5
 72
    81
 73
    75
 74
     0
 42
0.000000001
 43
0.0000000001
 40
0.0
 40
0.0
 40
0.0
 40
0.0
 40
0.0
 40
0.0
 40
0.0142857142857143
 40
0.0285714285714286
 40
0.0428571428571429
 40
0.0571428571428571
 40
0.0714285714285714
 40
0.0857142857142858
 40
0.1
 40
0.1142857142857143
 40
0.1285714285714286
 40
0.1428571428571429
 40
0.1571428571428572
 40
0.1714285714285715
 40
0.1857142857142857
 40
0.2
 40
0.2142857142857143
 40
0.2285714285714286
 40
0.2428571428571429
 40
0.2571428571428572
 40
0.2714285714285714
 40
0.2857142857142858
 40
0.3
 40
0.3142857142857143
 40
0.3285714285714286
 40
0.3428571428571429
 40
0.3571428571428572
 40
0.3714285714285715
 40
0.3857142857142858
 40
0.4000000000000001
 40
0.4142857142857145
 40
0.4285714285714287
 40
0.442857142857143
 40
0.4571428571428572
 40
0.4714285714285716
 40
0.4857142857142859
 40
0.5000000000000001
 40
0.5142857142857144
 40
0.5285714285714286
 40
0.5428571428571428
 40
0.5571428571428571
 40
0.5714285714285713
 40
0.5857142857142855
 40
0.5999999999999998
 40
0.614285714285714
 40
0.6285714285714282
 40
0.6428571428571425
 40
0.6571428571428567
 40
0.6714285714285709
 40
0.6857142857142852
 40
0.6999999999999994
 40
0.7142857142857137
 40
0.7285714285714279
 40
0.7428571428571421
 40
0.7571428571428564
 40
0.7714285714285706
 40
0.7857142857142848
 40
0.7999999999999991
 40
0.8142857142857133
 40
0.8285714285714275
 40
0.8428571428571418
 40
0.857142857142856
 40
0.8714285714285702
 40
0.8857142857142845
 40
0.8999999999999987
 40
0.9142857142857129
 40
0.9285714285714272
 40
0.9428571428571414
 40
0.9571428571428556
 40
0.9714285714285699
 40
0.9857142857142841
 40
1.0
 40
1.0
 40
1.0
 40
1.0
 40
1.0
 40
1.0
 10
75.33504813508534
 20
250.2224797125446
 30
0.0
 41
1.0
 10
75.33412370737642
 20
250.2203304300665
 30
0.0
 41
1.0
 10
75.33233174490033
 20
250.2160107206373
 30
0.0
 41
1.0
 10
75.32981447871498
 20
250.2094677235346
 30
0.0
 41
1.0
 10
75.32678306508206
 20
250.2006226929834
 30
0.0
 41
1.0
 10
75.32343999234399
 20
250.1893986510367
 30
0.0
 41
1.0
 10
75.32042137452299
 20
250.1780503655336
 30
0.0
 41
1.0
 10
75.31760648436829
 20
250.1666212442451
 30
0.0
 41
1.0
 10
75.31490426600976
 20
250.1551445029008
 30
0.0
 41
1.0
 10
75.31227850312643
 20
250.1436342943607
 30
0.0
 41
1.0
 10
75.3097304843277
 20
250.132091678056
 30
0.0
 41
1.0
 10
75.30728433519107
 20
250.1205096567401
 30
0.0
 41
1.0
 10
75.30497179521626
 20
250.1088784109306
 30
0.0
 41
1.0
 10
75.30281626690793
 20
250.0971907779613
 30
0.0
 41
1.0
 10
75.30082006167777
 20
250.0854466413475
 30
0.0
 41
1.0
 10
75.29897222944601
 20
250.073650293175
 30
0.0
 41
1.0
 10
75.2972541209092
 20
250.0618085712094
 30
0.0
 41
1.0
 10
75.29564557261619
 20
250.0499287817711
 30
0.0
 41
1.0
 10
75.29413138413293
 20
250.0380165263877
 30
0.0
 41
1.0
 10
75.29270596022434
 20
250.0260741445918
 30
0.0
 41
1.0
 10
75.29136974557786
 20
250.0141019169187
 30
0.0
 41
1.0
 10
75.2901268336609
 20
250.0020988729457
 30
0.0
 41
1.0
 10
75.28898224669138
 20
249.990063709849
 30
0.0
 41
1.0
 10
75.28793906130977
 20
249.9779957630826
 30
0.0
 41
1.0
 10
75.28699652484829
 20
249.9658956430803
 30
0.0
 41
1.0
 10
75.28615160284516
 20
249.9537647153466
 30
0.0
 41
1.0
 10
75.28539995709798
 20
249.9416047725017
 30
0.0
 41
1.0
 10
75.28473708622732
 20
249.9294176514704
 30
0.0
 41
1.0
 10
75.28415953634703
 20
249.9172048271357
 30
0.0
 41
1.0
 10
75.28366563195049
 20
249.9049671673301
 30
0.0
 41
1.0
 10
75.28325479478735
 20
249.892705162777
 30
0.0
 41
1.0
 10
75.28292711730955
 20
249.8804190713772
 30
0.0
 41
1.0
 10
75.28268286280582
 20
249.8681090871132
 30
0.0
 41
1.0
 10
75.28252193185199
 20
249.8557755203064
 30
0.0
 41
1.0
 10
75.28244355220522
 20
249.8434189025211
 30
0.0
 41
1.0
 10
75.28244656787592
 20
249.83103988947
 30
0.0
 41
1.0
 10
75.28252961433191
 20
249.8186392022644
 30
0.0
 41
1.0
 10
75.28269132643163
 20
249.8062175576215
 30
0.0
 41
1.0
 10
75.28293055945596
 20
249.7937755935791
 30
0.0
 41
1.0
 10
75.28324651385628
 20
249.7813138277597
 30
0.0
 41
1.0
 10
75.28363860911304
 20
249.7688327004562
 30
0.0
 41
1.0
 10
75.28410640530456
 20
249.756332601557
 30
0.0
 41
1.0
 10
75.28464951037131
 20
249.7438139022415
 30
0.0
 41
1.0
 10
75.28526748101376
 20
249.7312769888704
 30
0.0
 41
1.0
 10
75.28595976464931
 20
249.7187222827033
 30
0.0
 41
1.0
 10
75.28672575263954
 20
249.7061502213764
 30
0.0
 41
1.0
 10
75.2875648119334
 20
249.6935612476991
 30
0.0
 41
1.0
 10
75.28847632279394
 20
249.6809557964198
 30
0.0
 41
1.0
 10
75.2894597179793
 20
249.6683342802143
 30
0.0
 41
1.0
 10
75.29051450612314
 20
249.6556970817583
 30
0.0
 41
1.0
 10
75.2916402482706
 20
249.6430445637125
 30
0.0
 41
1.0
 10
75.29283654245046
 20
249.6303770756267
 30
0.0
 41
1.0
 10
75.29410300549807
 20
249.6176949616802
 30
0.0
 41
1.0
 10
75.29543925343751
 20
249.6049985692916
 30
0.0
 41
1.0
 10
75.29684488859039
 20
249.5922882539608
 30
0.0
 41
1.0
 10
75.29831951111555
 20
249.5795643712027
 30
0.0
 41
1.0
 10
75.29986272607857
 20
249.5668272705734
 30
0.0
 41
1.0
 10
75.30147415142891
 20
249.5540772894255
 30
0.0
 41
1.0
 10
75.30315342593894
 20
249.5413147457612
 30
0.0
 41
1.0
 10
75.30490021412879
 20
249.5285399348941
 30
0.0
 41
1.0
 10
75.3067141986221
 20
249.5157531420709
 30
0.0
 41
1.0
 10
75.30859507383138
 20
249.5029546531232
 30
0.0
 41
1.0
 10
75.31054253897673
 20
249.4901447653256
 30
0.0
 41
1.0
 10
75.31255629014504
 20
249.4773237997615
 30
0.0
 41
1.0
 10
75.31463601449559
 20
249.4644921087547
 30
0.0
 41
1.0
 10
75.31678140035547
 20
249.4516500515565
 30
0.0
 41
1.0
 10
75.31899214513487
 20
249.4387979735366
 30
0.0
 41
1.0
 10
75.32126796361535
 20
249.4259361844379
 30
0.0
 41
1.0
 10
75.32360859561504
 20
249.4130649362469
 30
0.0
 41
1.0
 10
75.32601381345648
 20
249.4001844035629
 30
0.0
 41
1.0
 10
75.32848342881152
 20
249.3872946987267
 30
0.0
 41
1.0
 10
75.33051052518658
 20
249.3769756474185
 30
0.0
 41
1.0
 10
75.33205972168616
 20
249.3692322719208
 30
0.0
 41
1.0
 10
75.33310534807424
 20
249.3640682057375
 30
0.0
 41
1.0
 10
75.33363136844946
 20
249.361485718684
 30
0.0
 41
1.0
  0
SPLINE
  5
61F
330
70
100
AcDbEntity
  8
Visible
100
AcDbSpline
210
0.0
220
0.0
230
1.0
 70
    12
 71
     5
 72
    81
 73
    75
 74
     0
 42
0.000000001
 43
0.0000000001
 40
-1.0
 40
-1.0
 40
-1.0
 40
-1.0
 40
-1.0
 40
-1.0
 40
-0.9857142857142841
 40
-0.9714285714285699
 40
-0.9571428571428556
 40
-0.9428571428571414
 40
-0.9285714285714272
 40
-0.9142857142857129
 40
-0.8999999999999987
 40
-0.8857142857142845
 40
-0.8714285714285702
 40
-0.857142857142856
 40
-0.8428571428571418
 40
-0.8285714285714275
 40
-0.8142857142857133
 40
-0.7999999999999991
 40
-0.7857142857142848
 40
-0.7714285714285706
 40
-0.7571428571428564
 40
-0.7428571428571421
 40
-0.7285714285714279
 40
-0.7142857142857137
 40
-0.6999999999999994
 40
-0.6857142857142852
 40
-0.6714285714285709
 40
-0.6571428571428567
 40
-0.6428571428571425
 40
-0.6285714285714282
 40
-0.614285714285714
 40
-0.5999999999999998
 40
-0.5857142857142855
 40
-0.5714285714285713
 40
-0.5571428571428571
 40
-0.5428571428571428
 40
-0.5285714285714286
 40
-0.5142857142857144
 40
-0.5000000000000001
 40
-0.4857142857142859
 40
-0.4714285714285716
 40
-0.4571428571428572
 40
-0.442857142857143
 40
-0.4285714285714287
 40
-0.4142857142857145
 40
-0.4000000000000001
 40
-0.3857142857142858
 40
-0.3714285714285715
 40
-0.3571428571428572
 40
-0.3428571428571429
 40
-0.3285714285714286
 40
-0.3142857142857143
 40
-0.3
 40
-0.2857142857142858
 40
-0.2714285714285714
 40
-0.2571428571428572
 40
-0.2428571428571429
 40
-0.2285714285714286
 40
-0.2142857142857143
 40
-0.2
 40
-0.1857142857142857
 40
-0.1714285714285715
 40
-0.1571428571428572
 40
-0.1428571428571429
 40
-0.1285714285714286
 40
-0.1142857142857143
 40
-0.1
 40
-0.0857142857142858
 40
-0.0714285714285714
 40
-0.0571428571428571
 40
-0.0428571428571429
 40
-0.0285714285714286
 40
-0.0142857142857143
 40
0.0
 40
0.0
 40
0.0
 40
0.0
 40
0.0
 40
0.0
 10
74.10687981675801
 20
249.9865468544776
 30
0.0
 41
1.0
 10
74.10927827969135
 20
249.9876392428596
 30
0.0
 41
1.0
 10
74.11407070076439
 20
249.989828675285
 30
0.0
 41
1.0
 10
74.12124581799071
 20
249.9931267909105
 30
0.0
 41
1.0
 10
74.13078560321901
 20
249.9975522216701
 30
0.0
 41
1.0
 10
74.14266519696866
 20
250.0031306392875
 30
0.0
 41
1.0
 10
74.15449951838218
 20
250.008755764331
 30
0.0
 41
1.0
 10
74.16628836587825
 20
250.0144276831315
 30
0.0
 41
1.0
 10
74.17803146437655
 20
250.0201464772554
 30
0.0
 41
1.0
 10
74.18972845708594
 20
250.0259122090792
 30
0.0
 41
1.0
 10
74.20137892577168
 20
250.0317249272903
 30
0.0
 41
1.0
 10
74.21298241316435
 20
250.0375846736833
 30
0.0
 41
1.0
 10
74.22453844542815
 20
250.0434914892439
 30
0.0
 41
1.0
 10
74.23604655364488
 20
250.0494454199761
 30
0.0
 41
1.0
 10
74.24750629941536
 20
250.0554465230225
 30
0.0
 41
1.0
 10
74.25891726544524
 20
250.0614948669854
 30
0.0
 41
1.0
 10
74.2702790408739
 20
250.0675905310827
 30
0.0
 41
1.0
 10
74.28159120838063
 20
250.073733604414
 30
0.0
 41
1.0
 10
74.29285333186363
 20
250.0799241848053
 30
0.0
 41
1.0
 10
74.30406494172803
 20
250.0861623775818
 30
0.0
 41
1.0
 10
74.31522554048661
 20
250.0924482935352
 30
0.0
 41
1.0
 10
74.32633461320711
 20
250.0987820467126
 30
0.0
 41
1.0
 10
74.3373916372484
 20
250.1051637516239
 30
0.0
 41
1.0
 10
74.34839609125811
 20
250.1115935210419
 30
0.0
 41
1.0
 10
74.35934746847124
 20
250.1180714614002
 30
0.0
 41
1.0
 10
74.37024526522418
 20
250.124597680383
 30
0.0
 41
1.0
 10
74.38108896245103
 20
250.1311722977316
 30
0.0
 41
1.0
 10
74.39187800874424
 20
250.1377954554028
 30
0.0
 41
1.0
 10
74.40261180569087
 20
250.1444673259857
 30
0.0
 41
1.0
 10
74.41328968601737
 20
250.1511881258266
 30
0.0
 41
1.0
 10
74.42391093372862
 20
250.1579581007645
 30
0.0
 41
1.0
 10
74.43447481848853
 20
250.1647775026695
 30
0.0
 41
1.0
 10
74.4449806284938
 20
250.1716465667068
 30
0.0
 41
1.0
 10
74.45542769813528
 20
250.1785654923142
 30
0.0
 41
1.0
 10
74.46581545427853
 20
250.18553441103
 30
0.0
 41
1.0
 10
74.47614336618517
 20
250.1925534218644
 30
0.0
 41
1.0
 10
74.48641085985037
 20
250.1996226515521
 30
0.0
 41
1.0
 10
74.49661723784811
 20
250.2067423109438
 30
0.0
 41
1.0
 10
74.50676161144929
 20
250.2139127426362
 30
0.0
 41
1.0
 10
74.51684279162236
 20
250.2211344977004
 30
0.0
 41
1.0
 10
74.52685939612092
 20
250.2284082592805
 30
0.0
 41
1.0
 10
74.53681003950169
 20
250.2357347074494
 30
0.0
 41
1.0
 10
74.54669351180837
 20
250.243114392003
 30
0.0
 41
1.0
 10
74.55650892908398
 20
250.2505476252545
 30
0.0
 41
1.0
 10
74.566255981832
 20
250.258034305235
 30
0.0
 41
1.0
 10
74.57593466787511
 20
250.265574104922
 30
0.0
 41
1.0
 10
74.58554483290845
 20
250.2731667979288
 30
0.0
 41
1.0
 10
74.59508574004212
 20
250.2808125636302
 30
0.0
 41
1.0
 10
74.60455570234717
 20
250.2885122474399
 30
0.0
 41
1.0
 10
74.61395149647433
 20
250.2962677766955
 30
0.0
 41
1.0
 10
74.62326899047548
 20
250.3040817133733
 30
0.0
 41
1.0
 10
74.63250418415919
 20
250.3119565134775
 30
0.0
 41
1.0
 10
74.64165418919765
 20
250.3198938293135
 30
0.0
 41
1.0
 10
74.65071806933247
 20
250.3278939110005
 30
0.0
 41
1.0
 10
74.65969817059613
 20
250.3359546600941
 30
0.0
 41
1.0
 10
74.66859849898082
 20
250.344072779315
 30
0.0
 41
1.0
 10
74.67742224565609
 20
250.3522455273769
 30
0.0
 41
1.0
 10
74.68616944504265
 20
250.3604723796288
 30
0.0
 41
1.0
 10
74.69483491562368
 20
250.3687564875672
 30
0.0
 41
1.0
 10
74.70340519107685
 20
250.3771068561046
 30
0.0
 41
1.0
 10
74.71186250868595
 20
250.3855355032692
 30
0.0
 41
1.0
 10
74.72019037479549
 20
250.3940534975273
 30
0.0
 41
1.0
 10
74.72837888074082
 20
250.4026671748543
 30
0.0
 41
1.0
 10
74.73642947937424
 20
250.411374733746
 30
0.0
 41
1.0
 10
74.74436172106016
 20
250.4201614512894
 30
0.0
 41
1.0
 10
74.75220220593747
 20
250.4290074214368
 30
0.0
 41
1.0
 10
74.75997077555712
 20
250.4378972390641
 30
0.0
 41
1.0
 10
74.76766733024487
 20
250.4468292389447
 30
0.0
 41
1.0
 10
74.775259132678
 20
250.4558244018572
 30
0.0
 41
1.0
 10
74.78266578947023
 20
250.464936869831
 30
0.0
 41
1.0
 10
74.78978122129774
 20
250.4742387988172
 30
0.0
 41
1.0
 10
74.79515518110201
 20
250.4818902424768
 30
0.0
 41
1.0
 10
74.79896896501305
 20
250.4877726308032
 30
0.0
 41
1.0
 10
74.80141039423506
 20
250.4917614203959
 30
0.0
 41
1.0
 10
74.80260583531253
 20
250.4937726146664
 30
0.0
 41
1.0
  0
ARC
  5
620
330
70
100
AcDbEntity
  8
Visible
100
AcDbCircle
 10
77.197567
 20
254.536014
 30
0.0
 40
5.499999999998583
100
AcDbArc
 50
232.190287
 51
235.809713
  0
SPLINE
  5
621
330
70
100
AcDbEntity
  8
Visible
100
AcDbSpline
210
0.0
220
0.0
230
1.0
 70
    12
 71
     5
 72
    81
 73
    75
 74
     0
 42
0.000000001
 43
0.0000000001
 40
0.0
 40
0.0
 40
0.0
 40
0.0
 40
0.0
 40
0.0
 40
0.0142857142857143
 40
0.0285714285714286
 40
0.0428571428571429
 40
0.0571428571428571
 40
0.0714285714285714
 40
0.0857142857142858
 40
0.1
 40
0.1142857142857143
 40
0.1285714285714286
 40
0.1428571428571429
 40
0.1571428571428572
 40
0.1714285714285715
 40
0.1857142857142857
 40
0.2
 40
0.2142857142857143
 40
0.2285714285714286
 40
0.2428571428571429
 40
0.2571428571428572
 40
0.2714285714285714
 40
0.2857142857142858
 40
0.3
 40
0.3142857142857143
 40
0.3285714285714286
 40
0.3428571428571429
 40
0.3571428571428572
 40
0.3714285714285715
 40
0.3857142857142858
 40
0.4000000000000001
 40
0.4142857142857145
 40
0.4285714285714287
 40
0.442857142857143
 40
0.4571428571428572
 40
0.4714285714285716
 40
0.4857142857142859
 40
0.5000000000000001
 40
0.5142857142857144
 40
0.5285714285714286
 40
0.5428571428571428
 40
0.5571428571428571
 40
0.5714285714285713
 40
0.5857142857142855
 40
0.5999999999999998
 40
0.614285714285714
 40
0.6285714285714282
 40
0.6428571428571425
 40
0.6571428571428567
 40
0.6714285714285709
 40
0.6857142857142852
 40
0.6999999999999994
 40
0.7142857142857137
 40
0.7285714285714279
 40
0.7428571428571421
 40
0.7571428571428564
 40
0.7714285714285706
 40
0.7857142857142848
 40
0.7999999999999991
 40
0.8142857142857133
 40
0.8285714285714275
 40
0.8428571428571418
 40
0.857142857142856
 40
0.8714285714285702
 40
0.8857142857142845
 40
0.8999999999999987
 40
0.9142857142857129
 40
0.9285714285714272
 40
0.9428571428571414
 40
0.9571428571428556
 40
0.9714285714285699
 40
0.9857142857142841
 40
1.0
 40
1.0
 40
1.0
 40
1.0
 40
1.0
 40
1.0
 10
74.09325089439881
 20
251.009149146691
 30
0.0
 41
1.0
 10
74.09170754659044
 20
251.0073907214565
 30
0.0
 41
1.0
 10
74.08866842537645
 20
251.0038361805136
 30
0.0
 41
1.0
 10
74.08425246566912
 20
250.9983912985135
 30
0.0
 41
1.0
 10
74.07863615522365
 20
250.9909159329009
 30
0.0
 41
1.0
 10
74.07198828440414
 20
250.9812743009579
 30
0.0
 41
1.0
 10
74.06561059517844
 20
250.9714142442872
 30
0.0
 41
1.0
 10
74.05940168284542
 20
250.9614143529052
 30
0.0
 41
1.0
 10
74.05328521235151
 20
250.9513343546596
 30
0.0
 41
1.0
 10
74.04723111340354
 20
250.9411989011778
 30
0.0
 41
1.0
 10
74.04124093892369
 20
250.9310086018359
 30
0.0
 41
1.0
 10
74.03533547143161
 20
250.9207493466465
 30
0.0
 41
1.0
 10
74.0295418625983
 20
250.9104019886791
 30
0.0
 41
1.0
 10
74.0238801561436
 20
250.8999524840628
 30
0.0
 41
1.0
 10
74.01835251435295
 20
250.8894000077489
 30
0.0
 41
1.0
 10
74.01294984941159
 20
250.8787520255128
 30
0.0
 41
1.0
 10
74.00765653776216
 20
250.8680208034093
 30
0.0
 41
1.0
 10
74.00245566059948
 20
250.8572195210108
 30
0.0
 41
1.0
 10
73.99733449242103
 20
250.8463582028781
 30
0.0
 41
1.0
 10
73.99228843479614
 20
250.8354408030627
 30
0.0
 41
1.0
 10
73.98731799733832
 20
250.8244674509542
 30
0.0
 41
1.0
 10
73.98242677328835
 20
250.8134359586729
 30
0.0
 41
1.0
 10
73.97761913646537
 20
250.8023435352097
 30
0.0
 41
1.0
 10
73.97289780757273
 20
250.791188597811
 30
0.0
 41
1.0
 10
73.96826225941367
 20
250.7799719596196
 30
0.0
 41
1.0
 10
73.9637100280097
 20
250.7686958570075
 30
0.0
 41
1.0
 10
73.95923754143495
 20
250.7573633354368
 30
0.0
 41
1.0
 10
73.9548410862626
 20
250.7459775329289
 30
0.0
 41
1.0
 10
73.9505178334166
 20
250.7345409194913
 30
0.0
 41
1.0
 10
73.94626645757035
 20
250.7230548382413
 30
0.0
 41
1.0
 10
73.94208656041701
 20
250.7115199345735
 30
0.0
 41
1.0
 10
73.93797830958011
 20
250.6999364251978
 30
0.0
 41
1.0
 10
73.93394201540377
 20
250.6883044132401
 30
0.0
 41
1.0
 10
73.9299776792277
 20
250.6766242245585
 30
0.0
 41
1.0
 10
73.92608473086511
 20
250.6648966033372
 30
0.0
 41
1.0
 10
73.92226227353148
 20
250.6531225304161
 30
0.0
 41
1.0
 10
73.91850923231686
 20
250.641303113277
 30
0.0
 41
1.0
 10
73.91482453037042
 20
250.6294394554097
 30
0.0
 41
1.0
 10
73.91120727616453
 20
250.6175325173608
 30
0.0
 41
1.0
 10
73.90765686923714
 20
250.6055830384948
 30
0.0
 41
1.0
 10
73.90417289354082
 20
250.5935916169438
 30
0.0
 41
1.0
 10
73.90075505116602
 20
250.5815587594589
 30
0.0
 41
1.0
 10
73.89740308394266
 20
250.5694849402043
 30
0.0
 41
1.0
 10
73.89411668966022
 20
250.5573706636169
 30
0.0
 41
1.0
 10
73.89089547295862
 20
250.5452165010984
 30
0.0
 41
1.0
 10
73.88773899022272
 20
250.5330230569443
 30
0.0
 41
1.0
 10
73.88464677622414
 20
250.5207909479131
 30
0.0
 41
1.0
 10
73.88161837590087
 20
250.508520778988
 30
0.0
 41
1.0
 10
73.87865337729727
 20
250.49621311793
 30
0.0
 41
1.0
 10
73.87575143135109
 20
250.4838684805282
 30
0.0
 41
1.0
 10
73.87291223265766
 20
250.4714873473395
 30
0.0
 41
1.0
 10
73.87013550693882
 20
250.4590701750185
 30
0.0
 41
1.0
 10
73.86742099613821
 20
250.4466174093041
 30
0.0
 41
1.0
 10
73.86476844243316
 20
250.4341294992682
 30
0.0
 41
1.0
 10
73.86217757746362
 20
250.4216069058975
 30
0.0
 41
1.0
 10
73.85964813081864
 20
250.4090500908678
 30
0.0
 41
1.0
 10
73.85717983491213
 20
250.3964595086663
 30
0.0
 41
1.0
 10
73.85477243063997
 20
250.3838355981943
 30
0.0
 41
1.0
 10
73.85242567272053
 20
250.3711787735165
 30
0.0
 41
1.0
 10
73.85013933335358
 20
250.3584894191599
 30
0.0
 41
1.0
 10
73.84791319884062
 20
250.3457679044877
 30
0.0
 41
1.0
 10
73.84574706687726
 20
250.3330145957716
 30
0.0
 41
1.0
 10
73.84364074326914
 20
250.320229868682
 30
0.0
 41
1.0
 10
73.84159403819649
 20
250.3074141225043
 30
0.0
 41
1.0
 10
73.83960676300375
 20
250.2945677889893
 30
0.0
 41
1.0
 10
73.83767873228862
 20
250.2816913061169
 30
0.0
 41
1.0
 10
73.83580976499615
 20
250.268785095861
 30
0.0
 41
1.0
 10
73.83399968558205
 20
250.2558495409421
 30
0.0
 41
1.0
 10
73.8322483244674
 20
250.2428849614107
 30
0.0
 41
1.0
 10
73.83055551907364
 20
250.2298915936808
 30
0.0
 41
1.0
 10
73.82892112500304
 20
250.2168696027884
 30
0.0
 41
1.0
 10
73.82766024599914
 20
250.2064291945708
 30
0.0
 41
1.0
 10
73.82674078480249
 20
250.1985860788
 30
0.0
 41
1.0
 10
73.82613945038247
 20
250.1933516436821
 30
0.0
 41
1.0
 10
73.8258416931003
 20
250.1907330033055
 30
0.0
 41
1.0
  0
SPLINE
  5
622
330
70
100
AcDbEntity
  8
Visible
100
AcDbSpline
210
0.0
220
0.0
230
1.0
 70
    12
 71
     5
 72
    81
 73
    75
 74
     0
 42
0.000000001
 43
0.0000000001
 40
-1.0
 40
-1.0
 40
-1.0
 40
-1.0
 40
-1.0
 40
-1.0
 40
-0.9857142857142841
 40
-0.9714285714285699
 40
-0.9571428571428556
 40
-0.9428571428571414
 40
-0.9285714285714272
 40
-0.9142857142857129
 40
-0.8999999999999987
 40
-0.8857142857142845
 40
-0.8714285714285702
 40
-0.857142857142856
 40
-0.8428571428571418
 40
-0.8285714285714275
 40
-0.8142857142857133
 40
-0.7999999999999991
 40
-0.7857142857142848
 40
-0.7714285714285706
 40
-0.7571428571428564
 40
-0.7428571428571421
 40
-0.7285714285714279
 40
-0.7142857142857137
 40
-0.6999999999999994
 40
-0.6857142857142852
 40
-0.6714285714285709
 40
-0.6571428571428567
 40
-0.6428571428571425
 40
-0.6285714285714282
 40
-0.614285714285714
 40
-0.5999999999999998
 40
-0.5857142857142855
 40
-0.5714285714285713
 40
-0.5571428571428571
 40
-0.5428571428571428
 40
-0.5285714285714286
 40
-0.5142857142857144
 40
-0.5000000000000001
 40
-0.4857142857142859
 40
-0.4714285714285716
 40
-0.4571428571428572
 40
-0.442857142857143
 40
-0.4285714285714287
 40
-0.4142857142857145
 40
-0.4000000000000001
 40
-0.3857142857142858
 40
-0.3714285714285715
 40
-0.3571428571428572
 40
-0.3428571428571429
 40
-0.3285714285714286
 40
-0.3142857142857143
 40
-0.3
 40
-0.2857142857142858
 40
-0.2714285714285714
 40
-0.2571428571428572
 40
-0.2428571428571429
 40
-0.2285714285714286
 40
-0.2142857142857143
 40
-0.2
 40
-0.1857142857142857
 40
-0.1714285714285715
 40
-0.1571428571428572
 40
-0.1428571428571429
 40
-0.1285714285714286
 40
-0.1142857142857143
 40
-0.1
 40
-0.0857142857142858
 40
-0.0714285714285714
 40
-0.0571428571428571
 40
-0.0428571428571429
 40
-0.0285714285714286
 40
-0.0142857142857143
 40
0.0
 40
0.0
 40
0.0
 40
0.0
 40
0.0
 40
0.0
 10
72.85228614947209
 20
251.1642885469337
 30
0.0
 41
1.0
 10
72.85490478984866
 20
251.1645863042158
 30
0.0
 41
1.0
 10
72.86013922496659
 20
251.1651876386359
 30
0.0
 41
1.0
 10
72.8679823407374
 20
251.1661070998325
 30
0.0
 41
1.0
 10
72.87842274895502
 20
251.1673679788364
 30
0.0
 41
1.0
 10
72.89144473984743
 20
251.169002372907
 30
0.0
 41
1.0
 10
72.90443810757733
 20
251.1706951783008
 30
0.0
 41
1.0
 10
72.91740268710873
 20
251.1724465394154
 30
0.0
 41
1.0
 10
72.93033824202757
 20
251.1742566188295
 30
0.0
 41
1.0
 10
72.94324445228358
 20
251.176125586122
 30
0.0
 41
1.0
 10
72.95612093515592
 20
251.1780536168371
 30
0.0
 41
1.0
 10
72.96896726867089
 20
251.1800408920298
 30
0.0
 41
1.0
 10
72.98178301484859
 20
251.1820875971025
 30
0.0
 41
1.0
 10
72.99456774193822
 20
251.1841939207106
 30
0.0
 41
1.0
 10
73.00732105065435
 20
251.186360052674
 30
0.0
 41
1.0
 10
73.02004256532654
 20
251.188586187187
 30
0.0
 41
1.0
 10
73.0327319196831
 20
251.1908725265539
 30
0.0
 41
1.0
 10
73.04538874436094
 20
251.1932192844733
 30
0.0
 41
1.0
 10
73.05801265483296
 20
251.1956266887455
 30
0.0
 41
1.0
 10
73.07060323703445
 20
251.198094984652
 30
0.0
 41
1.0
 10
73.08316005206416
 20
251.200624431297
 30
0.0
 41
1.0
 10
73.09568264543486
 20
251.2032152962665
 30
0.0
 41
1.0
 10
73.10817055547068
 20
251.2058678499716
 30
0.0
 41
1.0
 10
73.12062332118512
 20
251.2085823607722
 30
0.0
 41
1.0
 10
73.13304049350609
 20
251.211359086491
 30
0.0
 41
1.0
 10
73.14542162669477
 20
251.2141982851844
 30
0.0
 41
1.0
 10
73.15776626409661
 20
251.2171002311307
 30
0.0
 41
1.0
 10
73.17007392515461
 20
251.2200652297342
 30
0.0
 41
1.0
 10
73.18234409407978
 20
251.2230936300575
 30
0.0
 41
1.0
 10
73.19457620311095
 20
251.2261858440561
 30
0.0
 41
1.0
 10
73.20676964726499
 20
251.229342326792
 30
0.0
 41
1.0
 10
73.21892380978352
 20
251.2325635434936
 30
0.0
 41
1.0
 10
73.23103808637097
 20
251.235849937776
 30
0.0
 41
1.0
 10
73.24311190562548
 20
251.2392019049994
 30
0.0
 41
1.0
 10
73.25514476311036
 20
251.2426197473742
 30
0.0
 41
1.0
 10
73.26713618466147
 20
251.2461037230705
 30
0.0
 41
1.0
 10
73.27908566352744
 20
251.2496541299979
 30
0.0
 41
1.0
 10
73.29099260157637
 20
251.2532713842038
 30
0.0
 41
1.0
 10
73.30285625944362
 20
251.2569560861503
 30
0.0
 41
1.0
 10
73.31467567658274
 20
251.2607091273649
 30
0.0
 41
1.0
 10
73.32644974950381
 20
251.2645315846985
 30
0.0
 41
1.0
 10
73.33817737072513
 20
251.2684245330611
 30
0.0
 41
1.0
 10
73.3498575594067
 20
251.2723888692371
 30
0.0
 41
1.0
 10
73.36148957136447
 20
251.2764251634135
 30
0.0
 41
1.0
 10
73.37307308074014
 20
251.2805334142504
 30
0.0
 41
1.0
 10
73.38460798440792
 20
251.2847133114037
 30
0.0
 41
1.0
 10
73.39609406565796
 20
251.28896468725
 30
0.0
 41
1.0
 10
73.40753067909554
 20
251.293287940096
 30
0.0
 41
1.0
 10
73.41891648160345
 20
251.2976843952683
 30
0.0
 41
1.0
 10
73.43024900317414
 20
251.3021568818431
 30
0.0
 41
1.0
 10
73.44152510578624
 20
251.306709113247
 30
0.0
 41
1.0
 10
73.45274174397764
 20
251.3113446614061
 30
0.0
 41
1.0
 10
73.46389668137636
 20
251.3160659902987
 30
0.0
 41
1.0
 10
73.47498910483955
 20
251.3208736271217
 30
0.0
 41
1.0
 10
73.48602059712084
 20
251.3257648511717
 30
0.0
 41
1.0
 10
73.49699394922936
 20
251.3307352886295
 30
0.0
 41
1.0
 10
73.50791134904466
 20
251.3357813462544
 30
0.0
 41
1.0
 10
73.51877266717747
 20
251.3409025144329
 30
0.0
 41
1.0
 10
73.52957394957593
 20
251.3461033915955
 30
0.0
 41
1.0
 10
73.54030517167939
 20
251.351396703245
 30
0.0
 41
1.0
 10
73.55095315391555
 20
251.3567993681864
 30
0.0
 41
1.0
 10
73.56150563022947
 20
251.362327009977
 30
0.0
 41
1.0
 10
73.57195513484566
 20
251.3679887164317
 30
0.0
 41
1.0
 10
73.58230249281314
 20
251.373782325265
 30
0.0
 41
1.0
 10
73.59256174800248
 20
251.3796877927571
 30
0.0
 41
1.0
 10
73.60275204734444
 20
251.3856779672369
 30
0.0
 41
1.0
 10
73.61288750082621
 20
251.3917320661849
 30
0.0
 41
1.0
 10
73.62296749907182
 20
251.3978485366788
 30
0.0
 41
1.0
 10
73.63296739045381
 20
251.4040574490118
 30
0.0
 41
1.0
 10
73.64282744712454
 20
251.4104351382375
 30
0.0
 41
1.0
 10
73.65246907906748
 20
251.417083009057
 30
0.0
 41
1.0
 10
73.65994444468014
 20
251.4226993195025
 30
0.0
 41
1.0
 10
73.66538932668027
 20
251.4271152792098
 30
0.0
 41
1.0
 10
73.66894386762306
 20
251.4301544004238
 30
0.0
 41
1.0
 10
73.67070229285764
 20
251.4316977482322
 30
0.0
 41
1.0
  0
ARC
  5
623
330
70
100
AcDbEntity
  8
Visible
100
AcDbCircle
 10
77.197567
 20
254.536014
 30
0.0
 40
5.499999999998584
100
AcDbArc
 50
214.190287
 51
217.809713
  0
SPLINE
  5
624
330
70
100
AcDbEntity
  8
Visible
100
AcDbSpline
210
0.0
220
0.0
230
1.0
 70
    12
 71
     5
 72
    81
 73
    75
 74
     0
 42
0.000000001
 43
0.0000000001
 40
0.0
 40
0.0
 40
0.0
 40
0.0
 40
0.0
 40
0.0
 40
0.0142857142857143
 40
0.0285714285714286
 40
0.0428571428571429
 40
0.0571428571428571
 40
0.0714285714285714
 40
0.0857142857142858
 40
0.1
 40
0.1142857142857143
 40
0.1285714285714286
 40
0.1428571428571429
 40
0.1571428571428572
 40
0.1714285714285715
 40
0.1857142857142857
 40
0.2
 40
0.2142857142857143
 40
0.2285714285714286
 40
0.2428571428571429
 40
0.2571428571428572
 40
0.2714285714285714
 40
0.2857142857142858
 40
0.3
 40
0.3142857142857143
 40
0.3285714285714286
 40
0.3428571428571429
 40
0.3571428571428572
 40
0.3714285714285715
 40
0.3857142857142858
 40
0.4000000000000001
 40
0.4142857142857145
 40
0.4285714285714287
 40
0.442857142857143
 40
0.4571428571428572
 40
0.4714285714285716
 40
0.4857142857142859
 40
0.5000000000000001
 40
0.5142857142857144
 40
0.5285714285714286
 40
0.5428571428571428
 40
0.5571428571428571
 40
0.5714285714285713
 40
0.5857142857142855
 40
0.5999999999999998
 40
0.614285714285714
 40
0.6285714285714282
 40
0.6428571428571425
 40
0.6571428571428567
 40
0.6714285714285709
 40
0.6857142857142852
 40
0.6999999999999994
 40
0.7142857142857137
 40
0.7285714285714279
 40
0.7428571428571421
 40
0.7571428571428564
 40
0.7714285714285706
 40
0.7857142857142848
 40
0.7999999999999991
 40
0.8142857142857133
 40
0.8285714285714275
 40
0.8428571428571418
 40
0.857142857142856
 40
0.8714285714285702
 40
0.8857142857142845
 40
0.8999999999999987
 40
0.9142857142857129
 40
0.9285714285714272
 40
0.9428571428571414
 40
0.9571428571428556
 40
0.9714285714285699
 40
0.9857142857142841
 40
1.0
 40
1.0
 40
1.0
 40
1.0
 40
1.0
 40
1.0
 10
73.15532576083296
 20
252.1410526891459
 30
0.0
 41
1.0
 10
73.15331456656259
 20
252.1398572480684
 30
0.0
 41
1.0
 10
73.14932577696982
 20
252.1374158188464
 30
0.0
 41
1.0
 10
73.14344338864339
 20
252.1336020349354
 30
0.0
 41
1.0
 10
73.13579194498379
 20
252.1282280751311
 30
0.0
 41
1.0
 10
73.12649001599766
 20
252.1211126433036
 30
0.0
 41
1.0
 10
73.11737754802379
 20
252.1137059865114
 30
0.0
 41
1.0
 10
73.10838238511133
 20
252.1061141840783
 30
0.0
 41
1.0
 10
73.09945038523074
 20
252.0984176293905
 30
0.0
 41
1.0
 10
73.09056056760346
 20
252.0906490597708
 30
0.0
 41
1.0
 10
73.08171459745608
 20
252.0828085748935
 30
0.0
 41
1.0
 10
73.07292787991264
 20
252.0748763332076
 30
0.0
 41
1.0
 10
73.06422032102091
 20
252.0668257345742
 30
0.0
 41
1.0
 10
73.05560664369386
 20
252.0586372286289
 30
0.0
 41
1.0
 10
73.04708864943586
 20
252.0503093625193
 30
0.0
 41
1.0
 10
73.03866000227117
 20
252.0418520449102
 30
0.0
 41
1.0
 10
73.03030963373385
 20
252.033281769457
 30
0.0
 41
1.0
 10
73.02202552579547
 20
252.024616298876
 30
0.0
 41
1.0
 10
73.01379867354353
 20
252.0158690994894
 30
0.0
 41
1.0
 10
73.00562592548158
 20
252.0070453528142
 30
0.0
 41
1.0
 10
72.99750780626073
 20
251.9981450244295
 30
0.0
 41
1.0
 10
72.98944705716713
 20
251.9891649231658
 30
0.0
 41
1.0
 10
72.98144697548014
 20
251.980101043031
 30
0.0
 41
1.0
 10
72.97350965964415
 20
251.9709510379926
 30
0.0
 41
1.0
 10
72.96563485953993
 20
251.9617158443089
 30
0.0
 41
1.0
 10
72.95782092286208
 20
251.9523983503077
 30
0.0
 41
1.0
 10
72.95006539360656
 20
251.9430025561805
 30
0.0
 41
1.0
 10
72.94236570979683
 20
251.9335325938755
 30
0.0
 41
1.0
 10
72.93471994409538
 20
251.9239916867418
 30
0.0
 41
1.0
 10
72.92712725108867
 20
251.9143815217085
 30
0.0
 41
1.0
 10
72.91958745140163
 20
251.9047028356654
 30
0.0
 41
1.0
 10
72.91210077142114
 20
251.8949557829174
 30
0.0
 41
1.0
 10
72.90466753816963
 20
251.8851403656417
 30
0.0
 41
1.0
 10
72.89728785361603
 20
251.8752568933351
 30
0.0
 41
1.0
 10
72.88996140544714
 20
251.8653062499543
 30
0.0
 41
1.0
 10
72.88268764386703
 20
251.8552896454557
 30
0.0
 41
1.0
 10
72.87546588880286
 20
251.8452084652827
 30
0.0
 41
1.0
 10
72.86829545711043
 20
251.8350640916815
 30
0.0
 41
1.0
 10
72.86117579771872
 20
251.8248577136837
 30
0.0
 41
1.0
 10
72.85410656803105
 20
251.8145902200185
 30
0.0
 41
1.0
 10
72.84708755719657
 20
251.8042623081119
 30
0.0
 41
1.0
 10
72.84011863848082
 20
251.7938745519686
 30
0.0
 41
1.0
 10
72.83319971287347
 20
251.7834274823272
 30
0.0
 41
1.0
 10
72.82633064883611
 20
251.7729216723219
 30
0.0
 41
1.0
 10
72.81951124693114
 20
251.762357787562
 30
0.0
 41
1.0
 10
72.81274127199321
 20
251.7517365398508
 30
0.0
 41
1.0
 10
72.80602047215234
 20
251.7410586595242
 30
0.0
 41
1.0
 10
72.79934860156936
 20
251.7303248625776
 30
0.0
 41
1.0
 10
72.79272544389823
 20
251.7195358162844
 30
0.0
 41
1.0
 10
72.7861508265496
 20
251.7086921190576
 30
0.0
 41
1.0
 10
72.7796246075668
 20
251.6977943223046
 30
0.0
 41
1.0
 10
72.77314666720849
 20
251.6868429450915
 30
0.0
 41
1.0
 10
72.7667168977905
 20
251.6758384910818
 30
0.0
 41
1.0
 10
72.76033519287921
 20
251.6647814670405
 30
0.0
 41
1.0
 10
72.75400143970182
 20
251.65367239432
 30
0.0
 41
1.0
 10
72.74771552374841
 20
251.6425117955614
 30
0.0
 41
1.0
 10
72.74147733097198
 20
251.631300185697
 30
0.0
 41
1.0
 10
72.73528675058059
 20
251.620038062214
 30
0.0
 41
1.0
 10
72.72914367724934
 20
251.6087258947073
 30
0.0
 41
1.0
 10
72.72304801315204
 20
251.5973641192786
 30
0.0
 41
1.0
 10
72.71699966918913
 20
251.5859531532488
 30
0.0
 41
1.0
 10
72.71099856614274
 20
251.5744934074783
 30
0.0
 41
1.0
 10
72.70504463541056
 20
251.5629852992615
 30
0.0
 41
1.0
 10
72.69913781984996
 20
251.5514292669977
 30
0.0
 41
1.0
 10
72.69327807345689
 20
251.539825779605
 30
0.0
 41
1.0
 10
72.68746535524588
 20
251.5281753109193
 30
0.0
 41
1.0
 10
72.68169962342199
 20
251.5164783182099
 30
0.0
 41
1.0
 10
72.67598082929817
 20
251.5047352197116
 30
0.0
 41
1.0
 10
72.67030891049762
 20
251.4929463722156
 30
0.0
 41
1.0
 10
72.66468378545415
 20
251.481112050802
 30
0.0
 41
1.0
 10
72.65910536783668
 20
251.4692324570524
 30
0.0
 41
1.0
 10
72.65467993707716
 20
251.4596926718241
 30
0.0
 41
1.0
 10
72.65138182145165
 20
251.4525175545978
 30
0.0
 41
1.0
 10
72.64919238902621
 20
251.4477251335247
 30
0.0
 41
1.0
 10
72.64810000064426
 20
251.4453266705914
 30
0.0
 41
1.0
  0
SPLINE
  5
625
330
70
100
AcDbEntity
  8
Visible
100
AcDbSpline
210
0.0
220
0.0
230
1.0
 70
    12
 71
     5
 72
    81
 73
    75
 74
     0
 42
0.000000001
 43
0.0000000001
 40
-1.0
 40
-1.0
 40
-1.0
 40
-1.0
 40
-1.0
 40
-1.0
 40
-0.9857142857142841
 40
-0.9714285714285699
 40
-0.9571428571428556
 40
-0.9428571428571414
 40
-0.9285714285714272
 40
-0.9142857142857129
 40
-0.8999999999999987
 40
-0.8857142857142845
 40
-0.8714285714285702
 40
-0.857142857142856
 40
-0.8428571428571418
 40
-0.8285714285714275
 40
-0.8142857142857133
 40
-0.7999999999999991
 40
-0.7857142857142848
 40
-0.7714285714285706
 40
-0.7571428571428564
 40
-0.7428571428571421
 40
-0.7285714285714279
 40
-0.7142857142857137
 40
-0.6999999999999994
 40
-0.6857142857142852
 40
-0.6714285714285709
 40
-0.6571428571428567
 40
-0.6428571428571425
 40
-0.6285714285714282
 40
-0.614285714285714
 40
-0.5999999999999998
 40
-0.5857142857142855
 40
-0.5714285714285713
 40
-0.5571428571428571
 40
-0.5428571428571428
 40
-0.5285714285714286
 40
-0.5142857142857144
 40
-0.5000000000000001
 40
-0.4857142857142859
 40
-0.4714285714285716
 40
-0.4571428571428572
 40
-0.442857142857143
 40
-0.4285714285714287
 40
-0.4142857142857145
 40
-0.4000000000000001
 40
-0.3857142857142858
 40
-0.3714285714285715
 40
-0.3571428571428572
 40
-0.3428571428571429
 40
-0.3285714285714286
 40
-0.3142857142857143
 40
-0.3
 40
-0.2857142857142858
 40
-0.2714285714285714
 40
-0.2571428571428572
 40
-0.2428571428571429
 40
-0.2285714285714286
 40
-0.2142857142857143
 40
-0.2
 40
-0.1857142857142857
 40
-0.1714285714285715
 40
-0.1571428571428572
 40
-0.1428571428571429
 40
-0.1285714285714286
 40
-0.1142857142857143
 40
-0.1
 40
-0.0857142857142858
 40
-0.0714285714285714
 40
-0.0571428571428571
 40
-0.0428571428571429
 40
-0.0285714285714286
 40
-0.0142857142857143
 40
0.0
 40
0.0
 40
0.0
 40
0.0
 40
0.0
 40
0.0
 10
72.02303886485061
 20
252.6720782222828
 30
0.0
 41
1.0
 10
72.02562135190419
 20
252.6715522019076
 30
0.0
 41
1.0
 10
72.03078541808736
 20
252.6705065755195
 30
0.0
 41
1.0
 10
72.0385287935851
 20
252.6689573790199
 30
0.0
 41
1.0
 10
72.04884784489332
 20
252.6669302826449
 30
0.0
 41
1.0
 10
72.06173754972951
 20
252.6644606672899
 30
0.0
 41
1.0
 10
72.07461808241351
 20
252.6620554494484
 30
0.0
 41
1.0
 10
72.08748933060451
 20
252.6597148174487
 30
0.0
 41
1.0
 10
72.10035111970319
 20
252.6574389989682
 30
0.0
 41
1.0
 10
72.11320319772312
 20
252.6552282541889
 30
0.0
 41
1.0
 10
72.12604525492134
 20
252.653082868329
 30
0.0
 41
1.0
 10
72.13887694592813
 20
252.6510031439784
 30
0.0
 41
1.0
 10
72.15169791149219
 20
252.6489893928101
 30
0.0
 41
1.0
 10
72.16450779928982
 20
252.6470419276648
 30
0.0
 41
1.0
 10
72.17730628823756
 20
252.6451610524555
 30
0.0
 41
1.0
 10
72.1900930810607
 20
252.6433470679622
 30
0.0
 41
1.0
 10
72.20286789192778
 20
252.6416002797723
 30
0.0
 41
1.0
 10
72.21563043559218
 20
252.6399210052623
 30
0.0
 41
1.0
 10
72.22838041674004
 20
252.6383095799119
 30
0.0
 41
1.0
 10
72.24111751736927
 20
252.6367663649489
 30
0.0
 41
1.0
 10
72.25384140012739
 20
252.6352917424238
 30
0.0
 41
1.0
 10
72.26655171545826
 20
252.6338861072709
 30
0.0
 41
1.0
 10
72.2792481078468
 20
252.6325498593315
 30
0.0
 41
1.0
 10
72.29193022179334
 20
252.6312833962838
 30
0.0
 41
1.0
 10
72.30459770987909
 20
252.630087102104
 30
0.0
 41
1.0
 10
72.31725022792488
 20
252.6289613599565
 30
0.0
 41
1.0
 10
72.32988742638099
 20
252.6279065718127
 30
0.0
 41
1.0
 10
72.34250894258639
 20
252.6269231766273
 30
0.0
 41
1.0
 10
72.35511439386574
 20
252.6260116657668
 30
0.0
 41
1.0
 10
72.36770336754307
 20
252.6251726064729
 30
0.0
 41
1.0
 10
72.38027542886993
 20
252.6244066184827
 30
0.0
 41
1.0
 10
72.392830135037
 20
252.6237143348471
 30
0.0
 41
1.0
 10
72.40536704840815
 20
252.6230963642047
 30
0.0
 41
1.0
 10
72.41788574772363
 20
252.6225532591379
 30
0.0
 41
1.0
 10
72.43038584662281
 20
252.6220854629464
 30
0.0
 41
1.0
 10
72.44286697392635
 20
252.6216933676896
 30
0.0
 41
1.0
 10
72.45532873974571
 20
252.6213774132894
 30
0.0
 41
1.0
 10
72.46777070378811
 20
252.621138180265
 30
0.0
 41
1.0
 10
72.48019234843105
 20
252.6209764681653
 30
0.0
 41
1.0
 10
72.49259303563667
 20
252.6208934217093
 30
0.0
 41
1.0
 10
72.50497204868771
 20
252.6208904060386
 30
0.0
 41
1.0
 10
72.51732866647308
 20
252.6209687856854
 30
0.0
 41
1.0
 10
72.52966223327985
 20
252.6211297166392
 30
0.0
 41
1.0
 10
72.54197221754385
 20
252.6213739711429
 30
0.0
 41
1.0
 10
72.55425830894364
 20
252.6217016486207
 30
0.0
 41
1.0
 10
72.56652031349677
 20
252.6221124857839
 30
0.0
 41
1.0
 10
72.57875797330235
 20
252.6226063901804
 30
0.0
 41
1.0
 10
72.59097079763705
 20
252.6231839400607
 30
0.0
 41
1.0
 10
72.60315791866833
 20
252.6238468109314
 30
0.0
 41
1.0
 10
72.61531786151318
 20
252.6245984566785
 30
0.0
 41
1.0
 10
72.62744878924696
 20
252.6254433786817
 30
0.0
 41
1.0
 10
72.63954890924924
 20
252.6263859151431
 30
0.0
 41
1.0
 10
72.65161685601561
 20
252.6274291005247
 30
0.0
 41
1.0
 10
72.66365201911231
 20
252.6285736874943
 30
0.0
 41
1.0
 10
72.67565506308528
 20
252.6298165994112
 30
0.0
 41
1.0
 10
72.68762729075842
 20
252.6311528140577
 30
0.0
 41
1.0
 10
72.69956967255438
 20
252.6325782379663
 30
0.0
 41
1.0
 10
72.71148192793771
 20
252.6340924264496
 30
0.0
 41
1.0
 10
72.72336171737606
 20
252.6357009747426
 30
0.0
 41
1.0
 10
72.7352034393416
 20
252.6374190832794
 30
0.0
 41
1.0
 10
72.74699978751414
 20
252.6392669155111
 30
0.0
 41
1.0
 10
72.75874392412788
 20
252.6412631207413
 30
0.0
 41
1.0
 10
72.77043155709725
 20
252.6434186490496
 30
0.0
 41
1.0
 10
72.78206280290669
 20
252.6457311890244
 30
0.0
 41
1.0
 10
72.79364482422261
 20
252.6481773381611
 30
0.0
 41
1.0
 10
72.80518744052733
 20
252.6507253569598
 30
0.0
 41
1.0
 10
72.81669764906746
 20
252.6533511198431
 30
0.0
 41
1.0
 10
72.82817439041173
 20
252.6560533382017
 30
0.0
 41
1.0
 10
72.83960351170026
 20
252.6588682283564
 30
0.0
 41
1.0
 10
72.85095179720338
 20
252.6618868461774
 30
0.0
 41
1.0
 10
72.86217583915004
 20
252.6652299189154
 30
0.0
 41
1.0
 10
72.87102086970117
 20
252.6682613325483
 30
0.0
 41
1.0
 10
72.87756386680394
 20
252.6707785987337
 30
0.0
 41
1.0
 10
72.88188357623312
 20
252.6725705612098
 30
0.0
 41
1.0
 10
72.88403285871118
 20
252.6734949889187
 30
0.0
 41
1.0
  0
ARC
  5
626
330
70
100
AcDbEntity
  8
Visible
100
AcDbCircle
 10
77.197567
 20
254.536014
 30
0.0
 40
5.499999999998582
100
AcDbArc
 50
196.190287
 51
199.809713
  0
SPLINE
  5
627
330
70
100
AcDbEntity
  8
Visible
100
AcDbSpline
210
0.0
220
0.0
230
1.0
 70
    12
 71
     5
 72
    81
 73
    75
 74
     0
 42
0.000000001
 43
0.0000000001
 40
0.0
 40
0.0
 40
0.0
 40
0.0
 40
0.0
 40
0.0
 40
0.0142857142857143
 40
0.0285714285714286
 40
0.0428571428571429
 40
0.0571428571428571
 40
0.0714285714285714
 40
0.0857142857142858
 40
0.1
 40
0.1142857142857143
 40
0.1285714285714286
 40
0.1428571428571429
 40
0.1571428571428572
 40
0.1714285714285715
 40
0.1857142857142857
 40
0.2
 40
0.2142857142857143
 40
0.2285714285714286
 40
0.2428571428571429
 40
0.2571428571428572
 40
0.2714285714285714
 40
0.2857142857142858
 40
0.3
 40
0.3142857142857143
 40
0.3285714285714286
 40
0.3428571428571429
 40
0.3571428571428572
 40
0.3714285714285715
 40
0.3857142857142858
 40
0.4000000000000001
 40
0.4142857142857145
 40
0.4285714285714287
 40
0.442857142857143
 40
0.4571428571428572
 40
0.4714285714285716
 40
0.4857142857142859
 40
0.5000000000000001
 40
0.5142857142857144
 40
0.5285714285714286
 40
0.5428571428571428
 40
0.5571428571428571
 40
0.5714285714285713
 40
0.5857142857142855
 40
0.5999999999999998
 40
0.614285714285714
 40
0.6285714285714282
 40
0.6428571428571425
 40
0.6571428571428567
 40
0.6714285714285709
 40
0.6857142857142852
 40
0.6999999999999994
 40
0.7142857142857137
 40
0.7285714285714279
 40
0.7428571428571421
 40
0.7571428571428564
 40
0.7714285714285706
 40
0.7857142857142848
 40
0.7999999999999991
 40
0.8142857142857133
 40
0.8285714285714275
 40
0.8428571428571418
 40
0.857142857142856
 40
0.8714285714285702
 40
0.8857142857142845
 40
0.8999999999999987
 40
0.9142857142857129
 40
0.9285714285714272
 40
0.9428571428571414
 40
0.9571428571428556
 40
0.9714285714285699
 40
0.9857142857142841
 40
1.0
 40
1.0
 40
1.0
 40
1.0
 40
1.0
 40
1.0
 10
72.61308338137041
 20
253.5073917347381
 30
0.0
 41
1.0
 10
72.61080121034502
 20
253.5068762959209
 30
0.0
 41
1.0
 10
72.60625320289091
 20
253.5057869625207
 30
0.0
 41
1.0
 10
72.59948019510011
 20
253.5039775964406
 30
0.0
 41
1.0
 10
72.59054259484219
 20
253.5012310830725
 30
0.0
 41
1.0
 10
72.57949714530787
 20
253.4973383594042
 30
0.0
 41
1.0
 10
72.56854189044225
 20
253.4931101176626
 30
0.0
 41
1.0
 10
72.55764098616873
 20
253.4886695426958
 30
0.0
 41
1.0
 10
72.54676778328212
 20
253.4841098239631
 30
0.0
 41
1.0
 10
72.5359124442657
 20
253.4794685799288
 30
0.0
 41
1.0
 10
72.52507658364265
 20
253.4747453908012
 30
0.0
 41
1.0
 10
72.51426872118191
 20
253.4699166257033
 30
0.0
 41
1.0
 10
72.5034995687638
 20
253.4649508350903
 30
0.0
 41
1.0
 10
72.49277708731733
 20
253.4598248758302
 30
0.0
 41
1.0
 10
72.4821025412175
 20
253.4545368094832
 30
0.0
 41
1.0
 10
72.47147296653929
 20
253.4490980176743
 30
0.0
 41
1.0
 10
72.46088293336652
 20
253.4435276071454
 30
0.0
 41
1.0
 10
72.45032650085704
 20
253.4378461850192
 30
0.0
 41
1.0
 10
72.43979926615065
 20
253.4320693411991
 30
0.0
 41
1.0
 10
72.4292998331739
 20
253.4262029774682
 30
0.0
 41
1.0
 10
72.41882869026267
 20
253.4202468989615
 30
0.0
 41
1.0
 10
72.40838745840938
 20
253.4141972235957
 30
0.0
 41
1.0
 10
72.39797803559213
 20
253.4080491225277
 30
0.0
 41
1.0
 10
72.38760169258966
 20
253.4017997160954
 30
0.0
 41
1.0
 10
72.37725848084119
 20
253.3954499720221
 30
0.0
 41
1.0
 10
72.36694772145438
 20
253.3890031478632
 30
0.0
 41
1.0
 10
72.35666831475737
 20
253.3824638069737
 30
0.0
 41
1.0
 10
72.3464191010089
 20
253.3758366707625
 30
0.0
 41
1.0
 10
72.33619924327013
 20
253.3691254003989
 30
0.0
 41
1.0
 10
72.32600845879642
 20
253.3623318614928
 30
0.0
 41
1.0
 10
72.31584680470223
 20
253.3554568102991
 30
0.0
 41
1.0
 10
72.30571454397614
 20
253.3485003236147
 30
0.0
 41
1.0
 10
72.29561198831016
 20
253.3414623024528
 30
0.0
 41
1.0
 10
72.28553933032163
 20
253.3343430096511
 30
0.0
 41
1.0
 10
72.27549654613994
 20
253.3271433824157
 30
0.0
 41
1.0
 10
72.26548348677443
 20
253.3198647413774
 30
0.0
 41
1.0
 10
72.25549993356526
 20
253.3125086143264
 30
0.0
 41
1.0
 10
72.24554566393909
 20
253.3050765269582
 30
0.0
 41
1.0
 10
72.23562052122815
 20
253.2975697804022
 30
0.0
 41
1.0
 10
72.22572445423702
 20
253.2899893257572
 30
0.0
 41
1.0
 10
72.21585747794961
 20
253.2823358914693
 30
0.0
 41
1.0
 10
72.20601964921115
 20
253.2746100626155
 30
0.0
 41
1.0
 10
72.1962110378663
 20
253.2668123745516
 30
0.0
 41
1.0
 10
72.18643169592178
 20
253.2589434130104
 30
0.0
 41
1.0
 10
72.17668163938469
 20
253.2510038726532
 30
0.0
 41
1.0
 10
72.16696086456067
 20
253.2429945031126
 30
0.0
 41
1.0
 10
72.15726935759267
 20
253.2349160768153
 30
0.0
 41
1.0
 10
72.14760710592782
 20
253.2267693506783
 30
0.0
 41
1.0
 10
72.13797411000905
 20
253.2185550261738
 30
0.0
 41
1.0
 10
72.12837039061196
 20
253.2102737257574
 30
0.0
 41
1.0
 10
72.11879598312407
 20
253.2019260177176
 30
0.0
 41
1.0
 10
72.10925093406331
 20
253.1935124327156
 30
0.0
 41
1.0
 10
72.09973529665695
 20
253.1850334830415
 30
0.0
 41
1.0
 10
72.09024912628047
 20
253.1764896835466
 30
0.0
 41
1.0
 10
72.08079247678597
 20
253.1678815649156
 30
0.0
 41
1.0
 10
72.07136540077408
 20
253.1592096595959
 30
0.0
 41
1.0
 10
72.06196794890184
 20
253.1504744925578
 30
0.0
 41
1.0
 10
72.05260016953161
 20
253.1416765711783
 30
0.0
 41
1.0
 10
72.04326210760701
 20
253.1328163746139
 30
0.0
 41
1.0
 10
72.03395380485199
 20
253.1238943478547
 30
0.0
 41
1.0
 10
72.02467530548801
 20
253.1149109153266
 30
0.0
 41
1.0
 10
72.01542666113709
 20
253.105866492263
 30
0.0
 41
1.0
 10
72.00620793550388
 20
253.096761496733
 30
0.0
 41
1.0
 10
71.99701920971711
 20
253.0875963633361
 30
0.0
 41
1.0
 10
71.98786058492806
 20
253.0783715522584
 30
0.0
 41
1.0
 10
71.97873216858079
 20
253.0690875268074
 30
0.0
 41
1.0
 10
71.96963406222767
 20
253.0597447347882
 30
0.0
 41
1.0
 10
71.96056634880824
 20
253.0503435890123
 30
0.0
 41
1.0
 10
71.9515290792533
 20
253.0408844480817
 30
0.0
 41
1.0
 10
71.94252226099161
 20
253.0313675988191
 30
0.0
 41
1.0
 10
71.93354587421072
 20
253.0217932596179
 30
0.0
 41
1.0
 10
71.92638908369099
 20
253.0140879180244
 30
0.0
 41
1.0
 10
71.92103515617418
 20
253.0082831498084
 30
0.0
 41
1.0
 10
71.9174719426428
 20
253.0044018583467
 30
0.0
 41
1.0
 10
71.91569185374738
 20
253.0024583511186
 30
0.0
 41
1.0
  0
SPLINE
  5
628
330
70
100
AcDbEntity
  8
Visible
100
AcDbSpline
210
0.0
220
0.0
230
1.0
 70
    12
 71
     5
 72
    81
 73
    75
 74
     0
 42
0.000000001
 43
0.0000000001
 40
-1.0
 40
-1.0
 40
-1.0
 40
-1.0
 40
-1.0
 40
-1.0
 40
-0.9857142857142841
 40
-0.9714285714285699
 40
-0.9571428571428556
 40
-0.9428571428571414
 40
-0.9285714285714272
 40
-0.9142857142857129
 40
-0.8999999999999987
 40
-0.8857142857142845
 40
-0.8714285714285702
 40
-0.857142857142856
 40
-0.8428571428571418
 40
-0.8285714285714275
 40
-0.8142857142857133
 40
-0.7999999999999991
 40
-0.7857142857142848
 40
-0.7714285714285706
 40
-0.7571428571428564
 40
-0.7428571428571421
 40
-0.7285714285714279
 40
-0.7142857142857137
 40
-0.6999999999999994
 40
-0.6857142857142852
 40
-0.6714285714285709
 40
-0.6571428571428567
 40
-0.6428571428571425
 40
-0.6285714285714282
 40
-0.614285714285714
 40
-0.5999999999999998
 40
-0.5857142857142855
 40
-0.5714285714285713
 40
-0.5571428571428571
 40
-0.5428571428571428
 40
-0.5285714285714286
 40
-0.5142857142857144
 40
-0.5000000000000001
 40
-0.4857142857142859
 40
-0.4714285714285716
 40
-0.4571428571428572
 40
-0.442857142857143
 40
-0.4285714285714287
 40
-0.4142857142857145
 40
-0.4000000000000001
 40
-0.3857142857142858
 40
-0.3714285714285715
 40
-0.3571428571428572
 40
-0.3428571428571429
 40
-0.3285714285714286
 40
-0.3142857142857143
 40
-0.3
 40
-0.2857142857142858
 40
-0.2714285714285714
 40
-0.2571428571428572
 40
-0.2428571428571429
 40
-0.2285714285714286
 40
-0.2142857142857143
 40
-0.2
 40
-0.1857142857142857
 40
-0.1714285714285715
 40
-0.1571428571428572
 40
-0.1428571428571429
 40
-0.1285714285714286
 40
-0.1142857142857143
 40
-0.1
 40
-0.0857142857142858
 40
-0.0714285714285714
 40
-0.0571428571428571
 40
-0.0428571428571429
 40
-0.0285714285714286
 40
-0.0142857142857143
 40
0.0
 40
0.0
 40
0.0
 40
0.0
 40
0.0
 40
0.0
 10
71.70031046481653
 20
254.3623229217146
 30
0.0
 41
1.0
 10
71.70260400672214
 20
254.3610246142216
 30
0.0
 41
1.0
 10
71.70719220919273
 20
254.3584343802204
 30
0.0
 41
1.0
 10
71.71407786887176
 20
254.3545681721716
 30
0.0
 41
1.0
 10
71.72326546263139
 20
254.3494515267348
 30
0.0
 41
1.0
 10
71.7347611472951
 20
254.343119645112
 30
0.0
 41
1.0
 10
71.74626800864825
 20
254.3368518435145
 30
0.0
 41
1.0
 10
71.75778599804835
 20
254.3306483357692
 30
0.0
 41
1.0
 10
71.76931501979471
 20
254.3245093923642
 30
0.0
 41
1.0
 10
71.78085491463662
 20
254.3184353386141
 30
0.0
 41
1.0
 10
71.79240547612789
 20
254.3124265414954
 30
0.0
 41
1.0
 10
71.80396646930694
 20
254.3064833955122
 30
0.0
 41
1.0
 10
71.81553764881846
 20
254.3006063080975
 30
0.0
 41
1.0
 10
71.8271187762557
 20
254.2947956856551
 30
0.0
 41
1.0
 10
71.83870964016387
 20
254.2890519164439
 30
0.0
 41
1.0
 10
71.85031005076417
 20
254.2833753783853
 30
0.0
 41
1.0
 10
71.86191983064873
 20
254.2777664504365
 30
0.0
 41
1.0
 10
71.87353880660339
 20
254.2722255225881
 30
0.0
 41
1.0
 10
71.88516680143766
 20
254.2667530051549
 30
0.0
 41
1.0
 10
71.89680362434046
 20
254.2613493399558
 30
0.0
 41
1.0
 10
71.90844907252904
 20
254.2560149945866
 30
0.0
 41
1.0
 10
71.92010293559906
 20
254.2507504526739
 30
0.0
 41
1.0
 10
71.93176499899164
 20
254.2455562043488
 30
0.0
 41
1.0
 10
71.94343504749667
 20
254.2404327376807
 30
0.0
 41
1.0
 10
71.9551128693538
 20
254.2353805252105
 30
0.0
 41
1.0
 10
71.96679825563387
 20
254.230400037708
 30
0.0
 41
1.0
 10
71.97849099811083
 20
254.2254917654864
 30
0.0
 41
1.0
 10
71.99019088751993
 20
254.2206562380843
 30
0.0
 41
1.0
 10
72.00189771175337
 20
254.2158940410745
 30
0.0
 41
1.0
 10
72.01361125362109
 20
254.2112058414568
 30
0.0
 41
1.0
 10
72.02533129116364
 20
254.2065923629834
 30
0.0
 41
1.0
 10
72.03705759886452
 20
254.202054344556
 30
0.0
 41
1.0
 10
72.04878994859064
 20
254.1975925002607
 30
0.0
 41
1.0
 10
72.06052811045537
 20
254.1932074858123
 30
0.0
 41
1.0
 10
72.0722718539937
 20
254.1888998422046
 30
0.0
 41
1.0
 10
72.08402094734902
 20
254.1846700570095
 30
0.0
 41
1.0
 10
72.09577515565706
 20
254.1805186691008
 30
0.0
 41
1.0
 10
72.10753423956521
 20
254.1764463666414
 30
0.0
 41
1.0
 10
72.11929795385913
 20
254.1724540700016
 30
0.0
 41
1.0
 10
72.13106604546556
 20
254.1685430650405
 30
0.0
 41
1.0
 10
72.14283825459915
 20
254.1647148715611
 30
0.0
 41
1.0
 10
72.15461431710628
 20
254.1609710101466
 30
0.0
 41
1.0
 10
72.16639396658684
 20
254.1573127828333
 30
0.0
 41
1.0
 10
72.1781769361296
 20
254.1537410883329
 30
0.0
 41
1.0
 10
72.18996296132445
 20
254.1502561170964
 30
0.0
 41
1.0
 10
72.20175177632336
 20
254.1468576786656
 30
0.0
 41
1.0
 10
72.21354310727747
 20
254.1435457648085
 30
0.0
 41
1.0
 10
72.22533666617164
 20
254.1403210771177
 30
0.0
 41
1.0
 10
72.23713214540748
 20
254.1371854772679
 30
0.0
 41
1.0
 10
72.24892920959701
 20
254.1341427058632
 30
0.0
 41
1.0
 10
72.26072750272397
 20
254.131197611613
 30
0.0
 41
1.0
 10
72.2725266604857
 20
254.1283548743422
 30
0.0
 41
1.0
 10
72.28432632190652
 20
254.1256178019585
 30
0.0
 41
1.0
 10
72.29612613902009
 20
254.1229872989279
 30
0.0
 41
1.0
 10
72.30792579311128
 20
254.1204602338339
 30
0.0
 41
1.0
 10
72.31972497128754
 20
254.1180314276689
 30
0.0
 41
1.0
 10
72.33152333152611
 20
254.1156966874368
 30
0.0
 41
1.0
 10
72.34332046960663
 20
254.1134556769066
 30
0.0
 41
1.0
 10
72.3551158895234
 20
254.1113144404162
 30
0.0
 41
1.0
 10
72.36690896109848
 20
254.1092891654062
 30
0.0
 41
1.0
 10
72.37869896645952
 20
254.1074012862337
 30
0.0
 41
1.0
 10
72.39048516545427
 20
254.1056706524277
 30
0.0
 41
1.0
 10
72.40226685982907
 20
254.1041090044609
 30
0.0
 41
1.0
 10
72.41404344610145
 20
254.1027141080513
 30
0.0
 41
1.0
 10
72.42581450459875
 20
254.1014614927126
 30
0.0
 41
1.0
 10
72.43757956616173
 20
254.1003179379968
 30
0.0
 41
1.0
 10
72.4493378303523
 20
254.0992583368498
 30
0.0
 41
1.0
 10
72.46108789138816
 20
254.0982817911118
 30
0.0
 41
1.0
 10
72.47282748056022
 20
254.0974271180275
 30
0.0
 41
1.0
 10
72.48455314564307
 20
254.0967911810985
 30
0.0
 41
1.0
 10
72.4962609101658
 20
254.0965022125038
 30
0.0
 41
1.0
 10
72.5056097924371
 20
254.0966519934372
 30
0.0
 41
1.0
 10
72.51261043049908
 20
254.0970241585465
 30
0.0
 41
1.0
 10
72.51727246515748
 20
254.0973935525126
 30
0.0
 41
1.0
 10
72.51960221813624
 20
254.097608570697
 30
0.0
 41
1.0
  0
ARC
  5
629
330
70
100
AcDbEntity
  8
Visible
100
AcDbCircle
 10
77.197567
 20
254.536014
 30
0.0
 40
5.499999999998582
100
AcDbArc
 50
178.190287
 51
181.809713
  0
SPLINE
  5
62A
330
70
100
AcDbEntity
  8
Visible
100
AcDbSpline
210
0.0
220
0.0
230
1.0
 70
    12
 71
     5
 72
    81
 73
    75
 74
     0
 42
0.000000001
 43
0.0000000001
 40
0.0
 40
0.0
 40
0.0
 40
0.0
 40
0.0
 40
0.0
 40
0.0142857142857143
 40
0.0285714285714286
 40
0.0428571428571429
 40
0.0571428571428571
 40
0.0714285714285714
 40
0.0857142857142858
 40
0.1
 40
0.1142857142857143
 40
0.1285714285714286
 40
0.1428571428571429
 40
0.1571428571428572
 40
0.1714285714285715
 40
0.1857142857142857
 40
0.2
 40
0.2142857142857143
 40
0.2285714285714286
 40
0.2428571428571429
 40
0.2571428571428572
 40
0.2714285714285714
 40
0.2857142857142858
 40
0.3
 40
0.3142857142857143
 40
0.3285714285714286
 40
0.3428571428571429
 40
0.3571428571428572
 40
0.3714285714285715
 40
0.3857142857142858
 40
0.4000000000000001
 40
0.4142857142857145
 40
0.4285714285714287
 40
0.442857142857143
 40
0.4571428571428572
 40
0.4714285714285716
 40
0.4857142857142859
 40
0.5000000000000001
 40
0.5142857142857144
 40
0.5285714285714286
 40
0.5428571428571428
 40
0.5571428571428571
 40
0.5714285714285713
 40
0.5857142857142855
 40
0.5999999999999998
 40
0.614285714285714
 40
0.6285714285714282
 40
0.6428571428571425
 40
0.6571428571428567
 40
0.6714285714285709
 40
0.6857142857142852
 40
0.6999999999999994
 40
0.7142857142857137
 40
0.7285714285714279
 40
0.7428571428571421
 40
0.7571428571428564
 40
0.7714285714285706
 40
0.7857142857142848
 40
0.7999999999999991
 40
0.8142857142857133
 40
0.8285714285714275
 40
0.8428571428571418
 40
0.857142857142856
 40
0.8714285714285702
 40
0.8857142857142845
 40
0.8999999999999987
 40
0.9142857142857129
 40
0.9285714285714272
 40
0.9428571428571414
 40
0.9571428571428556
 40
0.9714285714285699
 40
0.9857142857142841
 40
1.0
 40
1.0
 40
1.0
 40
1.0
 40
1.0
 40
1.0
 10
72.51960221813624
 20
254.9744194978412
 30
0.0
 41
1.0
 10
72.51727246515748
 20
254.9746345160256
 30
0.0
 41
1.0
 10
72.51261043049908
 20
254.9750039099917
 30
0.0
 41
1.0
 10
72.5056097924371
 20
254.9753760751009
 30
0.0
 41
1.0
 10
72.4962609101658
 20
254.9755258560344
 30
0.0
 41
1.0
 10
72.48455314564307
 20
254.9752368874397
 30
0.0
 41
1.0
 10
72.47282748056022
 20
254.9746009505106
 30
0.0
 41
1.0
 10
72.46108789138816
 20
254.9737462774265
 30
0.0
 41
1.0
 10
72.4493378303523
 20
254.9727697316884
 30
0.0
 41
1.0
 10
72.43757956616173
 20
254.9717101305414
 30
0.0
 41
1.0
 10
72.42581450459875
 20
254.9705665758256
 30
0.0
 41
1.0
 10
72.41404344610145
 20
254.9693139604869
 30
0.0
 41
1.0
 10
72.40226685982907
 20
254.9679190640773
 30
0.0
 41
1.0
 10
72.39048516545427
 20
254.9663574161105
 30
0.0
 41
1.0
 10
72.37869896645952
 20
254.9646267823046
 30
0.0
 41
1.0
 10
72.36690896109848
 20
254.9627389031321
 30
0.0
 41
1.0
 10
72.3551158895234
 20
254.960713628122
 30
0.0
 41
1.0
 10
72.34332046960663
 20
254.9585723916316
 30
0.0
 41
1.0
 10
72.33152333152611
 20
254.9563313811013
 30
0.0
 41
1.0
 10
72.31972497128754
 20
254.9539966408693
 30
0.0
 41
1.0
 10
72.30792579311128
 20
254.9515678347043
 30
0.0
 41
1.0
 10
72.29612613902009
 20
254.9490407696103
 30
0.0
 41
1.0
 10
72.28432632190652
 20
254.9464102665798
 30
0.0
 41
1.0
 10
72.2725266604857
 20
254.943673194196
 30
0.0
 41
1.0
 10
72.26072750272397
 20
254.9408304569251
 30
0.0
 41
1.0
 10
72.24892920959701
 20
254.9378853626749
 30
0.0
 41
1.0
 10
72.23713214540748
 20
254.9348425912703
 30
0.0
 41
1.0
 10
72.22533666617164
 20
254.9317069914205
 30
0.0
 41
1.0
 10
72.21354310727747
 20
254.9284823037297
 30
0.0
 41
1.0
 10
72.20175177632336
 20
254.9251703898726
 30
0.0
 41
1.0
 10
72.18996296132445
 20
254.9217719514418
 30
0.0
 41
1.0
 10
72.1781769361296
 20
254.9182869802053
 30
0.0
 41
1.0
 10
72.16639396658684
 20
254.9147152857049
 30
0.0
 41
1.0
 10
72.15461431710628
 20
254.9110570583916
 30
0.0
 41
1.0
 10
72.14283825459915
 20
254.9073131969771
 30
0.0
 41
1.0
 10
72.13106604546556
 20
254.9034850034977
 30
0.0
 41
1.0
 10
72.11929795385913
 20
254.8995739985366
 30
0.0
 41
1.0
 10
72.10753423956521
 20
254.8955817018968
 30
0.0
 41
1.0
 10
72.09577515565706
 20
254.8915093994374
 30
0.0
 41
1.0
 10
72.08402094734902
 20
254.8873580115287
 30
0.0
 41
1.0
 10
72.0722718539937
 20
254.8831282263336
 30
0.0
 41
1.0
 10
72.06052811045537
 20
254.8788205827259
 30
0.0
 41
1.0
 10
72.04878994859064
 20
254.8744355682775
 30
0.0
 41
1.0
 10
72.03705759886452
 20
254.8699737239822
 30
0.0
 41
1.0
 10
72.02533129116364
 20
254.8654357055548
 30
0.0
 41
1.0
 10
72.01361125362109
 20
254.8608222270814
 30
0.0
 41
1.0
 10
72.00189771175337
 20
254.8561340274637
 30
0.0
 41
1.0
 10
71.99019088751993
 20
254.8513718304539
 30
0.0
 41
1.0
 10
71.97849099811083
 20
254.8465363030518
 30
0.0
 41
1.0
 10
71.96679825563387
 20
254.8416280308302
 30
0.0
 41
1.0
 10
71.9551128693538
 20
254.8366475433277
 30
0.0
 41
1.0
 10
71.94343504749667
 20
254.8315953308574
 30
0.0
 41
1.0
 10
71.93176499899164
 20
254.8264718641894
 30
0.0
 41
1.0
 10
71.92010293559906
 20
254.8212776158643
 30
0.0
 41
1.0
 10
71.90844907252904
 20
254.8160130739516
 30
0.0
 41
1.0
 10
71.89680362434046
 20
254.8106787285824
 30
0.0
 41
1.0
 10
71.88516680143766
 20
254.8052750633833
 30
0.0
 41
1.0
 10
71.87353880660339
 20
254.7998025459501
 30
0.0
 41
1.0
 10
71.86191983064873
 20
254.7942616181017
 30
0.0
 41
1.0
 10
71.85031005076417
 20
254.788652690153
 30
0.0
 41
1.0
 10
71.83870964016387
 20
254.7829761520943
 30
0.0
 41
1.0
 10
71.8271187762557
 20
254.7772323828831
 30
0.0
 41
1.0
 10
71.81553764881846
 20
254.7714217604407
 30
0.0
 41
1.0
 10
71.80396646930694
 20
254.765544673026
 30
0.0
 41
1.0
 10
71.79240547612789
 20
254.7596015270428
 30
0.0
 41
1.0
 10
71.78085491463662
 20
254.7535927299241
 30
0.0
 41
1.0
 10
71.76931501979471
 20
254.747518676174
 30
0.0
 41
1.0
 10
71.75778599804835
 20
254.741379732769
 30
0.0
 41
1.0
 10
71.74626800864825
 20
254.7351762250237
 30
0.0
 41
1.0
 10
71.7347611472951
 20
254.7289084234262
 30
0.0
 41
1.0
 10
71.72326546263139
 20
254.7225765418034
 30
0.0
 41
1.0
 10
71.71407786887176
 20
254.7174598963666
 30
0.0
 41
1.0
 10
71.70719220919273
 20
254.7135936883178
 30
0.0
 41
1.0
 10
71.70260400672214
 20
254.7110034543166
 30
0.0
 41
1.0
 10
71.70031046481653
 20
254.7097051468236
 30
0.0
 41
1.0
  0
SPLINE
  5
62B
330
70
100
AcDbEntity
  8
Visible
100
AcDbSpline
210
0.0
220
0.0
230
1.0
 70
    12
 71
     5
 72
    81
 73
    75
 74
     0
 42
0.000000001
 43
0.0000000001
 40
-1.0
 40
-1.0
 40
-1.0
 40
-1.0
 40
-1.0
 40
-1.0
 40
-0.9857142857142841
 40
-0.9714285714285699
 40
-0.9571428571428556
 40
-0.9428571428571414
 40
-0.9285714285714272
 40
-0.9142857142857129
 40
-0.8999999999999987
 40
-0.8857142857142845
 40
-0.8714285714285702
 40
-0.857142857142856
 40
-0.8428571428571418
 40
-0.8285714285714275
 40
-0.8142857142857133
 40
-0.7999999999999991
 40
-0.7857142857142848
 40
-0.7714285714285706
 40
-0.7571428571428564
 40
-0.7428571428571421
 40
-0.7285714285714279
 40
-0.7142857142857137
 40
-0.6999999999999994
 40
-0.6857142857142852
 40
-0.6714285714285709
 40
-0.6571428571428567
 40
-0.6428571428571425
 40
-0.6285714285714282
 40
-0.614285714285714
 40
-0.5999999999999998
 40
-0.5857142857142855
 40
-0.5714285714285713
 40
-0.5571428571428571
 40
-0.5428571428571428
 40
-0.5285714285714286
 40
-0.5142857142857144
 40
-0.5000000000000001
 40
-0.4857142857142859
 40
-0.4714285714285716
 40
-0.4571428571428572
 40
-0.442857142857143
 40
-0.4285714285714287
 40
-0.4142857142857145
 40
-0.4000000000000001
 40
-0.3857142857142858
 40
-0.3714285714285715
 40
-0.3571428571428572
 40
-0.3428571428571429
 40
-0.3285714285714286
 40
-0.3142857142857143
 40
-0.3
 40
-0.2857142857142858
 40
-0.2714285714285714
 40
-0.2571428571428572
 40
-0.2428571428571429
 40
-0.2285714285714286
 40
-0.2142857142857143
 40
-0.2
 40
-0.1857142857142857
 40
-0.1714285714285715
 40
-0.1571428571428572
 40
-0.1428571428571429
 40
-0.1285714285714286
 40
-0.1142857142857143
 40
-0.1
 40
-0.0857142857142858
 40
-0.0714285714285714
 40
-0.0571428571428571
 40
-0.0428571428571429
 40
-0.0285714285714286
 40
-0.0142857142857143
 40
0.0
 40
0.0
 40
0.0
 40
0.0
 40
0.0
 40
0.0
 10
71.91569185374738
 20
256.0695697174196
 30
0.0
 41
1.0
 10
71.9174719426428
 20
256.0676262101915
 30
0.0
 41
1.0
 10
71.92103515617418
 20
256.0637449187297
 30
0.0
 41
1.0
 10
71.92638908369099
 20
256.0579401505138
 30
0.0
 41
1.0
 10
71.93354587421072
 20
256.0502348089203
 30
0.0
 41
1.0
 10
71.94252226099161
 20
256.0406604697191
 30
0.0
 41
1.0
 10
71.9515290792533
 20
256.0311436204565
 30
0.0
 41
1.0
 10
71.96056634880824
 20
256.0216844795259
 30
0.0
 41
1.0
 10
71.96963406222767
 20
256.01228333375
 30
0.0
 41
1.0
 10
71.97873216858079
 20
256.0029405417308
 30
0.0
 41
1.0
 10
71.98786058492806
 20
255.9936565162798
 30
0.0
 41
1.0
 10
71.99701920971711
 20
255.9844317052021
 30
0.0
 41
1.0
 10
72.00620793550388
 20
255.9752665718051
 30
0.0
 41
1.0
 10
72.01542666113709
 20
255.9661615762752
 30
0.0
 41
1.0
 10
72.02467530548801
 20
255.9571171532116
 30
0.0
 41
1.0
 10
72.03395380485199
 20
255.9481337206835
 30
0.0
 41
1.0
 10
72.04326210760701
 20
255.9392116939243
 30
0.0
 41
1.0
 10
72.05260016953161
 20
255.9303514973599
 30
0.0
 41
1.0
 10
72.06196794890184
 20
255.9215535759804
 30
0.0
 41
1.0
 10
72.07136540077408
 20
255.9128184089423
 30
0.0
 41
1.0
 10
72.08079247678597
 20
255.9041465036226
 30
0.0
 41
1.0
 10
72.09024912628047
 20
255.8955383849916
 30
0.0
 41
1.0
 10
72.09973529665695
 20
255.8869945854967
 30
0.0
 41
1.0
 10
72.10925093406331
 20
255.8785156358226
 30
0.0
 41
1.0
 10
72.11879598312407
 20
255.8701020508206
 30
0.0
 41
1.0
 10
72.12837039061196
 20
255.8617543427808
 30
0.0
 41
1.0
 10
72.13797411000905
 20
255.8534730423644
 30
0.0
 41
1.0
 10
72.14760710592782
 20
255.8452587178599
 30
0.0
 41
1.0
 10
72.15726935759267
 20
255.8371119917229
 30
0.0
 41
1.0
 10
72.16696086456067
 20
255.8290335654255
 30
0.0
 41
1.0
 10
72.17668163938469
 20
255.821024195885
 30
0.0
 41
1.0
 10
72.18643169592178
 20
255.8130846555278
 30
0.0
 41
1.0
 10
72.1962110378663
 20
255.8052156939866
 30
0.0
 41
1.0
 10
72.20601964921115
 20
255.7974180059227
 30
0.0
 41
1.0
 10
72.21585747794961
 20
255.7896921770689
 30
0.0
 41
1.0
 10
72.22572445423702
 20
255.782038742781
 30
0.0
 41
1.0
 10
72.23562052122815
 20
255.774458288136
 30
0.0
 41
1.0
 10
72.24554566393909
 20
255.76695154158
 30
0.0
 41
1.0
 10
72.25549993356526
 20
255.7595194542118
 30
0.0
 41
1.0
 10
72.26548348677443
 20
255.7521633271608
 30
0.0
 41
1.0
 10
72.27549654613994
 20
255.7448846861225
 30
0.0
 41
1.0
 10
72.28553933032163
 20
255.7376850588871
 30
0.0
 41
1.0
 10
72.29561198831016
 20
255.7305657660854
 30
0.0
 41
1.0
 10
72.30571454397614
 20
255.7235277449235
 30
0.0
 41
1.0
 10
72.31584680470223
 20
255.7165712582391
 30
0.0
 41
1.0
 10
72.32600845879642
 20
255.7096962070454
 30
0.0
 41
1.0
 10
72.33619924327013
 20
255.7029026681393
 30
0.0
 41
1.0
 10
72.3464191010089
 20
255.6961913977757
 30
0.0
 41
1.0
 10
72.35666831475737
 20
255.6895642615645
 30
0.0
 41
1.0
 10
72.36694772145438
 20
255.683024920675
 30
0.0
 41
1.0
 10
72.37725848084119
 20
255.6765780965161
 30
0.0
 41
1.0
 10
72.38760169258966
 20
255.6702283524428
 30
0.0
 41
1.0
 10
72.39797803559213
 20
255.6639789460105
 30
0.0
 41
1.0
 10
72.40838745840938
 20
255.6578308449425
 30
0.0
 41
1.0
 10
72.41882869026267
 20
255.6517811695767
 30
0.0
 41
1.0
 10
72.4292998331739
 20
255.64582509107
 30
0.0
 41
1.0
 10
72.43979926615065
 20
255.639958727339
 30
0.0
 41
1.0
 10
72.45032650085704
 20
255.634181883519
 30
0.0
 41
1.0
 10
72.46088293336652
 20
255.6285004613928
 30
0.0
 41
1.0
 10
72.47147296653929
 20
255.6229300508639
 30
0.0
 41
1.0
 10
72.4821025412175
 20
255.617491259055
 30
0.0
 41
1.0
 10
72.49277708731733
 20
255.612203192708
 30
0.0
 41
1.0
 10
72.5034995687638
 20
255.6070772334479
 30
0.0
 41
1.0
 10
72.51426872118191
 20
255.6021114428349
 30
0.0
 41
1.0
 10
72.52507658364265
 20
255.597282677737
 30
0.0
 41
1.0
 10
72.5359124442657
 20
255.5925594886094
 30
0.0
 41
1.0
 10
72.54676778328212
 20
255.5879182445751
 30
0.0
 41
1.0
 10
72.55764098616873
 20
255.5833585258424
 30
0.0
 41
1.0
 10
72.56854189044225
 20
255.5789179508756
 30
0.0
 41
1.0
 10
72.57949714530787
 20
255.5746897091339
 30
0.0
 41
1.0
 10
72.59054259484219
 20
255.5707969854657
 30
0.0
 41
1.0
 10
72.59948019510011
 20
255.5680504720976
 30
0.0
 41
1.0
 10
72.60625320289091
 20
255.5662411060175
 30
0.0
 41
1.0
 10
72.61080121034502
 20
255.5651517726174
 30
0.0
 41
1.0
 10
72.61308338137041
 20
255.5646363338001
 30
0.0
 41
1.0
  0
ARC
  5
62C
330
70
100
AcDbEntity
  8
Visible
100
AcDbCircle
 10
77.197567
 20
254.536014
 30
0.0
 40
5.499999999998583
100
AcDbArc
 50
160.190287
 51
163.809713
  0
SPLINE
  5
62D
330
70
100
AcDbEntity
  8
Visible
100
AcDbSpline
210
0.0
220
0.0
230
1.0
 70
    12
 71
     5
 72
    81
 73
    75
 74
     0
 42
0.000000001
 43
0.0000000001
 40
0.0
 40
0.0
 40
0.0
 40
0.0
 40
0.0
 40
0.0
 40
0.0142857142857143
 40
0.0285714285714286
 40
0.0428571428571429
 40
0.0571428571428571
 40
0.0714285714285714
 40
0.0857142857142858
 40
0.1
 40
0.1142857142857143
 40
0.1285714285714286
 40
0.1428571428571429
 40
0.1571428571428572
 40
0.1714285714285715
 40
0.1857142857142857
 40
0.2
 40
0.2142857142857143
 40
0.2285714285714286
 40
0.2428571428571429
 40
0.2571428571428572
 40
0.2714285714285714
 40
0.2857142857142858
 40
0.3
 40
0.3142857142857143
 40
0.3285714285714286
 40
0.3428571428571429
 40
0.3571428571428572
 40
0.3714285714285715
 40
0.3857142857142858
 40
0.4000000000000001
 40
0.4142857142857145
 40
0.4285714285714287
 40
0.442857142857143
 40
0.4571428571428572
 40
0.4714285714285716
 40
0.4857142857142859
 40
0.5000000000000001
 40
0.5142857142857144
 40
0.5285714285714286
 40
0.5428571428571428
 40
0.5571428571428571
 40
0.5714285714285713
 40
0.5857142857142855
 40
0.5999999999999998
 40
0.614285714285714
 40
0.6285714285714282
 40
0.6428571428571425
 40
0.6571428571428567
 40
0.6714285714285709
 40
0.6857142857142852
 40
0.6999999999999994
 40
0.7142857142857137
 40
0.7285714285714279
 40
0.7428571428571421
 40
0.7571428571428564
 40
0.7714285714285706
 40
0.7857142857142848
 40
0.7999999999999991
 40
0.8142857142857133
 40
0.8285714285714275
 40
0.8428571428571418
 40
0.857142857142856
 40
0.8714285714285702
 40
0.8857142857142845
 40
0.8999999999999987
 40
0.9142857142857129
 40
0.9285714285714272
 40
0.9428571428571414
 40
0.9571428571428556
 40
0.9714285714285699
 40
0.9857142857142841
 40
1.0
 40
1.0
 40
1.0
 40
1.0
 40
1.0
 40
1.0
 10
72.88403285871118
 20
256.3985330796195
 30
0.0
 41
1.0
 10
72.88188357623312
 20
256.3994575073284
 30
0.0
 41
1.0
 10
72.87756386680394
 20
256.4012494698045
 30
0.0
 41
1.0
 10
72.87102086970117
 20
256.4037667359898
 30
0.0
 41
1.0
 10
72.86217583915004
 20
256.4067981496228
 30
0.0
 41
1.0
 10
72.85095179720338
 20
256.4101412223608
 30
0.0
 41
1.0
 10
72.83960351170026
 20
256.4131598401818
 30
0.0
 41
1.0
 10
72.82817439041173
 20
256.4159747303365
 30
0.0
 41
1.0
 10
72.81669764906746
 20
256.4186769486951
 30
0.0
 41
1.0
 10
72.80518744052733
 20
256.4213027115784
 30
0.0
 41
1.0
 10
72.79364482422261
 20
256.4238507303771
 30
0.0
 41
1.0
 10
72.78206280290669
 20
256.4262968795138
 30
0.0
 41
1.0
 10
72.77043155709725
 20
256.4286094194886
 30
0.0
 41
1.0
 10
72.75874392412788
 20
256.4307649477969
 30
0.0
 41
1.0
 10
72.74699978751414
 20
256.432761153027
 30
0.0
 41
1.0
 10
72.7352034393416
 20
256.4346089852588
 30
0.0
 41
1.0
 10
72.72336171737606
 20
256.4363270937956
 30
0.0
 41
1.0
 10
72.71148192793771
 20
256.4379356420886
 30
0.0
 41
1.0
 10
72.69956967255438
 20
256.4394498305719
 30
0.0
 41
1.0
 10
72.68762729075842
 20
256.4408752544805
 30
0.0
 41
1.0
 10
72.67565506308528
 20
256.442211469127
 30
0.0
 41
1.0
 10
72.66365201911231
 20
256.4434543810439
 30
0.0
 41
1.0
 10
72.65161685601561
 20
256.4445989680134
 30
0.0
 41
1.0
 10
72.63954890924924
 20
256.4456421533951
 30
0.0
 41
1.0
 10
72.62744878924696
 20
256.4465846898565
 30
0.0
 41
1.0
 10
72.61531786151318
 20
256.4474296118596
 30
0.0
 41
1.0
 10
72.60315791866833
 20
256.4481812576068
 30
0.0
 41
1.0
 10
72.59097079763705
 20
256.4488441284775
 30
0.0
 41
1.0
 10
72.57875797330235
 20
256.4494216783578
 30
0.0
 41
1.0
 10
72.56652031349677
 20
256.4499155827543
 30
0.0
 41
1.0
 10
72.55425830894364
 20
256.4503264199175
 30
0.0
 41
1.0
 10
72.54197221754385
 20
256.4506540973953
 30
0.0
 41
1.0
 10
72.52966223327985
 20
256.450898351899
 30
0.0
 41
1.0
 10
72.51732866647308
 20
256.4510592828528
 30
0.0
 41
1.0
 10
72.50497204868771
 20
256.4511376624996
 30
0.0
 41
1.0
 10
72.49259303563667
 20
256.4511346468289
 30
0.0
 41
1.0
 10
72.48019234843105
 20
256.4510516003729
 30
0.0
 41
1.0
 10
72.46777070378811
 20
256.4508898882732
 30
0.0
 41
1.0
 10
72.45532873974571
 20
256.4506506552489
 30
0.0
 41
1.0
 10
72.44286697392635
 20
256.4503347008486
 30
0.0
 41
1.0
 10
72.43038584662281
 20
256.4499426055918
 30
0.0
 41
1.0
 10
72.41788574772363
 20
256.4494748094003
 30
0.0
 41
1.0
 10
72.40536704840815
 20
256.4489317043335
 30
0.0
 41
1.0
 10
72.392830135037
 20
256.4483137336911
 30
0.0
 41
1.0
 10
72.38027542886993
 20
256.4476214500555
 30
0.0
 41
1.0
 10
72.36770336754307
 20
256.4468554620653
 30
0.0
 41
1.0
 10
72.35511439386574
 20
256.4460164027714
 30
0.0
 41
1.0
 10
72.34250894258639
 20
256.4451048919109
 30
0.0
 41
1.0
 10
72.32988742638099
 20
256.4441214967255
 30
0.0
 41
1.0
 10
72.31725022792488
 20
256.4430667085817
 30
0.0
 41
1.0
 10
72.30459770987909
 20
256.4419409664342
 30
0.0
 41
1.0
 10
72.29193022179334
 20
256.4407446722544
 30
0.0
 41
1.0
 10
72.2792481078468
 20
256.4394782092068
 30
0.0
 41
1.0
 10
72.26655171545826
 20
256.4381419612673
 30
0.0
 41
1.0
 10
72.25384140012739
 20
256.4367363261145
 30
0.0
 41
1.0
 10
72.24111751736927
 20
256.4352617035893
 30
0.0
 41
1.0
 10
72.22838041674004
 20
256.4337184886262
 30
0.0
 41
1.0
 10
72.21563043559218
 20
256.4321070632759
 30
0.0
 41
1.0
 10
72.20286789192778
 20
256.4304277887659
 30
0.0
 41
1.0
 10
72.1900930810607
 20
256.428681000576
 30
0.0
 41
1.0
 10
72.17730628823756
 20
256.4268670160827
 30
0.0
 41
1.0
 10
72.16450779928982
 20
256.4249861408734
 30
0.0
 41
1.0
 10
72.15169791149219
 20
256.4230386757281
 30
0.0
 41
1.0
 10
72.13887694592813
 20
256.4210249245598
 30
0.0
 41
1.0
 10
72.12604525492134
 20
256.4189452002092
 30
0.0
 41
1.0
 10
72.11320319772312
 20
256.4167998143493
 30
0.0
 41
1.0
 10
72.10035111970319
 20
256.41458906957
 30
0.0
 41
1.0
 10
72.08748933060451
 20
256.4123132510895
 30
0.0
 41
1.0
 10
72.07461808241351
 20
256.4099726190898
 30
0.0
 41
1.0
 10
72.06173754972951
 20
256.4075674012483
 30
0.0
 41
1.0
 10
72.04884784489332
 20
256.4050977858933
 30
0.0
 41
1.0
 10
72.0385287935851
 20
256.4030706895183
 30
0.0
 41
1.0
 10
72.03078541808736
 20
256.4015214930186
 30
0.0
 41
1.0
 10
72.02562135190419
 20
256.4004758666306
 30
0.0
 41
1.0
 10
72.02303886485061
 20
256.3999498462554
 30
0.0
 41
1.0
  0
SPLINE
  5
62E
330
70
100
AcDbEntity
  8
Visible
100
AcDbSpline
210
0.0
220
0.0
230
1.0
 70
    12
 71
     5
 72
    81
 73
    75
 74
     0
 42
0.000000001
 43
0.0000000001
 40
-1.0
 40
-1.0
 40
-1.0
 40
-1.0
 40
-1.0
 40
-1.0
 40
-0.9857142857142841
 40
-0.9714285714285699
 40
-0.9571428571428556
 40
-0.9428571428571414
 40
-0.9285714285714272
 40
-0.9142857142857129
 40
-0.8999999999999987
 40
-0.8857142857142845
 40
-0.8714285714285702
 40
-0.857142857142856
 40
-0.8428571428571418
 40
-0.8285714285714275
 40
-0.8142857142857133
 40
-0.7999999999999991
 40
-0.7857142857142848
 40
-0.7714285714285706
 40
-0.7571428571428564
 40
-0.7428571428571421
 40
-0.7285714285714279
 40
-0.7142857142857137
 40
-0.6999999999999994
 40
-0.6857142857142852
 40
-0.6714285714285709
 40
-0.6571428571428567
 40
-0.6428571428571425
 40
-0.6285714285714282
 40
-0.614285714285714
 40
-0.5999999999999998
 40
-0.5857142857142855
 40
-0.5714285714285713
 40
-0.5571428571428571
 40
-0.5428571428571428
 40
-0.5285714285714286
 40
-0.5142857142857144
 40
-0.5000000000000001
 40
-0.4857142857142859
 40
-0.4714285714285716
 40
-0.4571428571428572
 40
-0.442857142857143
 40
-0.4285714285714287
 40
-0.4142857142857145
 40
-0.4000000000000001
 40
-0.3857142857142858
 40
-0.3714285714285715
 40
-0.3571428571428572
 40
-0.3428571428571429
 40
-0.3285714285714286
 40
-0.3142857142857143
 40
-0.3
 40
-0.2857142857142858
 40
-0.2714285714285714
 40
-0.2571428571428572
 40
-0.2428571428571429
 40
-0.2285714285714286
 40
-0.2142857142857143
 40
-0.2
 40
-0.1857142857142857
 40
-0.1714285714285715
 40
-0.1571428571428572
 40
-0.1428571428571429
 40
-0.1285714285714286
 40
-0.1142857142857143
 40
-0.1
 40
-0.0857142857142858
 40
-0.0714285714285714
 40
-0.0571428571428571
 40
-0.0428571428571429
 40
-0.0285714285714286
 40
-0.0142857142857143
 40
0.0
 40
0.0
 40
0.0
 40
0.0
 40
0.0
 40
0.0
 10
72.64810000064426
 20
257.6267013979468
 30
0.0
 41
1.0
 10
72.64919238902621
 20
257.6243029350135
 30
0.0
 41
1.0
 10
72.65138182145165
 20
257.6195105139404
 30
0.0
 41
1.0
 10
72.65467993707716
 20
257.6123353967141
 30
0.0
 41
1.0
 10
72.65910536783668
 20
257.6027956114858
 30
0.0
 41
1.0
 10
72.66468378545415
 20
257.5909160177362
 30
0.0
 41
1.0
 10
72.67030891049762
 20
257.5790816963226
 30
0.0
 41
1.0
 10
72.67598082929817
 20
257.5672928488266
 30
0.0
 41
1.0
 10
72.68169962342199
 20
257.5555497503283
 30
0.0
 41
1.0
 10
72.68746535524588
 20
257.5438527576189
 30
0.0
 41
1.0
 10
72.69327807345689
 20
257.5322022889332
 30
0.0
 41
1.0
 10
72.69913781984996
 20
257.5205988015405
 30
0.0
 41
1.0
 10
72.70504463541056
 20
257.5090427692767
 30
0.0
 41
1.0
 10
72.71099856614274
 20
257.49753466106
 30
0.0
 41
1.0
 10
72.71699966918913
 20
257.4860749152894
 30
0.0
 41
1.0
 10
72.72304801315204
 20
257.4746639492596
 30
0.0
 41
1.0
 10
72.72914367724934
 20
257.4633021738309
 30
0.0
 41
1.0
 10
72.73528675058059
 20
257.4519900063242
 30
0.0
 41
1.0
 10
72.74147733097198
 20
257.4407278828412
 30
0.0
 41
1.0
 10
72.74771552374841
 20
257.4295162729768
 30
0.0
 41
1.0
 10
72.75400143970182
 20
257.4183556742182
 30
0.0
 41
1.0
 10
72.76033519287921
 20
257.4072466014977
 30
0.0
 41
1.0
 10
72.7667168977905
 20
257.3961895774564
 30
0.0
 41
1.0
 10
72.77314666720849
 20
257.3851851234467
 30
0.0
 41
1.0
 10
72.7796246075668
 20
257.3742337462336
 30
0.0
 41
1.0
 10
72.7861508265496
 20
257.3633359494806
 30
0.0
 41
1.0
 10
72.79272544389823
 20
257.3524922522538
 30
0.0
 41
1.0
 10
72.79934860156936
 20
257.3417032059606
 30
0.0
 41
1.0
 10
72.80602047215234
 20
257.330969409014
 30
0.0
 41
1.0
 10
72.81274127199321
 20
257.3202915286874
 30
0.0
 41
1.0
 10
72.81951124693114
 20
257.3096702809762
 30
0.0
 41
1.0
 10
72.82633064883611
 20
257.2991063962163
 30
0.0
 41
1.0
 10
72.83319971287347
 20
257.288600586211
 30
0.0
 41
1.0
 10
72.84011863848082
 20
257.2781535165695
 30
0.0
 41
1.0
 10
72.84708755719657
 20
257.2677657604263
 30
0.0
 41
1.0
 10
72.85410656803105
 20
257.2574378485196
 30
0.0
 41
1.0
 10
72.86117579771872
 20
257.2471703548544
 30
0.0
 41
1.0
 10
72.86829545711043
 20
257.2369639768567
 30
0.0
 41
1.0
 10
72.87546588880286
 20
257.2268196032555
 30
0.0
 41
1.0
 10
72.88268764386703
 20
257.2167384230825
 30
0.0
 41
1.0
 10
72.88996140544714
 20
257.2067218185839
 30
0.0
 41
1.0
 10
72.89728785361603
 20
257.1967711752031
 30
0.0
 41
1.0
 10
72.90466753816963
 20
257.1868877028965
 30
0.0
 41
1.0
 10
72.91210077142114
 20
257.1770722856209
 30
0.0
 41
1.0
 10
72.91958745140163
 20
257.1673252328728
 30
0.0
 41
1.0
 10
72.92712725108867
 20
257.1576465468297
 30
0.0
 41
1.0
 10
72.93471994409538
 20
257.1480363817964
 30
0.0
 41
1.0
 10
72.94236570979683
 20
257.1384954746627
 30
0.0
 41
1.0
 10
72.95006539360656
 20
257.1290255123577
 30
0.0
 41
1.0
 10
72.95782092286208
 20
257.1196297182305
 30
0.0
 41
1.0
 10
72.96563485953993
 20
257.1103122242293
 30
0.0
 41
1.0
 10
72.97350965964415
 20
257.1010770305456
 30
0.0
 41
1.0
 10
72.98144697548014
 20
257.0919270255072
 30
0.0
 41
1.0
 10
72.98944705716713
 20
257.0828631453724
 30
0.0
 41
1.0
 10
72.99750780626073
 20
257.0738830441087
 30
0.0
 41
1.0
 10
73.00562592548158
 20
257.064982715724
 30
0.0
 41
1.0
 10
73.01379867354353
 20
257.0561589690488
 30
0.0
 41
1.0
 10
73.02202552579547
 20
257.0474117696622
 30
0.0
 41
1.0
 10
73.03030963373385
 20
257.0387462990812
 30
0.0
 41
1.0
 10
73.03866000227117
 20
257.030176023628
 30
0.0
 41
1.0
 10
73.04708864943586
 20
257.0217187060189
 30
0.0
 41
1.0
 10
73.05560664369386
 20
257.0133908399093
 30
0.0
 41
1.0
 10
73.06422032102091
 20
257.005202333964
 30
0.0
 41
1.0
 10
73.07292787991264
 20
256.9971517353306
 30
0.0
 41
1.0
 10
73.08171459745608
 20
256.9892194936447
 30
0.0
 41
1.0
 10
73.09056056760346
 20
256.9813790087674
 30
0.0
 41
1.0
 10
73.09945038523074
 20
256.9736104391477
 30
0.0
 41
1.0
 10
73.10838238511133
 20
256.9659138844599
 30
0.0
 41
1.0
 10
73.11737754802379
 20
256.9583220820268
 30
0.0
 41
1.0
 10
73.12649001599766
 20
256.9509154252346
 30
0.0
 41
1.0
 10
73.13579194498379
 20
256.9437999934071
 30
0.0
 41
1.0
 10
73.14344338864339
 20
256.9384260336028
 30
0.0
 41
1.0
 10
73.14932577696982
 20
256.9346122496918
 30
0.0
 41
1.0
 10
73.15331456656259
 20
256.9321708204697
 30
0.0
 41
1.0
 10
73.15532576083296
 20
256.9309753793923
 30
0.0
 41
1.0
  0
ARC
  5
62F
330
70
100
AcDbEntity
  8
Visible
100
AcDbCircle
 10
77.197567
 20
254.536014
 30
0.0
 40
5.499999999998583
100
AcDbArc
 50
142.190287
 51
145.809713
  0
SPLINE
  5
630
330
70
100
AcDbEntity
  8
Visible
100
AcDbSpline
210
0.0
220
0.0
230
1.0
 70
    12
 71
     5
 72
    81
 73
    75
 74
     0
 42
0.000000001
 43
0.0000000001
 40
0.0
 40
0.0
 40
0.0
 40
0.0
 40
0.0
 40
0.0
 40
0.0142857142857143
 40
0.0285714285714286
 40
0.0428571428571429
 40
0.0571428571428571
 40
0.0714285714285714
 40
0.0857142857142858
 40
0.1
 40
0.1142857142857143
 40
0.1285714285714286
 40
0.1428571428571429
 40
0.1571428571428572
 40
0.1714285714285715
 40
0.1857142857142857
 40
0.2
 40
0.2142857142857143
 40
0.2285714285714286
 40
0.2428571428571429
 40
0.2571428571428572
 40
0.2714285714285714
 40
0.2857142857142858
 40
0.3
 40
0.3142857142857143
 40
0.3285714285714286
 40
0.3428571428571429
 40
0.3571428571428572
 40
0.3714285714285715
 40
0.3857142857142858
 40
0.4000000000000001
 40
0.4142857142857145
 40
0.4285714285714287
 40
0.442857142857143
 40
0.4571428571428572
 40
0.4714285714285716
 40
0.4857142857142859
 40
0.5000000000000001
 40
0.5142857142857144
 40
0.5285714285714286
 40
0.5428571428571428
 40
0.5571428571428571
 40
0.5714285714285713
 40
0.5857142857142855
 40
0.5999999999999998
 40
0.614285714285714
 40
0.6285714285714282
 40
0.6428571428571425
 40
0.6571428571428567
 40
0.6714285714285709
 40
0.6857142857142852
 40
0.6999999999999994
 40
0.7142857142857137
 40
0.7285714285714279
 40
0.7428571428571421
 40
0.7571428571428564
 40
0.7714285714285706
 40
0.7857142857142848
 40
0.7999999999999991
 40
0.8142857142857133
 40
0.8285714285714275
 40
0.8428571428571418
 40
0.857142857142856
 40
0.8714285714285702
 40
0.8857142857142845
 40
0.8999999999999987
 40
0.9142857142857129
 40
0.9285714285714272
 40
0.9428571428571414
 40
0.9571428571428556
 40
0.9714285714285699
 40
0.9857142857142841
 40
1.0
 40
1.0
 40
1.0
 40
1.0
 40
1.0
 40
1.0
 10
73.67070229285764
 20
257.640330320306
 30
0.0
 41
1.0
 10
73.66894386762306
 20
257.6418736681144
 30
0.0
 41
1.0
 10
73.66538932668027
 20
257.6449127893284
 30
0.0
 41
1.0
 10
73.65994444468014
 20
257.6493287490357
 30
0.0
 41
1.0
 10
73.65246907906748
 20
257.6549450594812
 30
0.0
 41
1.0
 10
73.64282744712454
 20
257.6615929303007
 30
0.0
 41
1.0
 10
73.63296739045381
 20
257.6679706195264
 30
0.0
 41
1.0
 10
73.62296749907182
 20
257.6741795318594
 30
0.0
 41
1.0
 10
73.61288750082621
 20
257.6802960023533
 30
0.0
 41
1.0
 10
73.60275204734444
 20
257.6863501013013
 30
0.0
 41
1.0
 10
73.59256174800248
 20
257.6923402757811
 30
0.0
 41
1.0
 10
73.58230249281314
 20
257.6982457432732
 30
0.0
 41
1.0
 10
73.57195513484566
 20
257.7040393521065
 30
0.0
 41
1.0
 10
73.56150563022947
 20
257.7097010585612
 30
0.0
 41
1.0
 10
73.55095315391555
 20
257.7152287003519
 30
0.0
 41
1.0
 10
73.54030517167939
 20
257.7206313652932
 30
0.0
 41
1.0
 10
73.52957394957593
 20
257.7259246769427
 30
0.0
 41
1.0
 10
73.51877266717747
 20
257.7311255541054
 30
0.0
 41
1.0
 10
73.50791134904466
 20
257.7362467222838
 30
0.0
 41
1.0
 10
73.49699394922936
 20
257.7412927799087
 30
0.0
 41
1.0
 10
73.48602059712084
 20
257.7462632173665
 30
0.0
 41
1.0
 10
73.47498910483955
 20
257.7511544414165
 30
0.0
 41
1.0
 10
73.46389668137636
 20
257.7559620782395
 30
0.0
 41
1.0
 10
73.45274174397764
 20
257.7606834071321
 30
0.0
 41
1.0
 10
73.44152510578624
 20
257.7653189552911
 30
0.0
 41
1.0
 10
73.43024900317414
 20
257.7698711866951
 30
0.0
 41
1.0
 10
73.41891648160345
 20
257.7743436732699
 30
0.0
 41
1.0
 10
73.40753067909554
 20
257.7787401284422
 30
0.0
 41
1.0
 10
73.39609406565796
 20
257.7830633812882
 30
0.0
 41
1.0
 10
73.38460798440792
 20
257.7873147571345
 30
0.0
 41
1.0
 10
73.37307308074014
 20
257.7914946542878
 30
0.0
 41
1.0
 10
73.36148957136447
 20
257.7956029051247
 30
0.0
 41
1.0
 10
73.3498575594067
 20
257.7996391993011
 30
0.0
 41
1.0
 10
73.33817737072513
 20
257.8036035354771
 30
0.0
 41
1.0
 10
73.32644974950381
 20
257.8074964838397
 30
0.0
 41
1.0
 10
73.31467567658274
 20
257.8113189411733
 30
0.0
 41
1.0
 10
73.30285625944362
 20
257.8150719823879
 30
0.0
 41
1.0
 10
73.29099260157637
 20
257.8187566843344
 30
0.0
 41
1.0
 10
73.27908566352744
 20
257.8223739385403
 30
0.0
 41
1.0
 10
73.26713618466147
 20
257.8259243454677
 30
0.0
 41
1.0
 10
73.25514476311036
 20
257.829408321164
 30
0.0
 41
1.0
 10
73.24311190562548
 20
257.8328261635388
 30
0.0
 41
1.0
 10
73.23103808637097
 20
257.8361781307622
 30
0.0
 41
1.0
 10
73.21892380978352
 20
257.8394645250446
 30
0.0
 41
1.0
 10
73.20676964726499
 20
257.8426857417462
 30
0.0
 41
1.0
 10
73.19457620311095
 20
257.8458422244821
 30
0.0
 41
1.0
 10
73.18234409407978
 20
257.8489344384807
 30
0.0
 41
1.0
 10
73.17007392515461
 20
257.851962838804
 30
0.0
 41
1.0
 10
73.15776626409661
 20
257.8549278374075
 30
0.0
 41
1.0
 10
73.14542162669477
 20
257.8578297833537
 30
0.0
 41
1.0
 10
73.13304049350609
 20
257.8606689820472
 30
0.0
 41
1.0
 10
73.12062332118512
 20
257.863445707766
 30
0.0
 41
1.0
 10
73.10817055547068
 20
257.8661602185666
 30
0.0
 41
1.0
 10
73.09568264543486
 20
257.8688127722717
 30
0.0
 41
1.0
 10
73.08316005206416
 20
257.8714036372412
 30
0.0
 41
1.0
 10
73.07060323703445
 20
257.8739330838862
 30
0.0
 41
1.0
 10
73.05801265483296
 20
257.8764013797927
 30
0.0
 41
1.0
 10
73.04538874436094
 20
257.8788087840649
 30
0.0
 41
1.0
 10
73.0327319196831
 20
257.8811555419843
 30
0.0
 41
1.0
 10
73.02004256532654
 20
257.8834418813512
 30
0.0
 41
1.0
 10
73.00732105065435
 20
257.8856680158642
 30
0.0
 41
1.0
 10
72.99456774193822
 20
257.8878341478276
 30
0.0
 41
1.0
 10
72.98178301484859
 20
257.8899404714357
 30
0.0
 41
1.0
 10
72.96896726867089
 20
257.8919871765084
 30
0.0
 41
1.0
 10
72.95612093515592
 20
257.8939744517011
 30
0.0
 41
1.0
 10
72.94324445228358
 20
257.8959024824162
 30
0.0
 41
1.0
 10
72.93033824202757
 20
257.8977714497087
 30
0.0
 41
1.0
 10
72.91740268710873
 20
257.8995815291228
 30
0.0
 41
1.0
 10
72.90443810757733
 20
257.9013328902374
 30
0.0
 41
1.0
 10
72.89144473984743
 20
257.9030256956312
 30
0.0
 41
1.0
 10
72.87842274895502
 20
257.9046600897018
 30
0.0
 41
1.0
 10
72.8679823407374
 20
257.9059209687057
 30
0.0
 41
1.0
 10
72.86013922496659
 20
257.9068404299023
 30
0.0
 41
1.0
 10
72.85490478984866
 20
257.9074417643223
 30
0.0
 41
1.0
 10
72.85228614947209
 20
257.9077395216045
 30
0.0
 41
1.0
  0
SPLINE
  5
631
330
70
100
AcDbEntity
  8
Visible
100
AcDbSpline
210
0.0
220
0.0
230
1.0
 70
    12
 71
     5
 72
    81
 73
    75
 74
     0
 42
0.000000001
 43
0.0000000001
 40
-1.0
 40
-1.0
 40
-1.0
 40
-1.0
 40
-1.0
 40
-1.0
 40
-0.9857142857142841
 40
-0.9714285714285699
 40
-0.9571428571428556
 40
-0.9428571428571414
 40
-0.9285714285714272
 40
-0.9142857142857129
 40
-0.8999999999999987
 40
-0.8857142857142845
 40
-0.8714285714285702
 40
-0.857142857142856
 40
-0.8428571428571418
 40
-0.8285714285714275
 40
-0.8142857142857133
 40
-0.7999999999999991
 40
-0.7857142857142848
 40
-0.7714285714285706
 40
-0.7571428571428564
 40
-0.7428571428571421
 40
-0.7285714285714279
 40
-0.7142857142857137
 40
-0.6999999999999994
 40
-0.6857142857142852
 40
-0.6714285714285709
 40
-0.6571428571428567
 40
-0.6428571428571425
 40
-0.6285714285714282
 40
-0.614285714285714
 40
-0.5999999999999998
 40
-0.5857142857142855
 40
-0.5714285714285713
 40
-0.5571428571428571
 40
-0.5428571428571428
 40
-0.5285714285714286
 40
-0.5142857142857144
 40
-0.5000000000000001
 40
-0.4857142857142859
 40
-0.4714285714285716
 40
-0.4571428571428572
 40
-0.442857142857143
 40
-0.4285714285714287
 40
-0.4142857142857145
 40
-0.4000000000000001
 40
-0.3857142857142858
 40
-0.3714285714285715
 40
-0.3571428571428572
 40
-0.3428571428571429
 40
-0.3285714285714286
 40
-0.3142857142857143
 40
-0.3
 40
-0.2857142857142858
 40
-0.2714285714285714
 40
-0.2571428571428572
 40
-0.2428571428571429
 40
-0.2285714285714286
 40
-0.2142857142857143
 40
-0.2
 40
-0.1857142857142857
 40
-0.1714285714285715
 40
-0.1571428571428572
 40
-0.1428571428571429
 40
-0.1285714285714286
 40
-0.1142857142857143
 40
-0.1
 40
-0.0857142857142858
 40
-0.0714285714285714
 40
-0.0571428571428571
 40
-0.0428571428571429
 40
-0.0285714285714286
 40
-0.0142857142857143
 40
0.0
 40
0.0
 40
0.0
 40
0.0
 40
0.0
 40
0.0
 10
73.8258416931003
 20
258.8812950652327
 30
0.0
 41
1.0
 10
73.82613945038247
 20
258.8786764248562
 30
0.0
 41
1.0
 10
73.82674078480249
 20
258.8734419897382
 30
0.0
 41
1.0
 10
73.82766024599914
 20
258.8655988739674
 30
0.0
 41
1.0
 10
73.82892112500304
 20
258.8551584657498
 30
0.0
 41
1.0
 10
73.83055551907364
 20
258.8421364748574
 30
0.0
 41
1.0
 10
73.8322483244674
 20
258.8291431071275
 30
0.0
 41
1.0
 10
73.83399968558205
 20
258.8161785275961
 30
0.0
 41
1.0
 10
73.83580976499615
 20
258.8032429726772
 30
0.0
 41
1.0
 10
73.83767873228862
 20
258.7903367624213
 30
0.0
 41
1.0
 10
73.83960676300375
 20
258.7774602795489
 30
0.0
 41
1.0
 10
73.84159403819649
 20
258.7646139460339
 30
0.0
 41
1.0
 10
73.84364074326914
 20
258.7517981998562
 30
0.0
 41
1.0
 10
73.84574706687726
 20
258.7390134727666
 30
0.0
 41
1.0
 10
73.84791319884062
 20
258.7262601640505
 30
0.0
 41
1.0
 10
73.85013933335358
 20
258.7135386493783
 30
0.0
 41
1.0
 10
73.85242567272053
 20
258.7008492950217
 30
0.0
 41
1.0
 10
73.85477243063997
 20
258.6881924703439
 30
0.0
 41
1.0
 10
73.85717983491213
 20
258.6755685598719
 30
0.0
 41
1.0
 10
73.85964813081864
 20
258.6629779776704
 30
0.0
 41
1.0
 10
73.86217757746362
 20
258.6504211626407
 30
0.0
 41
1.0
 10
73.86476844243316
 20
258.63789856927
 30
0.0
 41
1.0
 10
73.86742099613821
 20
258.6254106592341
 30
0.0
 41
1.0
 10
73.87013550693882
 20
258.6129578935197
 30
0.0
 41
1.0
 10
73.87291223265766
 20
258.6005407211987
 30
0.0
 41
1.0
 10
73.87575143135109
 20
258.58815958801
 30
0.0
 41
1.0
 10
73.87865337729727
 20
258.5758149506082
 30
0.0
 41
1.0
 10
73.88161837590087
 20
258.5635072895502
 30
0.0
 41
1.0
 10
73.88464677622414
 20
258.5512371206251
 30
0.0
 41
1.0
 10
73.88773899022272
 20
258.5390050115939
 30
0.0
 41
1.0
 10
73.89089547295862
 20
258.5268115674399
 30
0.0
 41
1.0
 10
73.89411668966022
 20
258.5146574049213
 30
0.0
 41
1.0
 10
73.89740308394266
 20
258.5025431283339
 30
0.0
 41
1.0
 10
73.90075505116602
 20
258.4904693090793
 30
0.0
 41
1.0
 10
73.90417289354082
 20
258.4784364515944
 30
0.0
 41
1.0
 10
73.90765686923714
 20
258.4664450300433
 30
0.0
 41
1.0
 10
73.91120727616453
 20
258.4544955511774
 30
0.0
 41
1.0
 10
73.91482453037042
 20
258.4425886131285
 30
0.0
 41
1.0
 10
73.91850923231686
 20
258.4307249552612
 30
0.0
 41
1.0
 10
73.92226227353148
 20
258.4189055381221
 30
0.0
 41
1.0
 10
73.92608473086511
 20
258.407131465201
 30
0.0
 41
1.0
 10
73.9299776792277
 20
258.3954038439797
 30
0.0
 41
1.0
 10
73.93394201540377
 20
258.3837236552981
 30
0.0
 41
1.0
 10
73.93797830958011
 20
258.3720916433403
 30
0.0
 41
1.0
 10
73.94208656041701
 20
258.3605081339647
 30
0.0
 41
1.0
 10
73.94626645757035
 20
258.3489732302969
 30
0.0
 41
1.0
 10
73.9505178334166
 20
258.3374871490469
 30
0.0
 41
1.0
 10
73.9548410862626
 20
258.3260505356093
 30
0.0
 41
1.0
 10
73.95923754143495
 20
258.3146647331014
 30
0.0
 41
1.0
 10
73.9637100280097
 20
258.3033322115307
 30
0.0
 41
1.0
 10
73.96826225941367
 20
258.2920561089186
 30
0.0
 41
1.0
 10
73.97289780757273
 20
258.2808394707272
 30
0.0
 41
1.0
 10
73.97761913646537
 20
258.2696845333285
 30
0.0
 41
1.0
 10
73.98242677328835
 20
258.2585921098653
 30
0.0
 41
1.0
 10
73.98731799733832
 20
258.247560617584
 30
0.0
 41
1.0
 10
73.99228843479614
 20
258.2365872654754
 30
0.0
 41
1.0
 10
73.99733449242103
 20
258.2256698656602
 30
0.0
 41
1.0
 10
74.00245566059948
 20
258.2148085475274
 30
0.0
 41
1.0
 10
74.00765653776216
 20
258.2040072651289
 30
0.0
 41
1.0
 10
74.01294984941159
 20
258.1932760430254
 30
0.0
 41
1.0
 10
74.01835251435295
 20
258.1826280607893
 30
0.0
 41
1.0
 10
74.0238801561436
 20
258.1720755844754
 30
0.0
 41
1.0
 10
74.0295418625983
 20
258.1616260798591
 30
0.0
 41
1.0
 10
74.03533547143161
 20
258.1512787218917
 30
0.0
 41
1.0
 10
74.04124093892369
 20
258.1410194667023
 30
0.0
 41
1.0
 10
74.04723111340354
 20
258.1308291673604
 30
0.0
 41
1.0
 10
74.05328521235151
 20
258.1206937138786
 30
0.0
 41
1.0
 10
74.05940168284542
 20
258.110613715633
 30
0.0
 41
1.0
 10
74.06561059517844
 20
258.100613824251
 30
0.0
 41
1.0
 10
74.07198828440414
 20
258.0907537675803
 30
0.0
 41
1.0
 10
74.07863615522365
 20
258.0811121356374
 30
0.0
 41
1.0
 10
74.08425246566912
 20
258.0736367700247
 30
0.0
 41
1.0
 10
74.08866842537645
 20
258.0681918880245
 30
0.0
 41
1.0
 10
74.09170754659044
 20
258.0646373470818
 30
0.0
 41
1.0
 10
74.09325089439881
 20
258.0628789218472
 30
0.0
 41
1.0
  0
ARC
  5
632
330
70
100
AcDbEntity
  8
Visible
100
AcDbCircle
 10
77.197567
 20
254.536014
 30
0.0
 40
5.499999999998584
100
AcDbArc
 50
124.190287
 51
127.809713
  0
SPLINE
  5
633
330
70
100
AcDbEntity
  8
Visible
100
AcDbSpline
210
0.0
220
0.0
230
1.0
 70
    12
 71
     5
 72
    81
 73
    75
 74
     0
 42
0.000000001
 43
0.0000000001
 40
0.0
 40
0.0
 40
0.0
 40
0.0
 40
0.0
 40
0.0
 40
0.0142857142857143
 40
0.0285714285714286
 40
0.0428571428571429
 40
0.0571428571428571
 40
0.0714285714285714
 40
0.0857142857142858
 40
0.1
 40
0.1142857142857143
 40
0.1285714285714286
 40
0.1428571428571429
 40
0.1571428571428572
 40
0.1714285714285715
 40
0.1857142857142857
 40
0.2
 40
0.2142857142857143
 40
0.2285714285714286
 40
0.2428571428571429
 40
0.2571428571428572
 40
0.2714285714285714
 40
0.2857142857142858
 40
0.3
 40
0.3142857142857143
 40
0.3285714285714286
 40
0.3428571428571429
 40
0.3571428571428572
 40
0.3714285714285715
 40
0.3857142857142858
 40
0.4000000000000001
 40
0.4142857142857145
 40
0.4285714285714287
 40
0.442857142857143
 40
0.4571428571428572
 40
0.4714285714285716
 40
0.4857142857142859
 40
0.5000000000000001
 40
0.5142857142857144
 40
0.5285714285714286
 40
0.5428571428571428
 40
0.5571428571428571
 40
0.5714285714285713
 40
0.5857142857142855
 40
0.5999999999999998
 40
0.614285714285714
 40
0.6285714285714282
 40
0.6428571428571425
 40
0.6571428571428567
 40
0.6714285714285709
 40
0.6857142857142852
 40
0.6999999999999994
 40
0.7142857142857137
 40
0.7285714285714279
 40
0.7428571428571421
 40
0.7571428571428564
 40
0.7714285714285706
 40
0.7857142857142848
 40
0.7999999999999991
 40
0.8142857142857133
 40
0.8285714285714275
 40
0.8428571428571418
 40
0.857142857142856
 40
0.8714285714285702
 40
0.8857142857142845
 40
0.8999999999999987
 40
0.9142857142857129
 40
0.9285714285714272
 40
0.9428571428571414
 40
0.9571428571428556
 40
0.9714285714285699
 40
0.9857142857142841
 40
1.0
 40
1.0
 40
1.0
 40
1.0
 40
1.0
 40
1.0
 10
74.80260583531253
 20
258.5782554538718
 30
0.0
 41
1.0
 10
74.80141039423506
 20
258.5802666481423
 30
0.0
 41
1.0
 10
74.79896896501305
 20
258.584255437735
 30
0.0
 41
1.0
 10
74.79515518110201
 20
258.5901378260615
 30
0.0
 41
1.0
 10
74.78978122129774
 20
258.5977892697211
 30
0.0
 41
1.0
 10
74.78266578947023
 20
258.6070911987071
 30
0.0
 41
1.0
 10
74.775259132678
 20
258.616203666681
 30
0.0
 41
1.0
 10
74.76766733024487
 20
258.6251988295935
 30
0.0
 41
1.0
 10
74.75997077555712
 20
258.6341308294741
 30
0.0
 41
1.0
 10
74.75220220593747
 20
258.6430206471014
 30
0.0
 41
1.0
 10
74.74436172106016
 20
258.6518666172487
 30
0.0
 41
1.0
 10
74.73642947937424
 20
258.6606533347922
 30
0.0
 41
1.0
 10
74.72837888074082
 20
258.6693608936839
 30
0.0
 41
1.0
 10
74.72019037479549
 20
258.677974571011
 30
0.0
 41
1.0
 10
74.71186250868595
 20
258.686492565269
 30
0.0
 41
1.0
 10
74.70340519107685
 20
258.6949212124336
 30
0.0
 41
1.0
 10
74.69483491562368
 20
258.703271580971
 30
0.0
 41
1.0
 10
74.68616944504265
 20
258.7115556889094
 30
0.0
 41
1.0
 10
74.67742224565609
 20
258.7197825411613
 30
0.0
 41
1.0
 10
74.66859849898082
 20
258.7279552892232
 30
0.0
 41
1.0
 10
74.65969817059613
 20
258.7360734084441
 30
0.0
 41
1.0
 10
74.65071806933247
 20
258.7441341575377
 30
0.0
 41
1.0
 10
74.64165418919765
 20
258.7521342392247
 30
0.0
 41
1.0
 10
74.63250418415919
 20
258.7600715550607
 30
0.0
 41
1.0
 10
74.62326899047548
 20
258.7679463551649
 30
0.0
 41
1.0
 10
74.61395149647433
 20
258.7757602918427
 30
0.0
 41
1.0
 10
74.60455570234717
 20
258.7835158210983
 30
0.0
 41
1.0
 10
74.59508574004212
 20
258.791215504908
 30
0.0
 41
1.0
 10
74.58554483290845
 20
258.7988612706094
 30
0.0
 41
1.0
 10
74.57593466787511
 20
258.8064539636162
 30
0.0
 41
1.0
 10
74.566255981832
 20
258.8139937633032
 30
0.0
 41
1.0
 10
74.55650892908398
 20
258.8214804432837
 30
0.0
 41
1.0
 10
74.54669351180837
 20
258.8289136765352
 30
0.0
 41
1.0
 10
74.53681003950169
 20
258.8362933610888
 30
0.0
 41
1.0
 10
74.52685939612092
 20
258.8436198092577
 30
0.0
 41
1.0
 10
74.51684279162236
 20
258.8508935708378
 30
0.0
 41
1.0
 10
74.50676161144929
 20
258.858115325902
 30
0.0
 41
1.0
 10
74.49661723784811
 20
258.8652857575944
 30
0.0
 41
1.0
 10
74.48641085985037
 20
258.8724054169861
 30
0.0
 41
1.0
 10
74.47614336618517
 20
258.8794746466738
 30
0.0
 41
1.0
 10
74.46581545427853
 20
258.8864936575082
 30
0.0
 41
1.0
 10
74.45542769813528
 20
258.893462576224
 30
0.0
 41
1.0
 10
74.4449806284938
 20
258.9003815018314
 30
0.0
 41
1.0
 10
74.43447481848853
 20
258.9072505658687
 30
0.0
 41
1.0
 10
74.42391093372862
 20
258.9140699677737
 30
0.0
 41
1.0
 10
74.41328968601737
 20
258.9208399427116
 30
0.0
 41
1.0
 10
74.40261180569087
 20
258.9275607425525
 30
0.0
 41
1.0
 10
74.39187800874424
 20
258.9342326131355
 30
0.0
 41
1.0
 10
74.38108896245103
 20
258.9408557708066
 30
0.0
 41
1.0
 10
74.37024526522418
 20
258.9474303881552
 30
0.0
 41
1.0
 10
74.35934746847124
 20
258.953956607138
 30
0.0
 41
1.0
 10
74.34839609125811
 20
258.9604345474963
 30
0.0
 41
1.0
 10
74.3373916372484
 20
258.9668643169143
 30
0.0
 41
1.0
 10
74.32633461320711
 20
258.9732460218256
 30
0.0
 41
1.0
 10
74.31522554048661
 20
258.979579775003
 30
0.0
 41
1.0
 10
74.30406494172803
 20
258.9858656909564
 30
0.0
 41
1.0
 10
74.29285333186363
 20
258.9921038837328
 30
0.0
 41
1.0
 10
74.28159120838063
 20
258.9982944641242
 30
0.0
 41
1.0
 10
74.2702790408739
 20
259.0044375374555
 30
0.0
 41
1.0
 10
74.25891726544524
 20
259.0105332015528
 30
0.0
 41
1.0
 10
74.24750629941536
 20
259.0165815455157
 30
0.0
 41
1.0
 10
74.23604655364488
 20
259.0225826485621
 30
0.0
 41
1.0
 10
74.22453844542815
 20
259.0285365792943
 30
0.0
 41
1.0
 10
74.21298241316435
 20
259.0344433948549
 30
0.0
 41
1.0
 10
74.20137892577168
 20
259.0403031412479
 30
0.0
 41
1.0
 10
74.18972845708594
 20
259.0461158594589
 30
0.0
 41
1.0
 10
74.17803146437655
 20
259.0518815912828
 30
0.0
 41
1.0
 10
74.16628836587825
 20
259.0576003854067
 30
0.0
 41
1.0
 10
74.15449951838218
 20
259.0632723042072
 30
0.0
 41
1.0
 10
74.14266519696866
 20
259.0688974292507
 30
0.0
 41
1.0
 10
74.13078560321901
 20
259.0744758468682
 30
0.0
 41
1.0
 10
74.12124581799071
 20
259.0789012776276
 30
0.0
 41
1.0
 10
74.11407070076439
 20
259.0821993932532
 30
0.0
 41
1.0
 10
74.10927827969135
 20
259.0843888256786
 30
0.0
 41
1.0
 10
74.10687981675801
 20
259.0854812140606
 30
0.0
 41
1.0
  0
SPLINE
  5
634
330
70
100
AcDbEntity
  8
Visible
100
AcDbSpline
210
0.0
220
0.0
230
1.0
 70
    12
 71
     5
 72
    81
 73
    75
 74
     0
 42
0.000000001
 43
0.0000000001
 40
-1.0
 40
-1.0
 40
-1.0
 40
-1.0
 40
-1.0
 40
-1.0
 40
-0.9857142857142841
 40
-0.9714285714285699
 40
-0.9571428571428556
 40
-0.9428571428571414
 40
-0.9285714285714272
 40
-0.9142857142857129
 40
-0.8999999999999987
 40
-0.8857142857142845
 40
-0.8714285714285702
 40
-0.857142857142856
 40
-0.8428571428571418
 40
-0.8285714285714275
 40
-0.8142857142857133
 40
-0.7999999999999991
 40
-0.7857142857142848
 40
-0.7714285714285706
 40
-0.7571428571428564
 40
-0.7428571428571421
 40
-0.7285714285714279
 40
-0.7142857142857137
 40
-0.6999999999999994
 40
-0.6857142857142852
 40
-0.6714285714285709
 40
-0.6571428571428567
 40
-0.6428571428571425
 40
-0.6285714285714282
 40
-0.614285714285714
 40
-0.5999999999999998
 40
-0.5857142857142855
 40
-0.5714285714285713
 40
-0.5571428571428571
 40
-0.5428571428571428
 40
-0.5285714285714286
 40
-0.5142857142857144
 40
-0.5000000000000001
 40
-0.4857142857142859
 40
-0.4714285714285716
 40
-0.4571428571428572
 40
-0.442857142857143
 40
-0.4285714285714287
 40
-0.4142857142857145
 40
-0.4000000000000001
 40
-0.3857142857142858
 40
-0.3714285714285715
 40
-0.3571428571428572
 40
-0.3428571428571429
 40
-0.3285714285714286
 40
-0.3142857142857143
 40
-0.3
 40
-0.2857142857142858
 40
-0.2714285714285714
 40
-0.2571428571428572
 40
-0.2428571428571429
 40
-0.2285714285714286
 40
-0.2142857142857143
 40
-0.2
 40
-0.1857142857142857
 40
-0.1714285714285715
 40
-0.1571428571428572
 40
-0.1428571428571429
 40
-0.1285714285714286
 40
-0.1142857142857143
 40
-0.1
 40
-0.0857142857142858
 40
-0.0714285714285714
 40
-0.0571428571428571
 40
-0.0428571428571429
 40
-0.0285714285714286
 40
-0.0142857142857143
 40
0.0
 40
0.0
 40
0.0
 40
0.0
 40
0.0
 40
0.0
 10
75.33363136844946
 20
259.7105423498542
 30
0.0
 41
1.0
 10
75.33310534807424
 20
259.7079598628006
 30
0.0
 41
1.0
 10
75.33205972168616
 20
259.7027957966175
 30
0.0
 41
1.0
 10
75.33051052518658
 20
259.6950524211197
 30
0.0
 41
1.0
 10
75.32848342881152
 20
259.6847333698115
 30
0.0
 41
1.0
 10
75.32601381345648
 20
259.6718436649753
 30
0.0
 41
1.0
 10
75.32360859561504
 20
259.6589631322913
 30
0.0
 41
1.0
 10
75.32126796361535
 20
259.6460918841003
 30
0.0
 41
1.0
 10
75.31899214513487
 20
259.6332300950016
 30
0.0
 41
1.0
 10
75.31678140035547
 20
259.6203780169817
 30
0.0
 41
1.0
 10
75.31463601449559
 20
259.6075359597835
 30
0.0
 41
1.0
 10
75.31255629014504
 20
259.5947042687767
 30
0.0
 41
1.0
 10
75.31054253897673
 20
259.5818833032126
 30
0.0
 41
1.0
 10
75.30859507383138
 20
259.569073415415
 30
0.0
 41
1.0
 10
75.3067141986221
 20
259.5562749264673
 30
0.0
 41
1.0
 10
75.30490021412879
 20
259.5434881336441
 30
0.0
 41
1.0
 10
75.30315342593894
 20
259.5307133227771
 30
0.0
 41
1.0
 10
75.30147415142891
 20
259.5179507791126
 30
0.0
 41
1.0
 10
75.29986272607857
 20
259.5052007979648
 30
0.0
 41
1.0
 10
75.29831951111555
 20
259.4924636973356
 30
0.0
 41
1.0
 10
75.29684488859039
 20
259.4797398145774
 30
0.0
 41
1.0
 10
75.29543925343751
 20
259.4670294992466
 30
0.0
 41
1.0
 10
75.29410300549807
 20
259.454333106858
 30
0.0
 41
1.0
 10
75.29283654245046
 20
259.4416509929115
 30
0.0
 41
1.0
 10
75.2916402482706
 20
259.4289835048257
 30
0.0
 41
1.0
 10
75.29051450612314
 20
259.4163309867799
 30
0.0
 41
1.0
 10
75.2894597179793
 20
259.4036937883238
 30
0.0
 41
1.0
 10
75.28847632279394
 20
259.3910722721184
 30
0.0
 41
1.0
 10
75.2875648119334
 20
259.3784668208391
 30
0.0
 41
1.0
 10
75.28672575263954
 20
259.3658778471617
 30
0.0
 41
1.0
 10
75.28595976464931
 20
259.3533057858349
 30
0.0
 41
1.0
 10
75.28526748101376
 20
259.3407510796678
 30
0.0
 41
1.0
 10
75.28464951037131
 20
259.3282141662967
 30
0.0
 41
1.0
 10
75.28410640530456
 20
259.3156954669812
 30
0.0
 41
1.0
 10
75.28363860911304
 20
259.303195368082
 30
0.0
 41
1.0
 10
75.28324651385628
 20
259.2907142407785
 30
0.0
 41
1.0
 10
75.28293055945596
 20
259.2782524749591
 30
0.0
 41
1.0
 10
75.28269132643163
 20
259.2658105109167
 30
0.0
 41
1.0
 10
75.28252961433191
 20
259.2533888662738
 30
0.0
 41
1.0
 10
75.28244656787592
 20
259.2409881790682
 30
0.0
 41
1.0
 10
75.28244355220522
 20
259.2286091660171
 30
0.0
 41
1.0
 10
75.28252193185199
 20
259.2162525482318
 30
0.0
 41
1.0
 10
75.28268286280582
 20
259.203918981425
 30
0.0
 41
1.0
 10
75.28292711730955
 20
259.191608997161
 30
0.0
 41
1.0
 10
75.28325479478735
 20
259.1793229057612
 30
0.0
 41
1.0
 10
75.28366563195049
 20
259.167060901208
 30
0.0
 41
1.0
 10
75.28415953634703
 20
259.1548232414025
 30
0.0
 41
1.0
 10
75.28473708622732
 20
259.1426104170678
 30
0.0
 41
1.0
 10
75.28539995709798
 20
259.1304232960365
 30
0.0
 41
1.0
 10
75.28615160284516
 20
259.1182633531917
 30
0.0
 41
1.0
 10
75.28699652484829
 20
259.1061324254579
 30
0.0
 41
1.0
 10
75.28793906130977
 20
259.0940323054556
 30
0.0
 41
1.0
 10
75.28898224669138
 20
259.0819643586892
 30
0.0
 41
1.0
 10
75.2901268336609
 20
259.0699291955925
 30
0.0
 41
1.0
 10
75.29136974557786
 20
259.0579261516195
 30
0.0
 41
1.0
 10
75.29270596022434
 20
259.0459539239464
 30
0.0
 41
1.0
 10
75.29413138413293
 20
259.0340115421504
 30
0.0
 41
1.0
 10
75.29564557261619
 20
259.0220992867671
 30
0.0
 41
1.0
 10
75.2972541209092
 20
259.0102194973288
 30
0.0
 41
1.0
 10
75.29897222944601
 20
258.9983777753632
 30
0.0
 41
1.0
 10
75.30082006167777
 20
258.9865814271907
 30
0.0
 41
1.0
 10
75.30281626690793
 20
258.9748372905769
 30
0.0
 41
1.0
 10
75.30497179521626
 20
258.9631496576076
 30
0.0
 41
1.0
 10
75.30728433519107
 20
258.9515184117981
 30
0.0
 41
1.0
 10
75.3097304843277
 20
258.9399363904822
 30
0.0
 41
1.0
 10
75.31227850312643
 20
258.9283937741775
 30
0.0
 41
1.0
 10
75.31490426600976
 20
258.9168835656374
 30
0.0
 41
1.0
 10
75.31760648436829
 20
258.9054068242931
 30
0.0
 41
1.0
 10
75.32042137452299
 20
258.8939777030045
 30
0.0
 41
1.0
 10
75.32343999234399
 20
258.8826294175015
 30
0.0
 41
1.0
 10
75.32678306508206
 20
258.8714053755548
 30
0.0
 41
1.0
 10
75.32981447871498
 20
258.8625603450037
 30
0.0
 41
1.0
 10
75.33233174490033
 20
258.8560173479009
 30
0.0
 41
1.0
 10
75.33412370737642
 20
258.8516976384717
 30
0.0
 41
1.0
 10
75.33504813508534
 20
258.8495483559936
 30
0.0
 41
1.0
  0
ARC
  5
635
330
70
100
AcDbEntity
  8
Visible
100
AcDbCircle
 10
77.197567
 20
254.536014
 30
0.0
 40
5.499999999998582
100
AcDbArc
 50
106.190287
 51
109.809713
  0
SPLINE
  5
636
330
70
100
AcDbEntity
  8
Visible
100
AcDbSpline
210
0.0
220
0.0
230
1.0
 70
    12
 71
     5
 72
    81
 73
    75
 74
     0
 42
0.000000001
 43
0.0000000001
 40
0.0
 40
0.0
 40
0.0
 40
0.0
 40
0.0
 40
0.0
 40
0.0142857142857143
 40
0.0285714285714286
 40
0.0428571428571429
 40
0.0571428571428571
 40
0.0714285714285714
 40
0.0857142857142858
 40
0.1
 40
0.1142857142857143
 40
0.1285714285714286
 40
0.1428571428571429
 40
0.1571428571428572
 40
0.1714285714285715
 40
0.1857142857142857
 40
0.2
 40
0.2142857142857143
 40
0.2285714285714286
 40
0.2428571428571429
 40
0.2571428571428572
 40
0.2714285714285714
 40
0.2857142857142858
 40
0.3
 40
0.3142857142857143
 40
0.3285714285714286
 40
0.3428571428571429
 40
0.3571428571428572
 40
0.3714285714285715
 40
0.3857142857142858
 40
0.4000000000000001
 40
0.4142857142857145
 40
0.4285714285714287
 40
0.442857142857143
 40
0.4571428571428572
 40
0.4714285714285716
 40
0.4857142857142859
 40
0.5000000000000001
 40
0.5142857142857144
 40
0.5285714285714286
 40
0.5428571428571428
 40
0.5571428571428571
 40
0.5714285714285713
 40
0.5857142857142855
 40
0.5999999999999998
 40
0.614285714285714
 40
0.6285714285714282
 40
0.6428571428571425
 40
0.6571428571428567
 40
0.6714285714285709
 40
0.6857142857142852
 40
0.6999999999999994
 40
0.7142857142857137
 40
0.7285714285714279
 40
0.7428571428571421
 40
0.7571428571428564
 40
0.7714285714285706
 40
0.7857142857142848
 40
0.7999999999999991
 40
0.8142857142857133
 40
0.8285714285714275
 40
0.8428571428571418
 40
0.857142857142856
 40
0.8714285714285702
 40
0.8857142857142845
 40
0.8999999999999987
 40
0.9142857142857129
 40
0.9285714285714272
 40
0.9428571428571414
 40
0.9571428571428556
 40
0.9714285714285699
 40
0.9857142857142841
 40
1.0
 40
1.0
 40
1.0
 40
1.0
 40
1.0
 40
1.0
 10
76.16894488090474
 20
259.1204978333344
 30
0.0
 41
1.0
 10
76.16842944208747
 20
259.1227800043598
 30
0.0
 41
1.0
 10
76.16734010868731
 20
259.1273280118139
 30
0.0
 41
1.0
 10
76.16553074260719
 20
259.1341010196047
 30
0.0
 41
1.0
 10
76.16278422923915
 20
259.1430386198626
 30
0.0
 41
1.0
 10
76.15889150557086
 20
259.154084069397
 30
0.0
 41
1.0
 10
76.15466326382921
 20
259.1650393242626
 30
0.0
 41
1.0
 10
76.15022268886241
 20
259.1759402285361
 30
0.0
 41
1.0
 10
76.1456629701297
 20
259.1868134314227
 30
0.0
 41
1.0
 10
76.14102172609546
 20
259.1976687704391
 30
0.0
 41
1.0
 10
76.13629853696784
 20
259.2085046310621
 30
0.0
 41
1.0
 10
76.13146977186989
 20
259.2193124935229
 30
0.0
 41
1.0
 10
76.12650398125698
 20
259.230081645941
 30
0.0
 41
1.0
 10
76.12137802199686
 20
259.2408041273875
 30
0.0
 41
1.0
 10
76.11608995564984
 20
259.2514786734873
 30
0.0
 41
1.0
 10
76.11065116384089
 20
259.2621082481656
 30
0.0
 41
1.0
 10
76.105080753312
 20
259.2726982813383
 30
0.0
 41
1.0
 10
76.09939933118585
 20
259.2832547138478
 30
0.0
 41
1.0
 10
76.09362248736579
 20
259.2937819485542
 30
0.0
 41
1.0
 10
76.08775612363479
 20
259.3042813815309
 30
0.0
 41
1.0
 10
76.08180004512814
 20
259.3147525244422
 30
0.0
 41
1.0
 10
76.07575036976232
 20
259.3251937562954
 30
0.0
 41
1.0
 10
76.06960226869432
 20
259.3356031791127
 30
0.0
 41
1.0
 10
76.06335286226204
 20
259.3459795221152
 30
0.0
 41
1.0
 10
76.05700311818873
 20
259.3563227338636
 30
0.0
 41
1.0
 10
76.05055629402977
 20
259.3666334932505
 30
0.0
 41
1.0
 10
76.04401695314027
 20
259.3769128999475
 30
0.0
 41
1.0
 10
76.03738981692913
 20
259.3871621136959
 30
0.0
 41
1.0
 10
76.03067854656547
 20
259.3973819714347
 30
0.0
 41
1.0
 10
76.02388500765937
 20
259.4075727559084
 30
0.0
 41
1.0
 10
76.0170099564657
 20
259.4177344100026
 30
0.0
 41
1.0
 10
76.01005346978126
 20
259.4278666707287
 30
0.0
 41
1.0
 10
76.00301544861941
 20
259.4379692263947
 30
0.0
 41
1.0
 10
75.99589615581772
 20
259.4480418843832
 30
0.0
 41
1.0
 10
75.9886965285823
 20
259.4580846685649
 30
0.0
 41
1.0
 10
75.98141788754401
 20
259.4680977279304
 30
0.0
 41
1.0
 10
75.97406176049299
 20
259.4780812811396
 30
0.0
 41
1.0
 10
75.96662967312477
 20
259.4880355507657
 30
0.0
 41
1.0
 10
75.95912292656885
 20
259.4979606934767
 30
0.0
 41
1.0
 10
75.95154247192386
 20
259.5078567604678
 30
0.0
 41
1.0
 10
75.94388903763593
 20
259.5177237367552
 30
0.0
 41
1.0
 10
75.93616320878209
 20
259.5275615654937
 30
0.0
 41
1.0
 10
75.92836552071822
 20
259.5373701768385
 30
0.0
 41
1.0
 10
75.92049655917708
 20
259.5471495187831
 30
0.0
 41
1.0
 10
75.91255701881983
 20
259.5568995753201
 30
0.0
 41
1.0
 10
75.90454764927926
 20
259.5666203501441
 30
0.0
 41
1.0
 10
75.89646922298197
 20
259.5763118571122
 30
0.0
 41
1.0
 10
75.88832249684492
 20
259.585974108777
 30
0.0
 41
1.0
 10
75.88010817234044
 20
259.5956071046958
 30
0.0
 41
1.0
 10
75.87182687192399
 20
259.6052108240929
 30
0.0
 41
1.0
 10
75.86347916388422
 20
259.6147852315807
 30
0.0
 41
1.0
 10
75.8550655788822
 20
259.6243302806415
 30
0.0
 41
1.0
 10
75.8465866292081
 20
259.6338459180479
 30
0.0
 41
1.0
 10
75.83804282971323
 20
259.6433320884244
 30
0.0
 41
1.0
 10
75.82943471108229
 20
259.6527887379188
 30
0.0
 41
1.0
 10
75.82076280576257
 20
259.6622158139307
 30
0.0
 41
1.0
 10
75.81202763872443
 20
259.671613265803
 30
0.0
 41
1.0
 10
75.80322971734495
 20
259.6809810451732
 30
0.0
 41
1.0
 10
75.79436952078049
 20
259.6903191070978
 30
0.0
 41
1.0
 10
75.78544749402135
 20
259.6996274098529
 30
0.0
 41
1.0
 10
75.77646406149324
 20
259.7089059092168
 30
0.0
 41
1.0
 10
75.7674196384296
 20
259.7181545535677
 30
0.0
 41
1.0
 10
75.75831464289968
 20
259.727373279201
 30
0.0
 41
1.0
 10
75.74914950950279
 20
259.7365620049877
 30
0.0
 41
1.0
 10
75.73992469842505
 20
259.7457206297768
 30
0.0
 41
1.0
 10
75.73064067297401
 20
259.754849046124
 30
0.0
 41
1.0
 10
75.7212978809548
 20
259.7639471524772
 30
0.0
 41
1.0
 10
75.71189673517892
 20
259.7730148658966
 30
0.0
 41
1.0
 10
75.7024375942483
 20
259.7820521354515
 30
0.0
 41
1.0
 10
75.69292074498571
 20
259.7910589537132
 30
0.0
 41
1.0
 10
75.6833464057845
 20
259.8000353404941
 30
0.0
 41
1.0
 10
75.67564106419104
 20
259.8071921310138
 30
0.0
 41
1.0
 10
75.66983629597507
 20
259.8125460585306
 30
0.0
 41
1.0
 10
75.66595500451331
 20
259.816109272062
 30
0.0
 41
1.0
 10
75.66401149728517
 20
259.8178893609575
 30
0.0
 41
1.0
  0
SPLINE
  5
637
330
70
100
AcDbEntity
  8
Visible
100
AcDbSpline
210
0.0
220
0.0
230
1.0
 70
    12
 71
     5
 72
    81
 73
    75
 74
     0
 42
0.000000001
 43
0.0000000001
 40
-1.0
 40
-1.0
 40
-1.0
 40
-1.0
 40
-1.0
 40
-1.0
 40
-0.9857142857142841
 40
-0.9714285714285699
 40
-0.9571428571428556
 40
-0.9428571428571414
 40
-0.9285714285714272
 40
-0.9142857142857129
 40
-0.8999999999999987
 40
-0.8857142857142845
 40
-0.8714285714285702
 40
-0.857142857142856
 40
-0.8428571428571418
 40
-0.8285714285714275
 40
-0.8142857142857133
 40
-0.7999999999999991
 40
-0.7857142857142848
 40
-0.7714285714285706
 40
-0.7571428571428564
 40
-0.7428571428571421
 40
-0.7285714285714279
 40
-0.7142857142857137
 40
-0.6999999999999994
 40
-0.6857142857142852
 40
-0.6714285714285709
 40
-0.6571428571428567
 40
-0.6428571428571425
 40
-0.6285714285714282
 40
-0.614285714285714
 40
-0.5999999999999998
 40
-0.5857142857142855
 40
-0.5714285714285713
 40
-0.5571428571428571
 40
-0.5428571428571428
 40
-0.5285714285714286
 40
-0.5142857142857144
 40
-0.5000000000000001
 40
-0.4857142857142859
 40
-0.4714285714285716
 40
-0.4571428571428572
 40
-0.442857142857143
 40
-0.4285714285714287
 40
-0.4142857142857145
 40
-0.4000000000000001
 40
-0.3857142857142858
 40
-0.3714285714285715
 40
-0.3571428571428572
 40
-0.3428571428571429
 40
-0.3285714285714286
 40
-0.3142857142857143
 40
-0.3
 40
-0.2857142857142858
 40
-0.2714285714285714
 40
-0.2571428571428572
 40
-0.2428571428571429
 40
-0.2285714285714286
 40
-0.2142857142857143
 40
-0.2
 40
-0.1857142857142857
 40
-0.1714285714285715
 40
-0.1571428571428572
 40
-0.1428571428571429
 40
-0.1285714285714286
 40
-0.1142857142857143
 40
-0.1
 40
-0.0857142857142858
 40
-0.0714285714285714
 40
-0.0571428571428571
 40
-0.0428571428571429
 40
-0.0285714285714286
 40
-0.0142857142857143
 40
0.0
 40
0.0
 40
0.0
 40
0.0
 40
0.0
 40
0.0
 10
77.02387606788125
 20
260.0332707498883
 30
0.0
 41
1.0
 10
77.02257776038823
 20
260.0309772079827
 30
0.0
 41
1.0
 10
77.01998752638701
 20
260.0263890055121
 30
0.0
 41
1.0
 10
77.01612131833826
 20
260.0195033458331
 30
0.0
 41
1.0
 10
77.01100467290143
 20
260.0103157520734
 30
0.0
 41
1.0
 10
77.0046727912786
 20
259.9988200674097
 30
0.0
 41
1.0
 10
76.99840498968114
 20
259.9873132060566
 30
0.0
 41
1.0
 10
76.99220148193581
 20
259.9757952166565
 30
0.0
 41
1.0
 10
76.98606253853085
 20
259.9642661949101
 30
0.0
 41
1.0
 10
76.97998848478073
 20
259.9527263000682
 30
0.0
 41
1.0
 10
76.973979687662
 20
259.941175738577
 30
0.0
 41
1.0
 10
76.96803654167888
 20
259.9296147453979
 30
0.0
 41
1.0
 10
76.96215945426411
 20
259.9180435658864
 30
0.0
 41
1.0
 10
76.95634883182174
 20
259.9064624384491
 30
0.0
 41
1.0
 10
76.95060506261052
 20
259.894871574541
 30
0.0
 41
1.0
 10
76.94492852455187
 20
259.8832711639407
 30
0.0
 41
1.0
 10
76.93931959660313
 20
259.8716613840561
 30
0.0
 41
1.0
 10
76.93377866875471
 20
259.8600424081014
 30
0.0
 41
1.0
 10
76.92830615132152
 20
259.8484144132672
 30
0.0
 41
1.0
 10
76.92290248612244
 20
259.8367775903644
 30
0.0
 41
1.0
 10
76.91756814075325
 20
259.8251321421758
 30
0.0
 41
1.0
 10
76.91230359884048
 20
259.8134782791058
 30
0.0
 41
1.0
 10
76.90710935051538
 20
259.8018162157132
 30
0.0
 41
1.0
 10
76.90198588384737
 20
259.7901461672082
 30
0.0
 41
1.0
 10
76.89693367137715
 20
259.778468345351
 30
0.0
 41
1.0
 10
76.89195318387465
 20
259.7667829590709
 30
0.0
 41
1.0
 10
76.88704491165299
 20
259.755090216594
 30
0.0
 41
1.0
 10
76.88220938425093
 20
259.7433903271849
 30
0.0
 41
1.0
 10
76.87744718724116
 20
259.7316835029515
 30
0.0
 41
1.0
 10
76.87275898762345
 20
259.7199699610837
 30
0.0
 41
1.0
 10
76.86814550915006
 20
259.7082499235412
 30
0.0
 41
1.0
 10
76.86360749072264
 20
259.6965236158403
 30
0.0
 41
1.0
 10
76.85914564642735
 20
259.6847912661142
 30
0.0
 41
1.0
 10
76.85476063197893
 20
259.6730531042494
 30
0.0
 41
1.0
 10
76.85045298837121
 20
259.6613093607111
 30
0.0
 41
1.0
 10
76.84622320317612
 20
259.6495602673558
 30
0.0
 41
1.0
 10
76.84207181526744
 20
259.6378060590478
 30
0.0
 41
1.0
 10
76.83799951280798
 20
259.6260469751396
 30
0.0
 41
1.0
 10
76.83400721616817
 20
259.6142832608457
 30
0.0
 41
1.0
 10
76.83009621120709
 20
259.6025151692393
 30
0.0
 41
1.0
 10
76.82626801772767
 20
259.5907429601057
 30
0.0
 41
1.0
 10
76.82252415631319
 20
259.5789668975986
 30
0.0
 41
1.0
 10
76.81886592899991
 20
259.567187248118
 30
0.0
 41
1.0
 10
76.81529423449956
 20
259.5554042785752
 30
0.0
 41
1.0
 10
76.81180926326305
 20
259.5436182533804
 30
0.0
 41
1.0
 10
76.80841082483221
 20
259.5318294383815
 30
0.0
 41
1.0
 10
76.80509891097518
 20
259.5200381074274
 30
0.0
 41
1.0
 10
76.80187422328436
 20
259.5082445485332
 30
0.0
 41
1.0
 10
76.79873862343447
 20
259.4964490692973
 30
0.0
 41
1.0
 10
76.79569585202989
 20
259.4846520051078
 30
0.0
 41
1.0
 10
76.79275075777969
 20
259.4728537119808
 30
0.0
 41
1.0
 10
76.78990802050885
 20
259.4610545542191
 30
0.0
 41
1.0
 10
76.78717094812509
 20
259.4492548927983
 30
0.0
 41
1.0
 10
76.78454044509454
 20
259.4374550756847
 30
0.0
 41
1.0
 10
76.78201338000054
 20
259.4256554215935
 30
0.0
 41
1.0
 10
76.77958457383557
 20
259.4138562434173
 30
0.0
 41
1.0
 10
76.77724983360349
 20
259.4020578831787
 30
0.0
 41
1.0
 10
76.77500882307322
 20
259.3902607450982
 30
0.0
 41
1.0
 10
76.77286758658283
 20
259.3784653251814
 30
0.0
 41
1.0
 10
76.77084231157278
 20
259.3666722536063
 30
0.0
 41
1.0
 10
76.76895443240027
 20
259.3548822482453
 30
0.0
 41
1.0
 10
76.76722379859438
 20
259.3430960492506
 30
0.0
 41
1.0
 10
76.76566215062758
 20
259.3313143548757
 30
0.0
 41
1.0
 10
76.76426725421788
 20
259.3195377686034
 30
0.0
 41
1.0
 10
76.76301463887921
 20
259.3077667101061
 30
0.0
 41
1.0
 10
76.76187108416343
 20
259.2960016485431
 30
0.0
 41
1.0
 10
76.76081148301637
 20
259.2842433843525
 30
0.0
 41
1.0
 10
76.75983493727835
 20
259.2724933233167
 30
0.0
 41
1.0
 10
76.75898026419417
 20
259.2607537341446
 30
0.0
 41
1.0
 10
76.75834432726515
 20
259.2490280690618
 30
0.0
 41
1.0
 10
76.75805535867039
 20
259.237320304539
 30
0.0
 41
1.0
 10
76.75820513960388
 20
259.2279714222677
 30
0.0
 41
1.0
 10
76.75857730471307
 20
259.2209707842057
 30
0.0
 41
1.0
 10
76.75894669867921
 20
259.2163087495474
 30
0.0
 41
1.0
 10
76.75916171686367
 20
259.2139789965686
 30
0.0
 41
1.0
  0
ARC
  5
638
330
70
100
AcDbEntity
  8
Visible
100
AcDbCircle
 10
77.197567
 20
254.536014
 30
0.0
 40
5.499999999998582
100
AcDbArc
 50
88.190287
 51
91.809713
  0
SPLINE
  5
639
330
70
100
AcDbEntity
  8
Visible
100
AcDbSpline
210
0.0
220
0.0
230
1.0
 70
    12
 71
     5
 72
    81
 73
    75
 74
     0
 42
0.000000001
 43
0.0000000001
 40
0.0
 40
0.0
 40
0.0
 40
0.0
 40
0.0
 40
0.0
 40
0.0142857142857143
 40
0.0285714285714286
 40
0.0428571428571429
 40
0.0571428571428571
 40
0.0714285714285714
 40
0.0857142857142858
 40
0.1
 40
0.1142857142857143
 40
0.1285714285714286
 40
0.1428571428571429
 40
0.1571428571428572
 40
0.1714285714285715
 40
0.1857142857142857
 40
0.2
 40
0.2142857142857143
 40
0.2285714285714286
 40
0.2428571428571429
 40
0.2571428571428572
 40
0.2714285714285714
 40
0.2857142857142858
 40
0.3
 40
0.3142857142857143
 40
0.3285714285714286
 40
0.3428571428571429
 40
0.3571428571428572
 40
0.3714285714285715
 40
0.3857142857142858
 40
0.4000000000000001
 40
0.4142857142857145
 40
0.4285714285714287
 40
0.442857142857143
 40
0.4571428571428572
 40
0.4714285714285716
 40
0.4857142857142859
 40
0.5000000000000001
 40
0.5142857142857144
 40
0.5285714285714286
 40
0.5428571428571428
 40
0.5571428571428571
 40
0.5714285714285713
 40
0.5857142857142855
 40
0.5999999999999998
 40
0.614285714285714
 40
0.6285714285714282
 40
0.6428571428571425
 40
0.6571428571428567
 40
0.6714285714285709
 40
0.6857142857142852
 40
0.6999999999999994
 40
0.7142857142857137
 40
0.7285714285714279
 40
0.7428571428571421
 40
0.7571428571428564
 40
0.7714285714285706
 40
0.7857142857142848
 40
0.7999999999999991
 40
0.8142857142857133
 40
0.8285714285714275
 40
0.8428571428571418
 40
0.857142857142856
 40
0.8714285714285702
 40
0.8857142857142845
 40
0.8999999999999987
 40
0.9142857142857129
 40
0.9285714285714272
 40
0.9428571428571414
 40
0.9571428571428556
 40
0.9714285714285699
 40
0.9857142857142841
 40
1.0
 40
1.0
 40
1.0
 40
1.0
 40
1.0
 40
1.0
 10
77.63597264400778
 20
259.2139789965686
 30
0.0
 41
1.0
 10
77.63618766219224
 20
259.2163087495474
 30
0.0
 41
1.0
 10
77.63655705615838
 20
259.2209707842057
 30
0.0
 41
1.0
 10
77.63692922126756
 20
259.2279714222677
 30
0.0
 41
1.0
 10
77.63707900220106
 20
259.237320304539
 30
0.0
 41
1.0
 10
77.6367900336063
 20
259.2490280690618
 30
0.0
 41
1.0
 10
77.63615409667727
 20
259.2607537341446
 30
0.0
 41
1.0
 10
77.63529942359309
 20
259.2724933233167
 30
0.0
 41
1.0
 10
77.63432287785509
 20
259.2842433843525
 30
0.0
 41
1.0
 10
77.63326327670802
 20
259.2960016485431
 30
0.0
 41
1.0
 10
77.63211972199224
 20
259.3077667101061
 30
0.0
 41
1.0
 10
77.63086710665357
 20
259.3195377686034
 30
0.0
 41
1.0
 10
77.62947221024387
 20
259.3313143548757
 30
0.0
 41
1.0
 10
77.62791056227706
 20
259.3430960492506
 30
0.0
 41
1.0
 10
77.62617992847117
 20
259.3548822482453
 30
0.0
 41
1.0
 10
77.62429204929867
 20
259.3666722536063
 30
0.0
 41
1.0
 10
77.62226677428862
 20
259.3784653251814
 30
0.0
 41
1.0
 10
77.62012553779823
 20
259.3902607450982
 30
0.0
 41
1.0
 10
77.61788452726796
 20
259.4020578831787
 30
0.0
 41
1.0
 10
77.61554978703589
 20
259.4138562434173
 30
0.0
 41
1.0
 10
77.61312098087092
 20
259.4256554215935
 30
0.0
 41
1.0
 10
77.61059391577692
 20
259.4374550756847
 30
0.0
 41
1.0
 10
77.60796341274636
 20
259.4492548927983
 30
0.0
 41
1.0
 10
77.6052263403626
 20
259.4610545542191
 30
0.0
 41
1.0
 10
77.60238360309177
 20
259.4728537119808
 30
0.0
 41
1.0
 10
77.59943850884155
 20
259.4846520051078
 30
0.0
 41
1.0
 10
77.59639573743697
 20
259.4964490692973
 30
0.0
 41
1.0
 10
77.59326013758709
 20
259.5082445485332
 30
0.0
 41
1.0
 10
77.59003544989628
 20
259.5200381074274
 30
0.0
 41
1.0
 10
77.58672353603924
 20
259.5318294383815
 30
0.0
 41
1.0
 10
77.58332509760839
 20
259.5436182533804
 30
0.0
 41
1.0
 10
77.57984012637189
 20
259.5554042785752
 30
0.0
 41
1.0
 10
77.57626843187154
 20
259.567187248118
 30
0.0
 41
1.0
 10
77.57261020455826
 20
259.5789668975986
 30
0.0
 41
1.0
 10
77.56886634314378
 20
259.5907429601057
 30
0.0
 41
1.0
 10
77.56503814966436
 20
259.6025151692393
 30
0.0
 41
1.0
 10
77.56112714470328
 20
259.6142832608457
 30
0.0
 41
1.0
 10
77.55713484806347
 20
259.6260469751396
 30
0.0
 41
1.0
 10
77.55306254560401
 20
259.6378060590478
 30
0.0
 41
1.0
 10
77.54891115769533
 20
259.6495602673558
 30
0.0
 41
1.0
 10
77.54468137250023
 20
259.6613093607111
 30
0.0
 41
1.0
 10
77.54037372889252
 20
259.6730531042494
 30
0.0
 41
1.0
 10
77.5359887144441
 20
259.6847912661142
 30
0.0
 41
1.0
 10
77.53152687014881
 20
259.6965236158403
 30
0.0
 41
1.0
 10
77.5269888517214
 20
259.7082499235412
 30
0.0
 41
1.0
 10
77.52237537324799
 20
259.7199699610837
 30
0.0
 41
1.0
 10
77.51768717363029
 20
259.7316835029515
 30
0.0
 41
1.0
 10
77.51292497662053
 20
259.7433903271849
 30
0.0
 41
1.0
 10
77.50808944921846
 20
259.755090216594
 30
0.0
 41
1.0
 10
77.50318117699681
 20
259.7667829590709
 30
0.0
 41
1.0
 10
77.49820068949429
 20
259.778468345351
 30
0.0
 41
1.0
 10
77.49314847702407
 20
259.7901461672082
 30
0.0
 41
1.0
 10
77.48802501035607
 20
259.8018162157132
 30
0.0
 41
1.0
 10
77.48283076203097
 20
259.8134782791058
 30
0.0
 41
1.0
 10
77.4775662201182
 20
259.8251321421758
 30
0.0
 41
1.0
 10
77.47223187474901
 20
259.8367775903644
 30
0.0
 41
1.0
 10
77.46682820954993
 20
259.8484144132672
 30
0.0
 41
1.0
 10
77.46135569211674
 20
259.8600424081014
 30
0.0
 41
1.0
 10
77.45581476426832
 20
259.8716613840561
 30
0.0
 41
1.0
 10
77.45020583631958
 20
259.8832711639407
 30
0.0
 41
1.0
 10
77.44452929826093
 20
259.894871574541
 30
0.0
 41
1.0
 10
77.43878552904971
 20
259.9064624384491
 30
0.0
 41
1.0
 10
77.43297490660734
 20
259.9180435658864
 30
0.0
 41
1.0
 10
77.42709781919256
 20
259.9296147453979
 30
0.0
 41
1.0
 10
77.42115467320946
 20
259.941175738577
 30
0.0
 41
1.0
 10
77.41514587609072
 20
259.9527263000682
 30
0.0
 41
1.0
 10
77.40907182234059
 20
259.9642661949101
 30
0.0
 41
1.0
 10
77.40293287893564
 20
259.9757952166565
 30
0.0
 41
1.0
 10
77.3967293711903
 20
259.9873132060566
 30
0.0
 41
1.0
 10
77.39046156959284
 20
259.9988200674097
 30
0.0
 41
1.0
 10
77.38412968797002
 20
260.0103157520734
 30
0.0
 41
1.0
 10
77.37901304253319
 20
260.0195033458331
 30
0.0
 41
1.0
 10
77.37514683448444
 20
260.0263890055121
 30
0.0
 41
1.0
 10
77.37255660048322
 20
260.0309772079827
 30
0.0
 41
1.0
 10
77.37125829299021
 20
260.0332707498883
 30
0.0
 41
1.0
  0
SPLINE
  5
63A
330
70
100
AcDbEntity
  8
Visible
100
AcDbSpline
210
0.0
220
0.0
230
1.0
 70
    12
 71
     5
 72
    81
 73
    75
 74
     0
 42
0.000000001
 43
0.0000000001
 40
-1.0
 40
-1.0
 40
-1.0
 40
-1.0
 40
-1.0
 40
-1.0
 40
-0.9857142857142841
 40
-0.9714285714285699
 40
-0.9571428571428556
 40
-0.9428571428571414
 40
-0.9285714285714272
 40
-0.9142857142857129
 40
-0.8999999999999987
 40
-0.8857142857142845
 40
-0.8714285714285702
 40
-0.857142857142856
 40
-0.8428571428571418
 40
-0.8285714285714275
 40
-0.8142857142857133
 40
-0.7999999999999991
 40
-0.7857142857142848
 40
-0.7714285714285706
 40
-0.7571428571428564
 40
-0.7428571428571421
 40
-0.7285714285714279
 40
-0.7142857142857137
 40
-0.6999999999999994
 40
-0.6857142857142852
 40
-0.6714285714285709
 40
-0.6571428571428567
 40
-0.6428571428571425
 40
-0.6285714285714282
 40
-0.614285714285714
 40
-0.5999999999999998
 40
-0.5857142857142855
 40
-0.5714285714285713
 40
-0.5571428571428571
 40
-0.5428571428571428
 40
-0.5285714285714286
 40
-0.5142857142857144
 40
-0.5000000000000001
 40
-0.4857142857142859
 40
-0.4714285714285716
 40
-0.4571428571428572
 40
-0.442857142857143
 40
-0.4285714285714287
 40
-0.4142857142857145
 40
-0.4000000000000001
 40
-0.3857142857142858
 40
-0.3714285714285715
 40
-0.3571428571428572
 40
-0.3428571428571429
 40
-0.3285714285714286
 40
-0.3142857142857143
 40
-0.3
 40
-0.2857142857142858
 40
-0.2714285714285714
 40
-0.2571428571428572
 40
-0.2428571428571429
 40
-0.2285714285714286
 40
-0.2142857142857143
 40
-0.2
 40
-0.1857142857142857
 40
-0.1714285714285715
 40
-0.1571428571428572
 40
-0.1428571428571429
 40
-0.1285714285714286
 40
-0.1142857142857143
 40
-0.1
 40
-0.0857142857142858
 40
-0.0714285714285714
 40
-0.0571428571428571
 40
-0.0428571428571429
 40
-0.0285714285714286
 40
-0.0142857142857143
 40
0.0
 40
0.0
 40
0.0
 40
0.0
 40
0.0
 40
0.0
 10
78.73112286358628
 20
259.8178893609575
 30
0.0
 41
1.0
 10
78.72917935635815
 20
259.816109272062
 30
0.0
 41
1.0
 10
78.72529806489637
 20
259.8125460585306
 30
0.0
 41
1.0
 10
78.71949329668041
 20
259.8071921310138
 30
0.0
 41
1.0
 10
78.71178795508694
 20
259.8000353404941
 30
0.0
 41
1.0
 10
78.70221361588574
 20
259.7910589537132
 30
0.0
 41
1.0
 10
78.69269676662316
 20
259.7820521354515
 30
0.0
 41
1.0
 10
78.68323762569253
 20
259.7730148658966
 30
0.0
 41
1.0
 10
78.67383647991665
 20
259.7639471524772
 30
0.0
 41
1.0
 10
78.66449368789744
 20
259.754849046124
 30
0.0
 41
1.0
 10
78.65520966244639
 20
259.7457206297768
 30
0.0
 41
1.0
 10
78.64598485136866
 20
259.7365620049877
 30
0.0
 41
1.0
 10
78.63681971797177
 20
259.727373279201
 30
0.0
 41
1.0
 10
78.62771472244185
 20
259.7181545535677
 30
0.0
 41
1.0
 10
78.61867029937821
 20
259.7089059092168
 30
0.0
 41
1.0
 10
78.60968686685009
 20
259.6996274098529
 30
0.0
 41
1.0
 10
78.60076484009096
 20
259.6903191070978
 30
0.0
 41
1.0
 10
78.5919046435265
 20
259.6809810451732
 30
0.0
 41
1.0
 10
78.58310672214702
 20
259.671613265803
 30
0.0
 41
1.0
 10
78.57437155510888
 20
259.6622158139307
 30
0.0
 41
1.0
 10
78.56569964978916
 20
259.6527887379188
 30
0.0
 41
1.0
 10
78.55709153115822
 20
259.6433320884244
 30
0.0
 41
1.0
 10
78.54854773166334
 20
259.6338459180479
 30
0.0
 41
1.0
 10
78.54006878198925
 20
259.6243302806415
 30
0.0
 41
1.0
 10
78.53165519698723
 20
259.6147852315807
 30
0.0
 41
1.0
 10
78.52330748894747
 20
259.6052108240929
 30
0.0
 41
1.0
 10
78.51502618853101
 20
259.5956071046958
 30
0.0
 41
1.0
 10
78.50681186402653
 20
259.585974108777
 30
0.0
 41
1.0
 10
78.49866513788947
 20
259.5763118571122
 30
0.0
 41
1.0
 10
78.49058671159219
 20
259.5666203501441
 30
0.0
 41
1.0
 10
78.48257734205162
 20
259.5568995753201
 30
0.0
 41
1.0
 10
78.47463780169437
 20
259.5471495187831
 30
0.0
 41
1.0
 10
78.46676884015323
 20
259.5373701768385
 30
0.0
 41
1.0
 10
78.45897115208936
 20
259.5275615654937
 30
0.0
 41
1.0
 10
78.45124532323552
 20
259.5177237367552
 30
0.0
 41
1.0
 10
78.4435918889476
 20
259.5078567604678
 30
0.0
 41
1.0
 10
78.4360114343026
 20
259.4979606934767
 30
0.0
 41
1.0
 10
78.42850468774668
 20
259.4880355507657
 30
0.0
 41
1.0
 10
78.42107260037846
 20
259.4780812811396
 30
0.0
 41
1.0
 10
78.41371647332744
 20
259.4680977279304
 30
0.0
 41
1.0
 10
78.40643783228916
 20
259.4580846685649
 30
0.0
 41
1.0
 10
78.39923820505373
 20
259.4480418843832
 30
0.0
 41
1.0
 10
78.39211891225204
 20
259.4379692263947
 30
0.0
 41
1.0
 10
78.38508089109018
 20
259.4278666707287
 30
0.0
 41
1.0
 10
78.37812440440576
 20
259.4177344100026
 30
0.0
 41
1.0
 10
78.37124935321208
 20
259.4075727559084
 30
0.0
 41
1.0
 10
78.36445581430599
 20
259.3973819714347
 30
0.0
 41
1.0
 10
78.35774454394232
 20
259.3871621136959
 30
0.0
 41
1.0
 10
78.35111740773118
 20
259.3769128999475
 30
0.0
 41
1.0
 10
78.34457806684167
 20
259.3666334932505
 30
0.0
 41
1.0
 10
78.33813124268272
 20
259.3563227338636
 30
0.0
 41
1.0
 10
78.33178149860941
 20
259.3459795221152
 30
0.0
 41
1.0
 10
78.32553209217713
 20
259.3356031791127
 30
0.0
 41
1.0
 10
78.31938399110914
 20
259.3251937562954
 30
0.0
 41
1.0
 10
78.3133343157433
 20
259.3147525244422
 30
0.0
 41
1.0
 10
78.30737823723666
 20
259.3042813815309
 30
0.0
 41
1.0
 10
78.30151187350566
 20
259.2937819485542
 30
0.0
 41
1.0
 10
78.2957350296856
 20
259.2832547138478
 30
0.0
 41
1.0
 10
78.29005360755946
 20
259.2726982813383
 30
0.0
 41
1.0
 10
78.28448319703056
 20
259.2621082481656
 30
0.0
 41
1.0
 10
78.27904440522161
 20
259.2514786734873
 30
0.0
 41
1.0
 10
78.27375633887459
 20
259.2408041273875
 30
0.0
 41
1.0
 10
78.26863037961448
 20
259.230081645941
 30
0.0
 41
1.0
 10
78.26366458900157
 20
259.2193124935229
 30
0.0
 41
1.0
 10
78.2588358239036
 20
259.2085046310621
 30
0.0
 41
1.0
 10
78.25411263477599
 20
259.1976687704391
 30
0.0
 41
1.0
 10
78.24947139074175
 20
259.1868134314227
 30
0.0
 41
1.0
 10
78.24491167200903
 20
259.1759402285361
 30
0.0
 41
1.0
 10
78.24047109704224
 20
259.1650393242626
 30
0.0
 41
1.0
 10
78.23624285530058
 20
259.154084069397
 30
0.0
 41
1.0
 10
78.2323501316323
 20
259.1430386198626
 30
0.0
 41
1.0
 10
78.22960361826426
 20
259.1341010196047
 30
0.0
 41
1.0
 10
78.22779425218413
 20
259.1273280118139
 30
0.0
 41
1.0
 10
78.22670491878398
 20
259.1227800043598
 30
0.0
 41
1.0
 10
78.2261894799667
 20
259.1204978333344
 30
0.0
 41
1.0
  0
ARC
  5
63B
330
70
100
AcDbEntity
  8
Visible
100
AcDbCircle
 10
77.197567
 20
254.536014
 30
0.0
 40
5.499999999998584
100
AcDbArc
 50
70.190287
 51
73.809713
  0
SPLINE
  5
63C
330
70
100
AcDbEntity
  8
Visible
100
AcDbSpline
210
0.0
220
0.0
230
1.0
 70
    12
 71
     5
 72
    81
 73
    75
 74
     0
 42
0.000000001
 43
0.0000000001
 40
0.0
 40
0.0
 40
0.0
 40
0.0
 40
0.0
 40
0.0
 40
0.0142857142857143
 40
0.0285714285714286
 40
0.0428571428571429
 40
0.0571428571428571
 40
0.0714285714285714
 40
0.0857142857142858
 40
0.1
 40
0.1142857142857143
 40
0.1285714285714286
 40
0.1428571428571429
 40
0.1571428571428572
 40
0.1714285714285715
 40
0.1857142857142857
 40
0.2
 40
0.2142857142857143
 40
0.2285714285714286
 40
0.2428571428571429
 40
0.2571428571428572
 40
0.2714285714285714
 40
0.2857142857142858
 40
0.3
 40
0.3142857142857143
 40
0.3285714285714286
 40
0.3428571428571429
 40
0.3571428571428572
 40
0.3714285714285715
 40
0.3857142857142858
 40
0.4000000000000001
 40
0.4142857142857145
 40
0.4285714285714287
 40
0.442857142857143
 40
0.4571428571428572
 40
0.4714285714285716
 40
0.4857142857142859
 40
0.5000000000000001
 40
0.5142857142857144
 40
0.5285714285714286
 40
0.5428571428571428
 40
0.5571428571428571
 40
0.5714285714285713
 40
0.5857142857142855
 40
0.5999999999999998
 40
0.614285714285714
 40
0.6285714285714282
 40
0.6428571428571425
 40
0.6571428571428567
 40
0.6714285714285709
 40
0.6857142857142852
 40
0.6999999999999994
 40
0.7142857142857137
 40
0.7285714285714279
 40
0.7428571428571421
 40
0.7571428571428564
 40
0.7714285714285706
 40
0.7857142857142848
 40
0.7999999999999991
 40
0.8142857142857133
 40
0.8285714285714275
 40
0.8428571428571418
 40
0.857142857142856
 40
0.8714285714285702
 40
0.8857142857142845
 40
0.8999999999999987
 40
0.9142857142857129
 40
0.9285714285714272
 40
0.9428571428571414
 40
0.9571428571428556
 40
0.9714285714285699
 40
0.9857142857142841
 40
1.0
 40
1.0
 40
1.0
 40
1.0
 40
1.0
 40
1.0
 10
79.0600862257861
 20
258.8495483559936
 30
0.0
 41
1.0
 10
79.06101065349503
 20
258.8516976384717
 30
0.0
 41
1.0
 10
79.06280261597112
 20
258.8560173479009
 30
0.0
 41
1.0
 10
79.06531988215647
 20
258.8625603450037
 30
0.0
 41
1.0
 10
79.0683512957894
 20
258.8714053755548
 30
0.0
 41
1.0
 10
79.07169436852746
 20
258.8826294175015
 30
0.0
 41
1.0
 10
79.07471298634845
 20
258.8939777030045
 30
0.0
 41
1.0
 10
79.07752787650315
 20
258.9054068242931
 30
0.0
 41
1.0
 10
79.08023009486169
 20
258.9168835656374
 30
0.0
 41
1.0
 10
79.08285585774502
 20
258.9283937741775
 30
0.0
 41
1.0
 10
79.08540387654375
 20
258.9399363904822
 30
0.0
 41
1.0
 10
79.08785002568038
 20
258.9515184117981
 30
0.0
 41
1.0
 10
79.09016256565519
 20
258.9631496576076
 30
0.0
 41
1.0
 10
79.09231809396351
 20
258.9748372905769
 30
0.0
 41
1.0
 10
79.09431429919369
 20
258.9865814271907
 30
0.0
 41
1.0
 10
79.09616213142545
 20
258.9983777753632
 30
0.0
 41
1.0
 10
79.09788023996225
 20
259.0102194973288
 30
0.0
 41
1.0
 10
79.09948878825526
 20
259.0220992867671
 30
0.0
 41
1.0
 10
79.10100297673853
 20
259.0340115421504
 30
0.0
 41
1.0
 10
79.10242840064711
 20
259.0459539239464
 30
0.0
 41
1.0
 10
79.10376461529359
 20
259.0579261516195
 30
0.0
 41
1.0
 10
79.10500752721055
 20
259.0699291955925
 30
0.0
 41
1.0
 10
79.10615211418008
 20
259.0819643586892
 30
0.0
 41
1.0
 10
79.10719529956168
 20
259.0940323054556
 30
0.0
 41
1.0
 10
79.10813783602316
 20
259.1061324254579
 30
0.0
 41
1.0
 10
79.10898275802629
 20
259.1182633531917
 30
0.0
 41
1.0
 10
79.10973440377347
 20
259.1304232960365
 30
0.0
 41
1.0
 10
79.11039727464412
 20
259.1426104170678
 30
0.0
 41
1.0
 10
79.11097482452442
 20
259.1548232414025
 30
0.0
 41
1.0
 10
79.11146872892095
 20
259.167060901208
 30
0.0
 41
1.0
 10
79.1118795660841
 20
259.1793229057612
 30
0.0
 41
1.0
 10
79.1122072435619
 20
259.191608997161
 30
0.0
 41
1.0
 10
79.11245149806564
 20
259.203918981425
 30
0.0
 41
1.0
 10
79.11261242901947
 20
259.2162525482318
 30
0.0
 41
1.0
 10
79.11269080866623
 20
259.2286091660171
 30
0.0
 41
1.0
 10
79.11268779299553
 20
259.2409881790682
 30
0.0
 41
1.0
 10
79.11260474653954
 20
259.2533888662738
 30
0.0
 41
1.0
 10
79.11244303443982
 20
259.2658105109167
 30
0.0
 41
1.0
 10
79.11220380141549
 20
259.2782524749591
 30
0.0
 41
1.0
 10
79.11188784701517
 20
259.2907142407785
 30
0.0
 41
1.0
 10
79.11149575175841
 20
259.303195368082
 30
0.0
 41
1.0
 10
79.1110279555669
 20
259.3156954669812
 30
0.0
 41
1.0
 10
79.11048485050014
 20
259.3282141662967
 30
0.0
 41
1.0
 10
79.10986687985769
 20
259.3407510796678
 30
0.0
 41
1.0
 10
79.10917459622215
 20
259.3533057858349
 30
0.0
 41
1.0
 10
79.10840860823191
 20
259.3658778471617
 30
0.0
 41
1.0
 10
79.10756954893805
 20
259.3784668208391
 30
0.0
 41
1.0
 10
79.10665803807751
 20
259.3910722721184
 30
0.0
 41
1.0
 10
79.10567464289215
 20
259.4036937883238
 30
0.0
 41
1.0
 10
79.10461985474831
 20
259.4163309867799
 30
0.0
 41
1.0
 10
79.10349411260085
 20
259.4289835048257
 30
0.0
 41
1.0
 10
79.10229781842099
 20
259.4416509929115
 30
0.0
 41
1.0
 10
79.10103135537338
 20
259.454333106858
 30
0.0
 41
1.0
 10
79.09969510743394
 20
259.4670294992466
 30
0.0
 41
1.0
 10
79.09828947228106
 20
259.4797398145774
 30
0.0
 41
1.0
 10
79.0968148497559
 20
259.4924636973356
 30
0.0
 41
1.0
 10
79.09527163479288
 20
259.5052007979648
 30
0.0
 41
1.0
 10
79.09366020944253
 20
259.5179507791126
 30
0.0
 41
1.0
 10
79.09198093493251
 20
259.5307133227771
 30
0.0
 41
1.0
 10
79.09023414674265
 20
259.5434881336441
 30
0.0
 41
1.0
 10
79.08842016224935
 20
259.5562749264673
 30
0.0
 41
1.0
 10
79.08653928704007
 20
259.569073415415
 30
0.0
 41
1.0
 10
79.08459182189472
 20
259.5818833032126
 30
0.0
 41
1.0
 10
79.08257807072641
 20
259.5947042687767
 30
0.0
 41
1.0
 10
79.08049834637586
 20
259.6075359597835
 30
0.0
 41
1.0
 10
79.07835296051598
 20
259.6203780169817
 30
0.0
 41
1.0
 10
79.07614221573658
 20
259.6332300950016
 30
0.0
 41
1.0
 10
79.0738663972561
 20
259.6460918841003
 30
0.0
 41
1.0
 10
79.07152576525641
 20
259.6589631322913
 30
0.0
 41
1.0
 10
79.06912054741496
 20
259.6718436649753
 30
0.0
 41
1.0
 10
79.06665093205993
 20
259.6847333698115
 30
0.0
 41
1.0
 10
79.06462383568487
 20
259.6950524211197
 30
0.0
 41
1.0
 10
79.06307463918529
 20
259.7027957966175
 30
0.0
 41
1.0
 10
79.06202901279721
 20
259.7079598628006
 30
0.0
 41
1.0
 10
79.06150299242199
 20
259.7105423498542
 30
0.0
 41
1.0
  0
SPLINE
  5
63D
330
70
100
AcDbEntity
  8
Visible
100
AcDbSpline
210
0.0
220
0.0
230
1.0
 70
    12
 71
     5
 72
    81
 73
    75
 74
     0
 42
0.000000001
 43
0.0000000001
 40
-1.0
 40
-1.0
 40
-1.0
 40
-1.0
 40
-1.0
 40
-1.0
 40
-0.9857142857142841
 40
-0.9714285714285699
 40
-0.9571428571428556
 40
-0.9428571428571414
 40
-0.9285714285714272
 40
-0.9142857142857129
 40
-0.8999999999999987
 40
-0.8857142857142845
 40
-0.8714285714285702
 40
-0.857142857142856
 40
-0.8428571428571418
 40
-0.8285714285714275
 40
-0.8142857142857133
 40
-0.7999999999999991
 40
-0.7857142857142848
 40
-0.7714285714285706
 40
-0.7571428571428564
 40
-0.7428571428571421
 40
-0.7285714285714279
 40
-0.7142857142857137
 40
-0.6999999999999994
 40
-0.6857142857142852
 40
-0.6714285714285709
 40
-0.6571428571428567
 40
-0.6428571428571425
 40
-0.6285714285714282
 40
-0.614285714285714
 40
-0.5999999999999998
 40
-0.5857142857142855
 40
-0.5714285714285713
 40
-0.5571428571428571
 40
-0.5428571428571428
 40
-0.5285714285714286
 40
-0.5142857142857144
 40
-0.5000000000000001
 40
-0.4857142857142859
 40
-0.4714285714285716
 40
-0.4571428571428572
 40
-0.442857142857143
 40
-0.4285714285714287
 40
-0.4142857142857145
 40
-0.4000000000000001
 40
-0.3857142857142858
 40
-0.3714285714285715
 40
-0.3571428571428572
 40
-0.3428571428571429
 40
-0.3285714285714286
 40
-0.3142857142857143
 40
-0.3
 40
-0.2857142857142858
 40
-0.2714285714285714
 40
-0.2571428571428572
 40
-0.2428571428571429
 40
-0.2285714285714286
 40
-0.2142857142857143
 40
-0.2
 40
-0.1857142857142857
 40
-0.1714285714285715
 40
-0.1571428571428572
 40
-0.1428571428571429
 40
-0.1285714285714286
 40
-0.1142857142857143
 40
-0.1
 40
-0.0857142857142858
 40
-0.0714285714285714
 40
-0.0571428571428571
 40
-0.0428571428571429
 40
-0.0285714285714286
 40
-0.0142857142857143
 40
0.0
 40
0.0
 40
0.0
 40
0.0
 40
0.0
 40
0.0
 10
80.28825454411345
 20
259.0854812140606
 30
0.0
 41
1.0
 10
80.2858560811801
 20
259.0843888256786
 30
0.0
 41
1.0
 10
80.28106366010707
 20
259.0821993932532
 30
0.0
 41
1.0
 10
80.27388854288075
 20
259.0789012776276
 30
0.0
 41
1.0
 10
80.26434875765245
 20
259.0744758468682
 30
0.0
 41
1.0
 10
80.25246916390278
 20
259.0688974292507
 30
0.0
 41
1.0
 10
80.24063484248927
 20
259.0632723042072
 30
0.0
 41
1.0
 10
80.2288459949932
 20
259.0576003854067
 30
0.0
 41
1.0
 10
80.2171028964949
 20
259.0518815912828
 30
0.0
 41
1.0
 10
80.2054059037855
 20
259.0461158594589
 30
0.0
 41
1.0
 10
80.19375543509978
 20
259.0403031412479
 30
0.0
 41
1.0
 10
80.18215194770709
 20
259.0344433948549
 30
0.0
 41
1.0
 10
80.17059591544329
 20
259.0285365792943
 30
0.0
 41
1.0
 10
80.15908780722657
 20
259.0225826485621
 30
0.0
 41
1.0
 10
80.14762806145609
 20
259.0165815455157
 30
0.0
 41
1.0
 10
80.13621709542622
 20
259.0105332015528
 30
0.0
 41
1.0
 10
80.12485531999756
 20
259.0044375374555
 30
0.0
 41
1.0
 10
80.11354315249082
 20
258.9982944641242
 30
0.0
 41
1.0
 10
80.10228102900782
 20
258.9921038837328
 30
0.0
 41
1.0
 10
80.09106941914343
 20
258.9858656909564
 30
0.0
 41
1.0
 10
80.07990882038484
 20
258.979579775003
 30
0.0
 41
1.0
 10
80.06879974766434
 20
258.9732460218256
 30
0.0
 41
1.0
 10
80.05774272362305
 20
258.9668643169143
 30
0.0
 41
1.0
 10
80.04673826961335
 20
258.9604345474963
 30
0.0
 41
1.0
 10
80.0357868924002
 20
258.953956607138
 30
0.0
 41
1.0
 10
80.02488909564727
 20
258.9474303881552
 30
0.0
 41
1.0
 10
80.01404539842042
 20
258.9408557708066
 30
0.0
 41
1.0
 10
80.00325635212721
 20
258.9342326131355
 30
0.0
 41
1.0
 10
79.99252255518058
 20
258.9275607425525
 30
0.0
 41
1.0
 10
79.98184467485407
 20
258.9208399427116
 30
0.0
 41
1.0
 10
79.97122342714283
 20
258.9140699677737
 30
0.0
 41
1.0
 10
79.96065954238293
 20
258.9072505658687
 30
0.0
 41
1.0
 10
79.95015373237766
 20
258.9003815018314
 30
0.0
 41
1.0
 10
79.93970666273617
 20
258.893462576224
 30
0.0
 41
1.0
 10
79.92931890659292
 20
258.8864936575082
 30
0.0
 41
1.0
 10
79.91899099468628
 20
258.8794746466738
 30
0.0
 41
1.0
 10
79.90872350102108
 20
258.8724054169861
 30
0.0
 41
1.0
 10
79.89851712302334
 20
258.8652857575944
 30
0.0
 41
1.0
 10
79.88837274942216
 20
258.858115325902
 30
0.0
 41
1.0
 10
79.87829156924909
 20
258.8508935708378
 30
0.0
 41
1.0
 10
79.86827496475052
 20
258.8436198092577
 30
0.0
 41
1.0
 10
79.85832432136977
 20
258.8362933610888
 30
0.0
 41
1.0
 10
79.84844084906308
 20
258.8289136765352
 30
0.0
 41
1.0
 10
79.83862543178748
 20
258.8214804432837
 30
0.0
 41
1.0
 10
79.82887837903945
 20
258.8139937633032
 30
0.0
 41
1.0
 10
79.81919969299633
 20
258.8064539636162
 30
0.0
 41
1.0
 10
79.80958952796299
 20
258.7988612706094
 30
0.0
 41
1.0
 10
79.80004862082933
 20
258.791215504908
 30
0.0
 41
1.0
 10
79.79057865852428
 20
258.7835158210983
 30
0.0
 41
1.0
 10
79.78118286439713
 20
258.7757602918427
 30
0.0
 41
1.0
 10
79.77186537039597
 20
258.7679463551649
 30
0.0
 41
1.0
 10
79.76263017671226
 20
258.7600715550607
 30
0.0
 41
1.0
 10
79.7534801716738
 20
258.7521342392247
 30
0.0
 41
1.0
 10
79.74441629153898
 20
258.7441341575377
 30
0.0
 41
1.0
 10
79.73543619027532
 20
258.7360734084441
 30
0.0
 41
1.0
 10
79.72653586189062
 20
258.7279552892232
 30
0.0
 41
1.0
 10
79.71771211521536
 20
258.7197825411613
 30
0.0
 41
1.0
 10
79.7089649158288
 20
258.7115556889094
 30
0.0
 41
1.0
 10
79.70029944524776
 20
258.703271580971
 30
0.0
 41
1.0
 10
79.69172916979459
 20
258.6949212124336
 30
0.0
 41
1.0
 10
79.6832718521855
 20
258.686492565269
 30
0.0
 41
1.0
 10
79.67494398607596
 20
258.677974571011
 30
0.0
 41
1.0
 10
79.66675548013063
 20
258.6693608936839
 30
0.0
 41
1.0
 10
79.65870488149722
 20
258.6606533347922
 30
0.0
 41
1.0
 10
79.65077263981129
 20
258.6518666172487
 30
0.0
 41
1.0
 10
79.64293215493398
 20
258.6430206471014
 30
0.0
 41
1.0
 10
79.63516358531433
 20
258.6341308294741
 30
0.0
 41
1.0
 10
79.62746703062657
 20
258.6251988295935
 30
0.0
 41
1.0
 10
79.61987522819345
 20
258.616203666681
 30
0.0
 41
1.0
 10
79.61246857140122
 20
258.6070911987071
 30
0.0
 41
1.0
 10
79.60535313957371
 20
258.5977892697211
 30
0.0
 41
1.0
 10
79.59997917976943
 20
258.5901378260615
 30
0.0
 41
1.0
 10
79.59616539585841
 20
258.584255437735
 30
0.0
 41
1.0
 10
79.59372396663638
 20
258.5802666481423
 30
0.0
 41
1.0
 10
79.59252852555891
 20
258.5782554538718
 30
0.0
 41
1.0
  0
ARC
  5
63E
330
70
100
AcDbEntity
  8
Visible
100
AcDbCircle
 10
77.197567
 20
254.536014
 30
0.0
 40
5.499999999998583
100
AcDbArc
 50
52.190287
 51
55.809713
  0
SPLINE
  5
63F
330
70
100
AcDbEntity
  8
Visible
100
AcDbSpline
210
0.0
220
0.0
230
1.0
 70
    12
 71
     5
 72
    81
 73
    75
 74
     0
 42
0.000000001
 43
0.0000000001
 40
0.0
 40
0.0
 40
0.0
 40
0.0
 40
0.0
 40
0.0
 40
0.0142857142857143
 40
0.0285714285714286
 40
0.0428571428571429
 40
0.0571428571428571
 40
0.0714285714285714
 40
0.0857142857142858
 40
0.1
 40
0.1142857142857143
 40
0.1285714285714286
 40
0.1428571428571429
 40
0.1571428571428572
 40
0.1714285714285715
 40
0.1857142857142857
 40
0.2
 40
0.2142857142857143
 40
0.2285714285714286
 40
0.2428571428571429
 40
0.2571428571428572
 40
0.2714285714285714
 40
0.2857142857142858
 40
0.3
 40
0.3142857142857143
 40
0.3285714285714286
 40
0.3428571428571429
 40
0.3571428571428572
 40
0.3714285714285715
 40
0.3857142857142858
 40
0.4000000000000001
 40
0.4142857142857145
 40
0.4285714285714287
 40
0.442857142857143
 40
0.4571428571428572
 40
0.4714285714285716
 40
0.4857142857142859
 40
0.5000000000000001
 40
0.5142857142857144
 40
0.5285714285714286
 40
0.5428571428571428
 40
0.5571428571428571
 40
0.5714285714285713
 40
0.5857142857142855
 40
0.5999999999999998
 40
0.614285714285714
 40
0.6285714285714282
 40
0.6428571428571425
 40
0.6571428571428567
 40
0.6714285714285709
 40
0.6857142857142852
 40
0.6999999999999994
 40
0.7142857142857137
 40
0.7285714285714279
 40
0.7428571428571421
 40
0.7571428571428564
 40
0.7714285714285706
 40
0.7857142857142848
 40
0.7999999999999991
 40
0.8142857142857133
 40
0.8285714285714275
 40
0.8428571428571418
 40
0.857142857142856
 40
0.8714285714285702
 40
0.8857142857142845
 40
0.8999999999999987
 40
0.9142857142857129
 40
0.9285714285714272
 40
0.9428571428571414
 40
0.9571428571428556
 40
0.9714285714285699
 40
0.9857142857142841
 40
1.0
 40
1.0
 40
1.0
 40
1.0
 40
1.0
 40
1.0
 10
80.30188346647264
 20
258.0628789218472
 30
0.0
 41
1.0
 10
80.303426814281
 20
258.0646373470818
 30
0.0
 41
1.0
 10
80.306465935495
 20
258.0681918880245
 30
0.0
 41
1.0
 10
80.31088189520232
 20
258.0736367700247
 30
0.0
 41
1.0
 10
80.3164982056478
 20
258.0811121356374
 30
0.0
 41
1.0
 10
80.3231460764673
 20
258.0907537675803
 30
0.0
 41
1.0
 10
80.32952376569301
 20
258.100613824251
 30
0.0
 41
1.0
 10
80.33573267802603
 20
258.110613715633
 30
0.0
 41
1.0
 10
80.34184914851994
 20
258.1206937138786
 30
0.0
 41
1.0
 10
80.34790324746792
 20
258.1308291673604
 30
0.0
 41
1.0
 10
80.35389342194775
 20
258.1410194667023
 30
0.0
 41
1.0
 10
80.35979888943984
 20
258.1512787218917
 30
0.0
 41
1.0
 10
80.36559249827314
 20
258.1616260798591
 30
0.0
 41
1.0
 10
80.37125420472785
 20
258.1720755844754
 30
0.0
 41
1.0
 10
80.3767818465185
 20
258.1826280607893
 30
0.0
 41
1.0
 10
80.38218451145985
 20
258.1932760430254
 30
0.0
 41
1.0
 10
80.38747782310929
 20
258.2040072651289
 30
0.0
 41
1.0
 10
80.39267870027197
 20
258.2148085475274
 30
0.0
 41
1.0
 10
80.39779986845042
 20
258.2256698656602
 30
0.0
 41
1.0
 10
80.40284592607532
 20
258.2365872654754
 30
0.0
 41
1.0
 10
80.40781636353313
 20
258.247560617584
 30
0.0
 41
1.0
 10
80.4127075875831
 20
258.2585921098653
 30
0.0
 41
1.0
 10
80.41751522440609
 20
258.2696845333285
 30
0.0
 41
1.0
 10
80.42223655329872
 20
258.2808394707272
 30
0.0
 41
1.0
 10
80.42687210145777
 20
258.2920561089186
 30
0.0
 41
1.0
 10
80.43142433286176
 20
258.3033322115307
 30
0.0
 41
1.0
 10
80.43589681943648
 20
258.3146647331014
 30
0.0
 41
1.0
 10
80.44029327460885
 20
258.3260505356093
 30
0.0
 41
1.0
 10
80.44461652745486
 20
258.3374871490469
 30
0.0
 41
1.0
 10
80.4488679033011
 20
258.3489732302969
 30
0.0
 41
1.0
 10
80.45304780045444
 20
258.3605081339647
 30
0.0
 41
1.0
 10
80.45715605129135
 20
258.3720916433403
 30
0.0
 41
1.0
 10
80.46119234546768
 20
258.3837236552981
 30
0.0
 41
1.0
 10
80.46515668164374
 20
258.3954038439797
 30
0.0
 41
1.0
 10
80.46904963000633
 20
258.407131465201
 30
0.0
 41
1.0
 10
80.47287208733996
 20
258.4189055381221
 30
0.0
 41
1.0
 10
80.47662512855458
 20
258.4307249552612
 30
0.0
 41
1.0
 10
80.48030983050102
 20
258.4425886131285
 30
0.0
 41
1.0
 10
80.48392708470691
 20
258.4544955511774
 30
0.0
 41
1.0
 10
80.4874774916343
 20
258.4664450300433
 30
0.0
 41
1.0
 10
80.49096146733063
 20
258.4784364515944
 30
0.0
 41
1.0
 10
80.49437930970544
 20
258.4904693090793
 30
0.0
 41
1.0
 10
80.49773127692878
 20
258.5025431283339
 30
0.0
 41
1.0
 10
80.50101767121123
 20
258.5146574049213
 30
0.0
 41
1.0
 10
80.50423888791284
 20
258.5268115674399
 30
0.0
 41
1.0
 10
80.50739537064874
 20
258.5390050115939
 30
0.0
 41
1.0
 10
80.5104875846473
 20
258.5512371206251
 30
0.0
 41
1.0
 10
80.51351598497058
 20
258.5635072895502
 30
0.0
 41
1.0
 10
80.51648098357418
 20
258.5758149506082
 30
0.0
 41
1.0
 10
80.51938292952035
 20
258.58815958801
 30
0.0
 41
1.0
 10
80.5222221282138
 20
258.6005407211987
 30
0.0
 41
1.0
 10
80.52499885393263
 20
258.6129578935197
 30
0.0
 41
1.0
 10
80.52771336473325
 20
258.6254106592341
 30
0.0
 41
1.0
 10
80.53036591843829
 20
258.63789856927
 30
0.0
 41
1.0
 10
80.53295678340782
 20
258.6504211626407
 30
0.0
 41
1.0
 10
80.53548623005282
 20
258.6629779776704
 30
0.0
 41
1.0
 10
80.53795452595933
 20
258.6755685598719
 30
0.0
 41
1.0
 10
80.54036193023149
 20
258.6881924703439
 30
0.0
 41
1.0
 10
80.54270868815093
 20
258.7008492950217
 30
0.0
 41
1.0
 10
80.54499502751786
 20
258.7135386493783
 30
0.0
 41
1.0
 10
80.54722116203084
 20
258.7262601640505
 30
0.0
 41
1.0
 10
80.54938729399419
 20
258.7390134727666
 30
0.0
 41
1.0
 10
80.55149361760232
 20
258.7517981998562
 30
0.0
 41
1.0
 10
80.55354032267496
 20
258.7646139460339
 30
0.0
 41
1.0
 10
80.55552759786769
 20
258.7774602795489
 30
0.0
 41
1.0
 10
80.55745562858282
 20
258.7903367624213
 30
0.0
 41
1.0
 10
80.55932459587529
 20
258.8032429726772
 30
0.0
 41
1.0
 10
80.56113467528939
 20
258.8161785275961
 30
0.0
 41
1.0
 10
80.56288603640405
 20
258.8291431071275
 30
0.0
 41
1.0
 10
80.56457884179781
 20
258.8421364748574
 30
0.0
 41
1.0
 10
80.56621323586842
 20
258.8551584657498
 30
0.0
 41
1.0
 10
80.56747411487231
 20
258.8655988739674
 30
0.0
 41
1.0
 10
80.56839357606895
 20
258.8734419897382
 30
0.0
 41
1.0
 10
80.56899491048898
 20
258.8786764248562
 30
0.0
 41
1.0
 10
80.56929266777116
 20
258.8812950652327
 30
0.0
 41
1.0
  0
SPLINE
  5
640
330
70
100
AcDbEntity
  8
Visible
100
AcDbSpline
210
0.0
220
0.0
230
1.0
 70
    12
 71
     5
 72
    81
 73
    75
 74
     0
 42
0.000000001
 43
0.0000000001
 40
-1.0
 40
-1.0
 40
-1.0
 40
-1.0
 40
-1.0
 40
-1.0
 40
-0.9857142857142841
 40
-0.9714285714285699
 40
-0.9571428571428556
 40
-0.9428571428571414
 40
-0.9285714285714272
 40
-0.9142857142857129
 40
-0.8999999999999987
 40
-0.8857142857142845
 40
-0.8714285714285702
 40
-0.857142857142856
 40
-0.8428571428571418
 40
-0.8285714285714275
 40
-0.8142857142857133
 40
-0.7999999999999991
 40
-0.7857142857142848
 40
-0.7714285714285706
 40
-0.7571428571428564
 40
-0.7428571428571421
 40
-0.7285714285714279
 40
-0.7142857142857137
 40
-0.6999999999999994
 40
-0.6857142857142852
 40
-0.6714285714285709
 40
-0.6571428571428567
 40
-0.6428571428571425
 40
-0.6285714285714282
 40
-0.614285714285714
 40
-0.5999999999999998
 40
-0.5857142857142855
 40
-0.5714285714285713
 40
-0.5571428571428571
 40
-0.5428571428571428
 40
-0.5285714285714286
 40
-0.5142857142857144
 40
-0.5000000000000001
 40
-0.4857142857142859
 40
-0.4714285714285716
 40
-0.4571428571428572
 40
-0.442857142857143
 40
-0.4285714285714287
 40
-0.4142857142857145
 40
-0.4000000000000001
 40
-0.3857142857142858
 40
-0.3714285714285715
 40
-0.3571428571428572
 40
-0.3428571428571429
 40
-0.3285714285714286
 40
-0.3142857142857143
 40
-0.3
 40
-0.2857142857142858
 40
-0.2714285714285714
 40
-0.2571428571428572
 40
-0.2428571428571429
 40
-0.2285714285714286
 40
-0.2142857142857143
 40
-0.2
 40
-0.1857142857142857
 40
-0.1714285714285715
 40
-0.1571428571428572
 40
-0.1428571428571429
 40
-0.1285714285714286
 40
-0.1142857142857143
 40
-0.1
 40
-0.0857142857142858
 40
-0.0714285714285714
 40
-0.0571428571428571
 40
-0.0428571428571429
 40
-0.0285714285714286
 40
-0.0142857142857143
 40
0.0
 40
0.0
 40
0.0
 40
0.0
 40
0.0
 40
0.0
 10
81.54284821139937
 20
257.9077395216045
 30
0.0
 41
1.0
 10
81.54022957102279
 20
257.9074417643223
 30
0.0
 41
1.0
 10
81.53499513590487
 20
257.9068404299023
 30
0.0
 41
1.0
 10
81.52715202013405
 20
257.9059209687057
 30
0.0
 41
1.0
 10
81.51671161191643
 20
257.9046600897018
 30
0.0
 41
1.0
 10
81.50368962102403
 20
257.9030256956312
 30
0.0
 41
1.0
 10
81.49069625329412
 20
257.9013328902374
 30
0.0
 41
1.0
 10
81.47773167376271
 20
257.8995815291228
 30
0.0
 41
1.0
 10
81.46479611884387
 20
257.8977714497087
 30
0.0
 41
1.0
 10
81.45188990858788
 20
257.8959024824162
 30
0.0
 41
1.0
 10
81.43901342571552
 20
257.8939744517011
 30
0.0
 41
1.0
 10
81.42616709220055
 20
257.8919871765084
 30
0.0
 41
1.0
 10
81.41335134602286
 20
257.8899404714357
 30
0.0
 41
1.0
 10
81.40056661893323
 20
257.8878341478276
 30
0.0
 41
1.0
 10
81.38781331021709
 20
257.8856680158642
 30
0.0
 41
1.0
 10
81.3750917955449
 20
257.8834418813512
 30
0.0
 41
1.0
 10
81.36240244118836
 20
257.8811555419843
 30
0.0
 41
1.0
 10
81.34974561651052
 20
257.8788087840649
 30
0.0
 41
1.0
 10
81.33712170603848
 20
257.8764013797927
 30
0.0
 41
1.0
 10
81.324531123837
 20
257.8739330838862
 30
0.0
 41
1.0
 10
81.3119743088073
 20
257.8714036372412
 30
0.0
 41
1.0
 10
81.29945171543658
 20
257.8688127722717
 30
0.0
 41
1.0
 10
81.28696380540077
 20
257.8661602185666
 30
0.0
 41
1.0
 10
81.27451103968633
 20
257.863445707766
 30
0.0
 41
1.0
 10
81.26209386736537
 20
257.8606689820472
 30
0.0
 41
1.0
 10
81.24971273417669
 20
257.8578297833537
 30
0.0
 41
1.0
 10
81.23736809677485
 20
257.8549278374075
 30
0.0
 41
1.0
 10
81.22506043571684
 20
257.851962838804
 30
0.0
 41
1.0
 10
81.21279026679166
 20
257.8489344384807
 30
0.0
 41
1.0
 10
81.2005581577605
 20
257.8458422244821
 30
0.0
 41
1.0
 10
81.18836471360646
 20
257.8426857417462
 30
0.0
 41
1.0
 10
81.17621055108793
 20
257.8394645250446
 30
0.0
 41
1.0
 10
81.16409627450048
 20
257.8361781307622
 30
0.0
 41
1.0
 10
81.15202245524598
 20
257.8328261635388
 30
0.0
 41
1.0
 10
81.13998959776109
 20
257.829408321164
 30
0.0
 41
1.0
 10
81.12799817620999
 20
257.8259243454677
 30
0.0
 41
1.0
 10
81.11604869734401
 20
257.8223739385403
 30
0.0
 41
1.0
 10
81.10414175929509
 20
257.8187566843344
 30
0.0
 41
1.0
 10
81.09227810142783
 20
257.8150719823879
 30
0.0
 41
1.0
 10
81.08045868428872
 20
257.8113189411733
 30
0.0
 41
1.0
 10
81.06868461136764
 20
257.8074964838397
 30
0.0
 41
1.0
 10
81.05695699014631
 20
257.8036035354771
 30
0.0
 41
1.0
 10
81.04527680146475
 20
257.7996391993011
 30
0.0
 41
1.0
 10
81.03364478950698
 20
257.7956029051247
 30
0.0
 41
1.0
 10
81.02206128013131
 20
257.7914946542878
 30
0.0
 41
1.0
 10
81.01052637646352
 20
257.7873147571345
 30
0.0
 41
1.0
 10
80.99904029521349
 20
257.7830633812882
 30
0.0
 41
1.0
 10
80.98760368177591
 20
257.7787401284422
 30
0.0
 41
1.0
 10
80.97621787926801
 20
257.7743436732699
 30
0.0
 41
1.0
 10
80.96488535769731
 20
257.7698711866951
 30
0.0
 41
1.0
 10
80.9536092550852
 20
257.7653189552911
 30
0.0
 41
1.0
 10
80.94239261689381
 20
257.7606834071321
 30
0.0
 41
1.0
 10
80.9312376794951
 20
257.7559620782395
 30
0.0
 41
1.0
 10
80.9201452560319
 20
257.7511544414165
 30
0.0
 41
1.0
 10
80.90911376375061
 20
257.7462632173665
 30
0.0
 41
1.0
 10
80.89814041164208
 20
257.7412927799087
 30
0.0
 41
1.0
 10
80.88722301182679
 20
257.7362467222838
 30
0.0
 41
1.0
 10
80.87636169369398
 20
257.7311255541054
 30
0.0
 41
1.0
 10
80.86556041129552
 20
257.7259246769427
 30
0.0
 41
1.0
 10
80.85482918919206
 20
257.7206313652932
 30
0.0
 41
1.0
 10
80.84418120695591
 20
257.7152287003519
 30
0.0
 41
1.0
 10
80.83362873064197
 20
257.7097010585612
 30
0.0
 41
1.0
 10
80.82317922602578
 20
257.7040393521065
 30
0.0
 41
1.0
 10
80.81283186805832
 20
257.6982457432732
 30
0.0
 41
1.0
 10
80.80257261286897
 20
257.6923402757811
 30
0.0
 41
1.0
 10
80.79238231352702
 20
257.6863501013013
 30
0.0
 41
1.0
 10
80.78224686004523
 20
257.6802960023533
 30
0.0
 41
1.0
 10
80.77216686179964
 20
257.6741795318594
 30
0.0
 41
1.0
 10
80.76216697041763
 20
257.6679706195264
 30
0.0
 41
1.0
 10
80.7523069137469
 20
257.6615929303007
 30
0.0
 41
1.0
 10
80.74266528180396
 20
257.6549450594812
 30
0.0
 41
1.0
 10
80.73518991619129
 20
257.6493287490357
 30
0.0
 41
1.0
 10
80.72974503419118
 20
257.6449127893284
 30
0.0
 41
1.0
 10
80.7261904932484
 20
257.6418736681144
 30
0.0
 41
1.0
 10
80.72443206801381
 20
257.640330320306
 30
0.0
 41
1.0
  0
ARC
  5
641
330
70
100
AcDbEntity
  8
Visible
100
AcDbCircle
 10
77.197567
 20
254.536014
 30
0.0
 40
5.499999999998584
100
AcDbArc
 50
34.190287
 51
37.809713
  0
SPLINE
  5
642
330
70
100
AcDbEntity
  8
Visible
100
AcDbSpline
210
0.0
220
0.0
230
1.0
 70
    12
 71
     5
 72
    81
 73
    75
 74
     0
 42
0.000000001
 43
0.0000000001
 40
0.0
 40
0.0
 40
0.0
 40
0.0
 40
0.0
 40
0.0
 40
0.0142857142857143
 40
0.0285714285714286
 40
0.0428571428571429
 40
0.0571428571428571
 40
0.0714285714285714
 40
0.0857142857142858
 40
0.1
 40
0.1142857142857143
 40
0.1285714285714286
 40
0.1428571428571429
 40
0.1571428571428572
 40
0.1714285714285715
 40
0.1857142857142857
 40
0.2
 40
0.2142857142857143
 40
0.2285714285714286
 40
0.2428571428571429
 40
0.2571428571428572
 40
0.2714285714285714
 40
0.2857142857142858
 40
0.3
 40
0.3142857142857143
 40
0.3285714285714286
 40
0.3428571428571429
 40
0.3571428571428572
 40
0.3714285714285715
 40
0.3857142857142858
 40
0.4000000000000001
 40
0.4142857142857145
 40
0.4285714285714287
 40
0.442857142857143
 40
0.4571428571428572
 40
0.4714285714285716
 40
0.4857142857142859
 40
0.5000000000000001
 40
0.5142857142857144
 40
0.5285714285714286
 40
0.5428571428571428
 40
0.5571428571428571
 40
0.5714285714285713
 40
0.5857142857142855
 40
0.5999999999999998
 40
0.614285714285714
 40
0.6285714285714282
 40
0.6428571428571425
 40
0.6571428571428567
 40
0.6714285714285709
 40
0.6857142857142852
 40
0.6999999999999994
 40
0.7142857142857137
 40
0.7285714285714279
 40
0.7428571428571421
 40
0.7571428571428564
 40
0.7714285714285706
 40
0.7857142857142848
 40
0.7999999999999991
 40
0.8142857142857133
 40
0.8285714285714275
 40
0.8428571428571418
 40
0.857142857142856
 40
0.8714285714285702
 40
0.8857142857142845
 40
0.8999999999999987
 40
0.9142857142857129
 40
0.9285714285714272
 40
0.9428571428571414
 40
0.9571428571428556
 40
0.9714285714285699
 40
0.9857142857142841
 40
1.0
 40
1.0
 40
1.0
 40
1.0
 40
1.0
 40
1.0
 10
81.23980860003849
 20
256.9309753793923
 30
0.0
 41
1.0
 10
81.24181979430886
 20
256.9321708204697
 30
0.0
 41
1.0
 10
81.24580858390164
 20
256.9346122496918
 30
0.0
 41
1.0
 10
81.25169097222807
 20
256.9384260336028
 30
0.0
 41
1.0
 10
81.25934241588765
 20
256.9437999934071
 30
0.0
 41
1.0
 10
81.26864434487378
 20
256.9509154252346
 30
0.0
 41
1.0
 10
81.27775681284765
 20
256.9583220820268
 30
0.0
 41
1.0
 10
81.28675197576013
 20
256.9659138844599
 30
0.0
 41
1.0
 10
81.29568397564071
 20
256.9736104391477
 30
0.0
 41
1.0
 10
81.30457379326799
 20
256.9813790087674
 30
0.0
 41
1.0
 10
81.31341976341536
 20
256.9892194936447
 30
0.0
 41
1.0
 10
81.32220648095881
 20
256.9971517353306
 30
0.0
 41
1.0
 10
81.33091403985053
 20
257.005202333964
 30
0.0
 41
1.0
 10
81.33952771717758
 20
257.0133908399093
 30
0.0
 41
1.0
 10
81.34804571143559
 20
257.0217187060189
 30
0.0
 41
1.0
 10
81.35647435860027
 20
257.030176023628
 30
0.0
 41
1.0
 10
81.3648247271376
 20
257.0387462990812
 30
0.0
 41
1.0
 10
81.37310883507598
 20
257.0474117696622
 30
0.0
 41
1.0
 10
81.38133568732792
 20
257.0561589690488
 30
0.0
 41
1.0
 10
81.38950843538987
 20
257.064982715724
 30
0.0
 41
1.0
 10
81.39762655461073
 20
257.0738830441087
 30
0.0
 41
1.0
 10
81.40568730370432
 20
257.0828631453724
 30
0.0
 41
1.0
 10
81.41368738539132
 20
257.0919270255072
 30
0.0
 41
1.0
 10
81.4216247012273
 20
257.1010770305456
 30
0.0
 41
1.0
 10
81.42949950133152
 20
257.1103122242293
 30
0.0
 41
1.0
 10
81.43731343800936
 20
257.1196297182305
 30
0.0
 41
1.0
 10
81.44506896726488
 20
257.1290255123577
 30
0.0
 41
1.0
 10
81.45276865107462
 20
257.1384954746627
 30
0.0
 41
1.0
 10
81.46041441677608
 20
257.1480363817964
 30
0.0
 41
1.0
 10
81.46800710978277
 20
257.1576465468297
 30
0.0
 41
1.0
 10
81.4755469094698
 20
257.1673252328728
 30
0.0
 41
1.0
 10
81.48303358945032
 20
257.1770722856209
 30
0.0
 41
1.0
 10
81.49046682270181
 20
257.1868877028965
 30
0.0
 41
1.0
 10
81.49784650725541
 20
257.1967711752031
 30
0.0
 41
1.0
 10
81.50517295542432
 20
257.2067218185839
 30
0.0
 41
1.0
 10
81.51244671700442
 20
257.2167384230825
 30
0.0
 41
1.0
 10
81.51966847206859
 20
257.2268196032555
 30
0.0
 41
1.0
 10
81.52683890376101
 20
257.2369639768567
 30
0.0
 41
1.0
 10
81.53395856315274
 20
257.2471703548544
 30
0.0
 41
1.0
 10
81.54102779284039
 20
257.2574378485196
 30
0.0
 41
1.0
 10
81.54804680367488
 20
257.2677657604263
 30
0.0
 41
1.0
 10
81.55501572239064
 20
257.2781535165695
 30
0.0
 41
1.0
 10
81.56193464799798
 20
257.288600586211
 30
0.0
 41
1.0
 10
81.56880371203532
 20
257.2991063962163
 30
0.0
 41
1.0
 10
81.5756231139403
 20
257.3096702809762
 30
0.0
 41
1.0
 10
81.58239308887823
 20
257.3202915286874
 30
0.0
 41
1.0
 10
81.58911388871912
 20
257.330969409014
 30
0.0
 41
1.0
 10
81.59578575930209
 20
257.3417032059606
 30
0.0
 41
1.0
 10
81.60240891697322
 20
257.3524922522538
 30
0.0
 41
1.0
 10
81.60898353432186
 20
257.3633359494806
 30
0.0
 41
1.0
 10
81.61550975330465
 20
257.3742337462336
 30
0.0
 41
1.0
 10
81.62198769366296
 20
257.3851851234467
 30
0.0
 41
1.0
 10
81.62841746308094
 20
257.3961895774564
 30
0.0
 41
1.0
 10
81.63479916799223
 20
257.4072466014977
 30
0.0
 41
1.0
 10
81.64113292116963
 20
257.4183556742182
 30
0.0
 41
1.0
 10
81.64741883712304
 20
257.4295162729768
 30
0.0
 41
1.0
 10
81.65365702989948
 20
257.4407278828412
 30
0.0
 41
1.0
 10
81.65984761029084
 20
257.4519900063242
 30
0.0
 41
1.0
 10
81.66599068362211
 20
257.4633021738309
 30
0.0
 41
1.0
 10
81.67208634771942
 20
257.4746639492596
 30
0.0
 41
1.0
 10
81.67813469168232
 20
257.4860749152894
 30
0.0
 41
1.0
 10
81.68413579472872
 20
257.49753466106
 30
0.0
 41
1.0
 10
81.69008972546089
 20
257.5090427692767
 30
0.0
 41
1.0
 10
81.69599654102148
 20
257.5205988015405
 30
0.0
 41
1.0
 10
81.70185628741455
 20
257.5322022889332
 30
0.0
 41
1.0
 10
81.70766900562558
 20
257.5438527576189
 30
0.0
 41
1.0
 10
81.71343473744945
 20
257.5555497503283
 30
0.0
 41
1.0
 10
81.71915353157329
 20
257.5672928488266
 30
0.0
 41
1.0
 10
81.72482545037382
 20
257.5790816963226
 30
0.0
 41
1.0
 10
81.73045057541731
 20
257.5909160177362
 30
0.0
 41
1.0
 10
81.73602899303478
 20
257.6027956114858
 30
0.0
 41
1.0
 10
81.74045442379428
 20
257.6123353967141
 30
0.0
 41
1.0
 10
81.74375253941979
 20
257.6195105139404
 30
0.0
 41
1.0
 10
81.74594197184523
 20
257.6243029350135
 30
0.0
 41
1.0
 10
81.74703436022719
 20
257.6267013979468
 30
0.0
 41
1.0
  0
SPLINE
  5
643
330
70
100
AcDbEntity
  8
Visible
100
AcDbSpline
210
0.0
220
0.0
230
1.0
 70
    12
 71
     5
 72
    81
 73
    75
 74
     0
 42
0.000000001
 43
0.0000000001
 40
-1.0
 40
-1.0
 40
-1.0
 40
-1.0
 40
-1.0
 40
-1.0
 40
-0.9857142857142841
 40
-0.9714285714285699
 40
-0.9571428571428556
 40
-0.9428571428571414
 40
-0.9285714285714272
 40
-0.9142857142857129
 40
-0.8999999999999987
 40
-0.8857142857142845
 40
-0.8714285714285702
 40
-0.857142857142856
 40
-0.8428571428571418
 40
-0.8285714285714275
 40
-0.8142857142857133
 40
-0.7999999999999991
 40
-0.7857142857142848
 40
-0.7714285714285706
 40
-0.7571428571428564
 40
-0.7428571428571421
 40
-0.7285714285714279
 40
-0.7142857142857137
 40
-0.6999999999999994
 40
-0.6857142857142852
 40
-0.6714285714285709
 40
-0.6571428571428567
 40
-0.6428571428571425
 40
-0.6285714285714282
 40
-0.614285714285714
 40
-0.5999999999999998
 40
-0.5857142857142855
 40
-0.5714285714285713
 40
-0.5571428571428571
 40
-0.5428571428571428
 40
-0.5285714285714286
 40
-0.5142857142857144
 40
-0.5000000000000001
 40
-0.4857142857142859
 40
-0.4714285714285716
 40
-0.4571428571428572
 40
-0.442857142857143
 40
-0.4285714285714287
 40
-0.4142857142857145
 40
-0.4000000000000001
 40
-0.3857142857142858
 40
-0.3714285714285715
 40
-0.3571428571428572
 40
-0.3428571428571429
 40
-0.3285714285714286
 40
-0.3142857142857143
 40
-0.3
 40
-0.2857142857142858
 40
-0.2714285714285714
 40
-0.2571428571428572
 40
-0.2428571428571429
 40
-0.2285714285714286
 40
-0.2142857142857143
 40
-0.2
 40
-0.1857142857142857
 40
-0.1714285714285715
 40
-0.1571428571428572
 40
-0.1428571428571429
 40
-0.1285714285714286
 40
-0.1142857142857143
 40
-0.1
 40
-0.0857142857142858
 40
-0.0714285714285714
 40
-0.0571428571428571
 40
-0.0428571428571429
 40
-0.0285714285714286
 40
-0.0142857142857143
 40
0.0
 40
0.0
 40
0.0
 40
0.0
 40
0.0
 40
0.0
 10
82.37209549602084
 20
256.3999498462554
 30
0.0
 41
1.0
 10
82.36951300896725
 20
256.4004758666306
 30
0.0
 41
1.0
 10
82.36434894278408
 20
256.4015214930186
 30
0.0
 41
1.0
 10
82.35660556728635
 20
256.4030706895183
 30
0.0
 41
1.0
 10
82.34628651597814
 20
256.4050977858933
 30
0.0
 41
1.0
 10
82.33339681114193
 20
256.4075674012483
 30
0.0
 41
1.0
 10
82.32051627845795
 20
256.4099726190898
 30
0.0
 41
1.0
 10
82.30764503026694
 20
256.4123132510895
 30
0.0
 41
1.0
 10
82.29478324116826
 20
256.41458906957
 30
0.0
 41
1.0
 10
82.28193116314832
 20
256.4167998143493
 30
0.0
 41
1.0
 10
82.26908910595012
 20
256.4189452002092
 30
0.0
 41
1.0
 10
82.25625741494331
 20
256.4210249245598
 30
0.0
 41
1.0
 10
82.24343644937926
 20
256.4230386757281
 30
0.0
 41
1.0
 10
82.23062656158163
 20
256.4249861408734
 30
0.0
 41
1.0
 10
82.21782807263389
 20
256.4268670160827
 30
0.0
 41
1.0
 10
82.20504127981076
 20
256.428681000576
 30
0.0
 41
1.0
 10
82.19226646894368
 20
256.4304277887659
 30
0.0
 41
1.0
 10
82.17950392527928
 20
256.4321070632759
 30
0.0
 41
1.0
 10
82.16675394413142
 20
256.4337184886262
 30
0.0
 41
1.0
 10
82.15401684350217
 20
256.4352617035893
 30
0.0
 41
1.0
 10
82.14129296074407
 20
256.4367363261145
 30
0.0
 41
1.0
 10
82.12858264541319
 20
256.4381419612673
 30
0.0
 41
1.0
 10
82.11588625302466
 20
256.4394782092068
 30
0.0
 41
1.0
 10
82.10320413907812
 20
256.4407446722544
 30
0.0
 41
1.0
 10
82.09053665099236
 20
256.4419409664342
 30
0.0
 41
1.0
 10
82.07788413294656
 20
256.4430667085817
 30
0.0
 41
1.0
 10
82.06524693449045
 20
256.4441214967255
 30
0.0
 41
1.0
 10
82.05262541828506
 20
256.4451048919109
 30
0.0
 41
1.0
 10
82.04001996700572
 20
256.4460164027714
 30
0.0
 41
1.0
 10
82.02743099332838
 20
256.4468554620653
 30
0.0
 41
1.0
 10
82.01485893200151
 20
256.4476214500555
 30
0.0
 41
1.0
 10
82.00230422583445
 20
256.4483137336911
 30
0.0
 41
1.0
 10
81.98976731246331
 20
256.4489317043335
 30
0.0
 41
1.0
 10
81.97724861314782
 20
256.4494748094003
 30
0.0
 41
1.0
 10
81.96474851424865
 20
256.4499426055918
 30
0.0
 41
1.0
 10
81.95226738694509
 20
256.4503347008486
 30
0.0
 41
1.0
 10
81.93980562112574
 20
256.4506506552489
 30
0.0
 41
1.0
 10
81.92736365708332
 20
256.4508898882732
 30
0.0
 41
1.0
 10
81.9149420124404
 20
256.4510516003729
 30
0.0
 41
1.0
 10
81.90254132523477
 20
256.4511346468289
 30
0.0
 41
1.0
 10
81.89016231218374
 20
256.4511376624996
 30
0.0
 41
1.0
 10
81.87780569439837
 20
256.4510592828528
 30
0.0
 41
1.0
 10
81.8654721275916
 20
256.450898351899
 30
0.0
 41
1.0
 10
81.85316214332761
 20
256.4506540973953
 30
0.0
 41
1.0
 10
81.84087605192781
 20
256.4503264199175
 30
0.0
 41
1.0
 10
81.82861404737469
 20
256.4499155827543
 30
0.0
 41
1.0
 10
81.8163763875691
 20
256.4494216783578
 30
0.0
 41
1.0
 10
81.80416356323439
 20
256.4488441284775
 30
0.0
 41
1.0
 10
81.79197644220312
 20
256.4481812576068
 30
0.0
 41
1.0
 10
81.77981649935828
 20
256.4474296118596
 30
0.0
 41
1.0
 10
81.7676855716245
 20
256.4465846898565
 30
0.0
 41
1.0
 10
81.75558545162221
 20
256.4456421533951
 30
0.0
 41
1.0
 10
81.74351750485584
 20
256.4445989680134
 30
0.0
 41
1.0
 10
81.73148234175915
 20
256.4434543810439
 30
0.0
 41
1.0
 10
81.71947929778616
 20
256.442211469127
 30
0.0
 41
1.0
 10
81.70750707011302
 20
256.4408752544805
 30
0.0
 41
1.0
 10
81.69556468831705
 20
256.4394498305719
 30
0.0
 41
1.0
 10
81.68365243293374
 20
256.4379356420886
 30
0.0
 41
1.0
 10
81.67177264349538
 20
256.4363270937956
 30
0.0
 41
1.0
 10
81.65993092152985
 20
256.4346089852588
 30
0.0
 41
1.0
 10
81.6481345733573
 20
256.432761153027
 30
0.0
 41
1.0
 10
81.63639043674356
 20
256.4307649477969
 30
0.0
 41
1.0
 10
81.62470280377419
 20
256.4286094194886
 30
0.0
 41
1.0
 10
81.61307155796476
 20
256.4262968795138
 30
0.0
 41
1.0
 10
81.60148953664885
 20
256.4238507303771
 30
0.0
 41
1.0
 10
81.58994692034411
 20
256.4213027115784
 30
0.0
 41
1.0
 10
81.57843671180399
 20
256.4186769486951
 30
0.0
 41
1.0
 10
81.56695997045972
 20
256.4159747303365
 30
0.0
 41
1.0
 10
81.55553084917119
 20
256.4131598401818
 30
0.0
 41
1.0
 10
81.54418256366808
 20
256.4101412223608
 30
0.0
 41
1.0
 10
81.5329585217214
 20
256.4067981496228
 30
0.0
 41
1.0
 10
81.52411349117029
 20
256.4037667359898
 30
0.0
 41
1.0
 10
81.51757049406752
 20
256.4012494698045
 30
0.0
 41
1.0
 10
81.51325078463832
 20
256.3994575073284
 30
0.0
 41
1.0
 10
81.51110150216027
 20
256.3985330796195
 30
0.0
 41
1.0
  0
ARC
  5
644
330
70
100
AcDbEntity
  8
Visible
100
AcDbCircle
 10
77.197567
 20
254.536014
 30
0.0
 40
5.499999999998583
100
AcDbArc
 50
16.190287
 51
19.809713
  0
SPLINE
  5
645
330
70
100
AcDbEntity
  8
Visible
100
AcDbSpline
210
0.0
220
0.0
230
1.0
 70
    12
 71
     5
 72
    81
 73
    75
 74
     0
 42
0.000000001
 43
0.0000000001
 40
0.0
 40
0.0
 40
0.0
 40
0.0
 40
0.0
 40
0.0
 40
0.0142857142857143
 40
0.0285714285714286
 40
0.0428571428571429
 40
0.0571428571428571
 40
0.0714285714285714
 40
0.0857142857142858
 40
0.1
 40
0.1142857142857143
 40
0.1285714285714286
 40
0.1428571428571429
 40
0.1571428571428572
 40
0.1714285714285715
 40
0.1857142857142857
 40
0.2
 40
0.2142857142857143
 40
0.2285714285714286
 40
0.2428571428571429
 40
0.2571428571428572
 40
0.2714285714285714
 40
0.2857142857142858
 40
0.3
 40
0.3142857142857143
 40
0.3285714285714286
 40
0.3428571428571429
 40
0.3571428571428572
 40
0.3714285714285715
 40
0.3857142857142858
 40
0.4000000000000001
 40
0.4142857142857145
 40
0.4285714285714287
 40
0.442857142857143
 40
0.4571428571428572
 40
0.4714285714285716
 40
0.4857142857142859
 40
0.5000000000000001
 40
0.5142857142857144
 40
0.5285714285714286
 40
0.5428571428571428
 40
0.5571428571428571
 40
0.5714285714285713
 40
0.5857142857142855
 40
0.5999999999999998
 40
0.614285714285714
 40
0.6285714285714282
 40
0.6428571428571425
 40
0.6571428571428567
 40
0.6714285714285709
 40
0.6857142857142852
 40
0.6999999999999994
 40
0.7142857142857137
 40
0.7285714285714279
 40
0.7428571428571421
 40
0.7571428571428564
 40
0.7714285714285706
 40
0.7857142857142848
 40
0.7999999999999991
 40
0.8142857142857133
 40
0.8285714285714275
 40
0.8428571428571418
 40
0.857142857142856
 40
0.8714285714285702
 40
0.8857142857142845
 40
0.8999999999999987
 40
0.9142857142857129
 40
0.9285714285714272
 40
0.9428571428571414
 40
0.9571428571428556
 40
0.9714285714285699
 40
0.9857142857142841
 40
1.0
 40
1.0
 40
1.0
 40
1.0
 40
1.0
 40
1.0
 10
81.78205097950103
 20
255.5646363338001
 30
0.0
 41
1.0
 10
81.78433315052643
 20
255.5651517726174
 30
0.0
 41
1.0
 10
81.78888115798054
 20
255.5662411060175
 30
0.0
 41
1.0
 10
81.79565416577133
 20
255.5680504720976
 30
0.0
 41
1.0
 10
81.80459176602926
 20
255.5707969854657
 30
0.0
 41
1.0
 10
81.81563721556358
 20
255.5746897091339
 30
0.0
 41
1.0
 10
81.8265924704292
 20
255.5789179508756
 30
0.0
 41
1.0
 10
81.83749337470272
 20
255.5833585258424
 30
0.0
 41
1.0
 10
81.84836657758934
 20
255.5879182445751
 30
0.0
 41
1.0
 10
81.85922191660575
 20
255.5925594886094
 30
0.0
 41
1.0
 10
81.87005777722879
 20
255.597282677737
 30
0.0
 41
1.0
 10
81.88086563968955
 20
255.6021114428349
 30
0.0
 41
1.0
 10
81.89163479210765
 20
255.6070772334479
 30
0.0
 41
1.0
 10
81.90235727355412
 20
255.612203192708
 30
0.0
 41
1.0
 10
81.91303181965395
 20
255.617491259055
 30
0.0
 41
1.0
 10
81.92366139433216
 20
255.6229300508639
 30
0.0
 41
1.0
 10
81.93425142750493
 20
255.6285004613928
 30
0.0
 41
1.0
 10
81.9448078600144
 20
255.634181883519
 30
0.0
 41
1.0
 10
81.95533509472079
 20
255.639958727339
 30
0.0
 41
1.0
 10
81.96583452769756
 20
255.64582509107
 30
0.0
 41
1.0
 10
81.97630567060878
 20
255.6517811695767
 30
0.0
 41
1.0
 10
81.98674690246207
 20
255.6578308449425
 30
0.0
 41
1.0
 10
81.99715632527931
 20
255.6639789460105
 30
0.0
 41
1.0
 10
82.00753266828177
 20
255.6702283524428
 30
0.0
 41
1.0
 10
82.01787588003027
 20
255.6765780965161
 30
0.0
 41
1.0
 10
82.02818663941707
 20
255.683024920675
 30
0.0
 41
1.0
 10
82.03846604611408
 20
255.6895642615645
 30
0.0
 41
1.0
 10
82.04871525986254
 20
255.6961913977757
 30
0.0
 41
1.0
 10
82.05893511760132
 20
255.7029026681393
 30
0.0
 41
1.0
 10
82.06912590207503
 20
255.7096962070454
 30
0.0
 41
1.0
 10
82.07928755616922
 20
255.7165712582391
 30
0.0
 41
1.0
 10
82.08941981689532
 20
255.7235277449235
 30
0.0
 41
1.0
 10
82.0995223725613
 20
255.7305657660854
 30
0.0
 41
1.0
 10
82.10959503054983
 20
255.7376850588871
 30
0.0
 41
1.0
 10
82.1196378147315
 20
255.7448846861225
 30
0.0
 41
1.0
 10
82.12965087409703
 20
255.7521633271608
 30
0.0
 41
1.0
 10
82.13963442730619
 20
255.7595194542118
 30
0.0
 41
1.0
 10
82.14958869693237
 20
255.76695154158
 30
0.0
 41
1.0
 10
82.15951383964329
 20
255.774458288136
 30
0.0
 41
1.0
 10
82.16940990663443
 20
255.782038742781
 30
0.0
 41
1.0
 10
82.17927688292183
 20
255.7896921770689
 30
0.0
 41
1.0
 10
82.18911471166029
 20
255.7974180059227
 30
0.0
 41
1.0
 10
82.19892332300515
 20
255.8052156939866
 30
0.0
 41
1.0
 10
82.20870266494967
 20
255.8130846555278
 30
0.0
 41
1.0
 10
82.21845272148675
 20
255.821024195885
 30
0.0
 41
1.0
 10
82.22817349631077
 20
255.8290335654255
 30
0.0
 41
1.0
 10
82.23786500327879
 20
255.8371119917229
 30
0.0
 41
1.0
 10
82.24752725494363
 20
255.8452587178599
 30
0.0
 41
1.0
 10
82.2571602508624
 20
255.8534730423644
 30
0.0
 41
1.0
 10
82.26676397025949
 20
255.8617543427808
 30
0.0
 41
1.0
 10
82.27633837774737
 20
255.8701020508206
 30
0.0
 41
1.0
 10
82.28588342680813
 20
255.8785156358226
 30
0.0
 41
1.0
 10
82.2953990642145
 20
255.8869945854967
 30
0.0
 41
1.0
 10
82.30488523459099
 20
255.8955383849916
 30
0.0
 41
1.0
 10
82.31434188408547
 20
255.9041465036226
 30
0.0
 41
1.0
 10
82.32376896009737
 20
255.9128184089423
 30
0.0
 41
1.0
 10
82.33316641196962
 20
255.9215535759804
 30
0.0
 41
1.0
 10
82.34253419133983
 20
255.9303514973599
 30
0.0
 41
1.0
 10
82.35187225326445
 20
255.9392116939243
 30
0.0
 41
1.0
 10
82.36118055601947
 20
255.9481337206835
 30
0.0
 41
1.0
 10
82.37045905538343
 20
255.9571171532116
 30
0.0
 41
1.0
 10
82.37970769973435
 20
255.9661615762752
 30
0.0
 41
1.0
 10
82.38892642536757
 20
255.9752665718051
 30
0.0
 41
1.0
 10
82.39811515115434
 20
255.9844317052021
 30
0.0
 41
1.0
 10
82.40727377594339
 20
255.9936565162798
 30
0.0
 41
1.0
 10
82.41640219229067
 20
256.0029405417308
 30
0.0
 41
1.0
 10
82.42550029864379
 20
256.01228333375
 30
0.0
 41
1.0
 10
82.4345680120632
 20
256.0216844795259
 30
0.0
 41
1.0
 10
82.44360528161815
 20
256.0311436204565
 30
0.0
 41
1.0
 10
82.45261209987985
 20
256.0406604697191
 30
0.0
 41
1.0
 10
82.46158848666073
 20
256.0502348089203
 30
0.0
 41
1.0
 10
82.46874527718047
 20
256.0579401505138
 30
0.0
 41
1.0
 10
82.47409920469726
 20
256.0637449187297
 30
0.0
 41
1.0
 10
82.47766241822864
 20
256.0676262101915
 30
0.0
 41
1.0
 10
82.47944250712407
 20
256.0695697174196
 30
0.0
 41
1.0
  0
ARC
  5
646
330
70
100
AcDbEntity
  8
Visible
100
AcDbCircle
 10
77.197567
 20
254.536014
 30
0.0
 40
4.374599999999998
100
AcDbArc
 50
8.454222
 51
9.545778
  0
ARC
  5
647
330
70
100
AcDbEntity
  8
Visible
100
AcDbCircle
 10
77.197567
 20
254.536014
 30
0.0
 40
4.374599999999999
100
AcDbArc
 50
26.454222
 51
27.545778
  0
ARC
  5
648
330
70
100
AcDbEntity
  8
Visible
100
AcDbCircle
 10
77.197567
 20
254.536014
 30
0.0
 40
4.374599999999998
100
AcDbArc
 50
44.454222
 51
45.545778
  0
ARC
  5
649
330
70
100
AcDbEntity
  8
Visible
100
AcDbCircle
 10
77.197567
 20
254.536014
 30
0.0
 40
4.374599999999997
100
AcDbArc
 50
62.454222
 51
63.545778
  0
ARC
  5
64A
330
70
100
AcDbEntity
  8
Visible
100
AcDbCircle
 10
77.197567
 20
254.536014
 30
0.0
 40
4.374599999999998
100
AcDbArc
 50
80.454222
 51
81.545778
  0
ARC
  5
64B
330
70
100
AcDbEntity
  8
Visible
100
AcDbCircle
 10
77.197567
 20
254.536014
 30
0.0
 40
4.374599999999998
100
AcDbArc
 50
98.454222
 51
99.545778
  0
ARC
  5
64C
330
70
100
AcDbEntity
  8
Visible
100
AcDbCircle
 10
77.197567
 20
254.536014
 30
0.0
 40
4.374599999999998
100
AcDbArc
 50
116.454222
 51
117.545778
  0
ARC
  5
64D
330
70
100
AcDbEntity
  8
Visible
100
AcDbCircle
 10
77.197567
 20
254.536014
 30
0.0
 40
4.374599999999999
100
AcDbArc
 50
134.454222
 51
135.545778
  0
ARC
  5
64E
330
70
100
AcDbEntity
  8
Visible
100
AcDbCircle
 10
77.197567
 20
254.536014
 30
0.0
 40
4.374599999999998
100
AcDbArc
 50
152.454222
 51
153.545778
  0
ARC
  5
64F
330
70
100
AcDbEntity
  8
Visible
100
AcDbCircle
 10
77.197567
 20
254.536014
 30
0.0
 40
4.374599999999998
100
AcDbArc
 50
170.454222
 51
171.545778
  0
ARC
  5
650
330
70
100
AcDbEntity
  8
Visible
100
AcDbCircle
 10
77.197567
 20
254.536014
 30
0.0
 40
4.374599999999998
100
AcDbArc
 50
188.454222
 51
189.545778
  0
ARC
  5
651
330
70
100
AcDbEntity
  8
Visible
100
AcDbCircle
 10
77.197567
 20
254.536014
 30
0.0
 40
4.374599999999998
100
AcDbArc
 50
206.454222
 51
207.545778
  0
ARC
  5
652
330
70
100
AcDbEntity
  8
Visible
100
AcDbCircle
 10
77.197567
 20
254.536014
 30
0.0
 40
4.374599999999998
100
AcDbArc
 50
224.454222
 51
225.545778
  0
ARC
  5
653
330
70
100
AcDbEntity
  8
Visible
100
AcDbCircle
 10
77.197567
 20
254.536014
 30
0.0
 40
4.374599999999998
100
AcDbArc
 50
242.454222
 51
243.545778
  0
ARC
  5
654
330
70
100
AcDbEntity
  8
Visible
100
AcDbCircle
 10
77.197567
 20
254.536014
 30
0.0
 40
4.374599999999997
100
AcDbArc
 50
260.454222
 51
261.545778
  0
ARC
  5
655
330
70
100
AcDbEntity
  8
Visible
100
AcDbCircle
 10
77.197567
 20
254.536014
 30
0.0
 40
4.374599999999998
100
AcDbArc
 50
278.454222
 51
279.545778
  0
ARC
  5
656
330
70
100
AcDbEntity
  8
Visible
100
AcDbCircle
 10
77.197567
 20
254.536014
 30
0.0
 40
4.374599999999998
100
AcDbArc
 50
296.454222
 51
297.545778
  0
ARC
  5
657
330
70
100
AcDbEntity
  8
Visible
100
AcDbCircle
 10
77.197567
 20
254.536014
 30
0.0
 40
4.374599999999999
100
AcDbArc
 50
314.454222
 51
315.545778
  0
ARC
  5
658
330
70
100
AcDbEntity
  8
Visible
100
AcDbCircle
 10
77.197567
 20
254.536014
 30
0.0
 40
4.374599999999998
100
AcDbArc
 50
332.454222
 51
333.545778
  0
ARC
  5
659
330
70
100
AcDbEntity
  8
Visible
100
AcDbCircle
 10
81.771915
 20
255.215919
 30
0.0
 40
0.2499999999999999
100
AcDbArc
 50
188.454222
 51
275.27302
  0
LINE
  5
65A
330
70
100
AcDbEntity
  8
Visible
100
AcDbLine
 10
81.875532
 20
254.974419
 30
0.0
 11
81.79489
 21
254.966977
 31
0.0
  0
ARC
  5
65B
330
70
100
AcDbEntity
  8
Visible
100
AcDbCircle
 10
81.771915
 20
253.856109
 30
0.0
 40
0.25
100
AcDbArc
 50
84.72698
 51
171.545778
  0
LINE
  5
65C
330
70
100
AcDbEntity
  8
Visible
100
AcDbLine
 10
81.79489
 20
254.105051
 30
0.0
 11
81.875532
 21
254.097609
 31
0.0
  0
SPLINE
  5
65D
330
70
100
AcDbEntity
  8
Visible
100
AcDbSpline
210
0.0
220
0.0
230
1.0
 70
    12
 71
     5
 72
    81
 73
    75
 74
     0
 42
0.000000001
 43
0.0000000001
 40
-1.0
 40
-1.0
 40
-1.0
 40
-1.0
 40
-1.0
 40
-1.0
 40
-0.9857142857142841
 40
-0.9714285714285699
 40
-0.9571428571428556
 40
-0.9428571428571414
 40
-0.9285714285714272
 40
-0.9142857142857129
 40
-0.8999999999999987
 40
-0.8857142857142845
 40
-0.8714285714285702
 40
-0.857142857142856
 40
-0.8428571428571418
 40
-0.8285714285714275
 40
-0.8142857142857133
 40
-0.7999999999999991
 40
-0.7857142857142848
 40
-0.7714285714285706
 40
-0.7571428571428564
 40
-0.7428571428571421
 40
-0.7285714285714279
 40
-0.7142857142857137
 40
-0.6999999999999994
 40
-0.6857142857142852
 40
-0.6714285714285709
 40
-0.6571428571428567
 40
-0.6428571428571425
 40
-0.6285714285714282
 40
-0.614285714285714
 40
-0.5999999999999998
 40
-0.5857142857142855
 40
-0.5714285714285713
 40
-0.5571428571428571
 40
-0.5428571428571428
 40
-0.5285714285714286
 40
-0.5142857142857144
 40
-0.5000000000000001
 40
-0.4857142857142859
 40
-0.4714285714285716
 40
-0.4571428571428572
 40
-0.442857142857143
 40
-0.4285714285714287
 40
-0.4142857142857145
 40
-0.4000000000000001
 40
-0.3857142857142858
 40
-0.3714285714285715
 40
-0.3571428571428572
 40
-0.3428571428571429
 40
-0.3285714285714286
 40
-0.3142857142857143
 40
-0.3
 40
-0.2857142857142858
 40
-0.2714285714285714
 40
-0.2571428571428572
 40
-0.2428571428571429
 40
-0.2285714285714286
 40
-0.2142857142857143
 40
-0.2
 40
-0.1857142857142857
 40
-0.1714285714285715
 40
-0.1571428571428572
 40
-0.1428571428571429
 40
-0.1285714285714286
 40
-0.1142857142857143
 40
-0.1
 40
-0.0857142857142858
 40
-0.0714285714285714
 40
-0.0571428571428571
 40
-0.0428571428571429
 40
-0.0285714285714286
 40
-0.0142857142857143
 40
0.0
 40
0.0
 40
0.0
 40
0.0
 40
0.0
 40
0.0
 10
82.6948238960549
 20
254.7097051468236
 30
0.0
 41
1.0
 10
82.69253035414932
 20
254.7110034543166
 30
0.0
 41
1.0
 10
82.68794215167872
 20
254.7135936883178
 30
0.0
 41
1.0
 10
82.6810564919997
 20
254.7174598963666
 30
0.0
 41
1.0
 10
82.67186889824007
 20
254.7225765418034
 30
0.0
 41
1.0
 10
82.66037321357634
 20
254.7289084234262
 30
0.0
 41
1.0
 10
82.64886635222319
 20
254.7351762250237
 30
0.0
 41
1.0
 10
82.6373483628231
 20
254.741379732769
 30
0.0
 41
1.0
 10
82.62581934107675
 20
254.747518676174
 30
0.0
 41
1.0
 10
82.61427944623482
 20
254.7535927299241
 30
0.0
 41
1.0
 10
82.60272888474355
 20
254.7596015270428
 30
0.0
 41
1.0
 10
82.5911678915645
 20
254.765544673026
 30
0.0
 41
1.0
 10
82.57959671205298
 20
254.7714217604407
 30
0.0
 41
1.0
 10
82.56801558461575
 20
254.7772323828831
 30
0.0
 41
1.0
 10
82.55642472070759
 20
254.7829761520943
 30
0.0
 41
1.0
 10
82.54482431010728
 20
254.788652690153
 30
0.0
 41
1.0
 10
82.53321453022271
 20
254.7942616181017
 30
0.0
 41
1.0
 10
82.52159555426805
 20
254.7998025459501
 30
0.0
 41
1.0
 10
82.50996755943379
 20
254.8052750633833
 30
0.0
 41
1.0
 10
82.49833073653098
 20
254.8106787285824
 30
0.0
 41
1.0
 10
82.48668528834242
 20
254.8160130739516
 30
0.0
 41
1.0
 10
82.47503142527239
 20
254.8212776158643
 30
0.0
 41
1.0
 10
82.46336936187981
 20
254.8264718641894
 30
0.0
 41
1.0
 10
82.45169931337477
 20
254.8315953308574
 30
0.0
 41
1.0
 10
82.44002149151766
 20
254.8366475433277
 30
0.0
 41
1.0
 10
82.42833610523758
 20
254.8416280308302
 30
0.0
 41
1.0
 10
82.41664336276063
 20
254.8465363030518
 30
0.0
 41
1.0
 10
82.40494347335152
 20
254.8513718304539
 30
0.0
 41
1.0
 10
82.39323664911808
 20
254.8561340274637
 30
0.0
 41
1.0
 10
82.38152310725036
 20
254.8608222270814
 30
0.0
 41
1.0
 10
82.36980306970782
 20
254.8654357055548
 30
0.0
 41
1.0
 10
82.35807676200693
 20
254.8699737239822
 30
0.0
 41
1.0
 10
82.34634441228081
 20
254.8744355682775
 30
0.0
 41
1.0
 10
82.33460625041606
 20
254.8788205827259
 30
0.0
 41
1.0
 10
82.32286250687776
 20
254.8831282263336
 30
0.0
 41
1.0
 10
82.31111341352244
 20
254.8873580115287
 30
0.0
 41
1.0
 10
82.29935920521439
 20
254.8915093994374
 30
0.0
 41
1.0
 10
82.28760012130624
 20
254.8955817018968
 30
0.0
 41
1.0
 10
82.27583640701231
 20
254.8995739985366
 30
0.0
 41
1.0
 10
82.2640683154059
 20
254.9034850034977
 30
0.0
 41
1.0
 10
82.25229610627229
 20
254.9073131969771
 30
0.0
 41
1.0
 10
82.24052004376517
 20
254.9110570583916
 30
0.0
 41
1.0
 10
82.22874039428461
 20
254.9147152857049
 30
0.0
 41
1.0
 10
82.21695742474185
 20
254.9182869802053
 30
0.0
 41
1.0
 10
82.20517139954699
 20
254.9217719514418
 30
0.0
 41
1.0
 10
82.1933825845481
 20
254.9251703898726
 30
0.0
 41
1.0
 10
82.18159125359397
 20
254.9284823037297
 30
0.0
 41
1.0
 10
82.16979769469981
 20
254.9317069914205
 30
0.0
 41
1.0
 10
82.15800221546396
 20
254.9348425912703
 30
0.0
 41
1.0
 10
82.14620515127444
 20
254.9378853626749
 30
0.0
 41
1.0
 10
82.13440685814749
 20
254.9408304569251
 30
0.0
 41
1.0
 10
82.12260770038573
 20
254.943673194196
 30
0.0
 41
1.0
 10
82.11080803896493
 20
254.9464102665798
 30
0.0
 41
1.0
 10
82.09900822185137
 20
254.9490407696103
 30
0.0
 41
1.0
 10
82.08720856776016
 20
254.9515678347043
 30
0.0
 41
1.0
 10
82.07540938958391
 20
254.9539966408693
 30
0.0
 41
1.0
 10
82.06361102934534
 20
254.9563313811013
 30
0.0
 41
1.0
 10
82.05181389126483
 20
254.9585723916316
 30
0.0
 41
1.0
 10
82.04001847134804
 20
254.960713628122
 30
0.0
 41
1.0
 10
82.02822539977296
 20
254.9627389031321
 30
0.0
 41
1.0
 10
82.01643539441192
 20
254.9646267823046
 30
0.0
 41
1.0
 10
82.00464919541719
 20
254.9663574161105
 30
0.0
 41
1.0
 10
81.99286750104239
 20
254.9679190640773
 30
0.0
 41
1.0
 10
81.98109091476998
 20
254.9693139604869
 30
0.0
 41
1.0
 10
81.96931985627271
 20
254.9705665758256
 30
0.0
 41
1.0
 10
81.95755479470973
 20
254.9717101305414
 30
0.0
 41
1.0
 10
81.94579653051915
 20
254.9727697316884
 30
0.0
 41
1.0
 10
81.93404646948328
 20
254.9737462774265
 30
0.0
 41
1.0
 10
81.92230688031122
 20
254.9746009505106
 30
0.0
 41
1.0
 10
81.91058121522837
 20
254.9752368874397
 30
0.0
 41
1.0
 10
81.89887345070564
 20
254.9755258560344
 30
0.0
 41
1.0
 10
81.88952456843436
 20
254.9753760751009
 30
0.0
 41
1.0
 10
81.88252393037236
 20
254.9750039099917
 30
0.0
 41
1.0
 10
81.87786189571397
 20
254.9746345160256
 30
0.0
 41
1.0
 10
81.87553214273521
 20
254.9744194978412
 30
0.0
 41
1.0
  0
ARC
  5
65E
330
70
100
AcDbEntity
  8
Visible
100
AcDbCircle
 10
77.197567
 20
254.536014
 30
0.0
 40
5.499999999998582
100
AcDbArc
 50
358.190287
 51
1.809713
  0
SPLINE
  5
65F
330
70
100
AcDbEntity
  8
Visible
100
AcDbSpline
210
0.0
220
0.0
230
1.0
 70
    12
 71
     5
 72
    81
 73
    75
 74
     0
 42
0.000000001
 43
0.0000000001
 40
0.0
 40
0.0
 40
0.0
 40
0.0
 40
0.0
 40
0.0
 40
0.0142857142857143
 40
0.0285714285714286
 40
0.0428571428571429
 40
0.0571428571428571
 40
0.0714285714285714
 40
0.0857142857142858
 40
0.1
 40
0.1142857142857143
 40
0.1285714285714286
 40
0.1428571428571429
 40
0.1571428571428572
 40
0.1714285714285715
 40
0.1857142857142857
 40
0.2
 40
0.2142857142857143
 40
0.2285714285714286
 40
0.2428571428571429
 40
0.2571428571428572
 40
0.2714285714285714
 40
0.2857142857142858
 40
0.3
 40
0.3142857142857143
 40
0.3285714285714286
 40
0.3428571428571429
 40
0.3571428571428572
 40
0.3714285714285715
 40
0.3857142857142858
 40
0.4000000000000001
 40
0.4142857142857145
 40
0.4285714285714287
 40
0.442857142857143
 40
0.4571428571428572
 40
0.4714285714285716
 40
0.4857142857142859
 40
0.5000000000000001
 40
0.5142857142857144
 40
0.5285714285714286
 40
0.5428571428571428
 40
0.5571428571428571
 40
0.5714285714285713
 40
0.5857142857142855
 40
0.5999999999999998
 40
0.614285714285714
 40
0.6285714285714282
 40
0.6428571428571425
 40
0.6571428571428567
 40
0.6714285714285709
 40
0.6857142857142852
 40
0.6999999999999994
 40
0.7142857142857137
 40
0.7285714285714279
 40
0.7428571428571421
 40
0.7571428571428564
 40
0.7714285714285706
 40
0.7857142857142848
 40
0.7999999999999991
 40
0.8142857142857133
 40
0.8285714285714275
 40
0.8428571428571418
 40
0.857142857142856
 40
0.8714285714285702
 40
0.8857142857142845
 40
0.8999999999999987
 40
0.9142857142857129
 40
0.9285714285714272
 40
0.9428571428571414
 40
0.9571428571428556
 40
0.9714285714285699
 40
0.9857142857142841
 40
1.0
 40
1.0
 40
1.0
 40
1.0
 40
1.0
 40
1.0
 10
81.87553214273521
 20
254.097608570697
 30
0.0
 41
1.0
 10
81.87786189571397
 20
254.0973935525126
 30
0.0
 41
1.0
 10
81.88252393037236
 20
254.0970241585465
 30
0.0
 41
1.0
 10
81.88952456843436
 20
254.0966519934372
 30
0.0
 41
1.0
 10
81.89887345070564
 20
254.0965022125038
 30
0.0
 41
1.0
 10
81.91058121522837
 20
254.0967911810985
 30
0.0
 41
1.0
 10
81.92230688031122
 20
254.0974271180275
 30
0.0
 41
1.0
 10
81.93404646948328
 20
254.0982817911118
 30
0.0
 41
1.0
 10
81.94579653051915
 20
254.0992583368498
 30
0.0
 41
1.0
 10
81.95755479470973
 20
254.1003179379968
 30
0.0
 41
1.0
 10
81.96931985627271
 20
254.1014614927126
 30
0.0
 41
1.0
 10
81.98109091476998
 20
254.1027141080513
 30
0.0
 41
1.0
 10
81.99286750104239
 20
254.1041090044609
 30
0.0
 41
1.0
 10
82.00464919541719
 20
254.1056706524277
 30
0.0
 41
1.0
 10
82.01643539441192
 20
254.1074012862337
 30
0.0
 41
1.0
 10
82.02822539977296
 20
254.1092891654062
 30
0.0
 41
1.0
 10
82.04001847134804
 20
254.1113144404162
 30
0.0
 41
1.0
 10
82.05181389126483
 20
254.1134556769066
 30
0.0
 41
1.0
 10
82.06361102934534
 20
254.1156966874368
 30
0.0
 41
1.0
 10
82.07540938958391
 20
254.1180314276689
 30
0.0
 41
1.0
 10
82.08720856776016
 20
254.1204602338339
 30
0.0
 41
1.0
 10
82.09900822185137
 20
254.1229872989279
 30
0.0
 41
1.0
 10
82.11080803896493
 20
254.1256178019585
 30
0.0
 41
1.0
 10
82.12260770038573
 20
254.1283548743422
 30
0.0
 41
1.0
 10
82.13440685814749
 20
254.131197611613
 30
0.0
 41
1.0
 10
82.14620515127444
 20
254.1341427058632
 30
0.0
 41
1.0
 10
82.15800221546396
 20
254.1371854772679
 30
0.0
 41
1.0
 10
82.16979769469981
 20
254.1403210771177
 30
0.0
 41
1.0
 10
82.18159125359397
 20
254.1435457648085
 30
0.0
 41
1.0
 10
82.1933825845481
 20
254.1468576786656
 30
0.0
 41
1.0
 10
82.20517139954699
 20
254.1502561170964
 30
0.0
 41
1.0
 10
82.21695742474185
 20
254.1537410883329
 30
0.0
 41
1.0
 10
82.22874039428461
 20
254.1573127828333
 30
0.0
 41
1.0
 10
82.24052004376517
 20
254.1609710101466
 30
0.0
 41
1.0
 10
82.25229610627229
 20
254.1647148715611
 30
0.0
 41
1.0
 10
82.2640683154059
 20
254.1685430650405
 30
0.0
 41
1.0
 10
82.27583640701231
 20
254.1724540700016
 30
0.0
 41
1.0
 10
82.28760012130624
 20
254.1764463666414
 30
0.0
 41
1.0
 10
82.29935920521439
 20
254.1805186691008
 30
0.0
 41
1.0
 10
82.31111341352244
 20
254.1846700570095
 30
0.0
 41
1.0
 10
82.32286250687776
 20
254.1888998422046
 30
0.0
 41
1.0
 10
82.33460625041606
 20
254.1932074858123
 30
0.0
 41
1.0
 10
82.34634441228081
 20
254.1975925002607
 30
0.0
 41
1.0
 10
82.35807676200693
 20
254.202054344556
 30
0.0
 41
1.0
 10
82.36980306970782
 20
254.2065923629834
 30
0.0
 41
1.0
 10
82.38152310725036
 20
254.2112058414568
 30
0.0
 41
1.0
 10
82.39323664911808
 20
254.2158940410745
 30
0.0
 41
1.0
 10
82.40494347335152
 20
254.2206562380843
 30
0.0
 41
1.0
 10
82.41664336276063
 20
254.2254917654864
 30
0.0
 41
1.0
 10
82.42833610523758
 20
254.230400037708
 30
0.0
 41
1.0
 10
82.44002149151766
 20
254.2353805252105
 30
0.0
 41
1.0
 10
82.45169931337477
 20
254.2404327376807
 30
0.0
 41
1.0
 10
82.46336936187981
 20
254.2455562043488
 30
0.0
 41
1.0
 10
82.47503142527239
 20
254.2507504526739
 30
0.0
 41
1.0
 10
82.48668528834242
 20
254.2560149945866
 30
0.0
 41
1.0
 10
82.49833073653098
 20
254.2613493399558
 30
0.0
 41
1.0
 10
82.50996755943379
 20
254.2667530051549
 30
0.0
 41
1.0
 10
82.52159555426805
 20
254.2722255225881
 30
0.0
 41
1.0
 10
82.53321453022271
 20
254.2777664504365
 30
0.0
 41
1.0
 10
82.54482431010728
 20
254.2833753783853
 30
0.0
 41
1.0
 10
82.55642472070759
 20
254.2890519164439
 30
0.0
 41
1.0
 10
82.56801558461575
 20
254.2947956856551
 30
0.0
 41
1.0
 10
82.57959671205298
 20
254.3006063080975
 30
0.0
 41
1.0
 10
82.5911678915645
 20
254.3064833955122
 30
0.0
 41
1.0
 10
82.60272888474355
 20
254.3124265414954
 30
0.0
 41
1.0
 10
82.61427944623482
 20
254.3184353386141
 30
0.0
 41
1.0
 10
82.62581934107675
 20
254.3245093923642
 30
0.0
 41
1.0
 10
82.6373483628231
 20
254.3306483357692
 30
0.0
 41
1.0
 10
82.64886635222319
 20
254.3368518435145
 30
0.0
 41
1.0
 10
82.66037321357634
 20
254.343119645112
 30
0.0
 41
1.0
 10
82.67186889824007
 20
254.3494515267348
 30
0.0
 41
1.0
 10
82.6810564919997
 20
254.3545681721716
 30
0.0
 41
1.0
 10
82.68794215167872
 20
254.3584343802204
 30
0.0
 41
1.0
 10
82.69253035414932
 20
254.3610246142216
 30
0.0
 41
1.0
 10
82.6948238960549
 20
254.3623229217146
 30
0.0
 41
1.0
  0
ARC
  5
660
330
70
100
AcDbEntity
  8
Visible
100
AcDbCircle
 10
77.197567
 20
254.536014
 30
0.0
 40
4.374599999999997
100
AcDbArc
 50
350.454222
 51
351.545778
  0
CIRCLE
  5
661
330
70
100
AcDbEntity
  8
Visible
100
AcDbCircle
 10
-88.647151
 20
254.555486
 30
0.0
 40
1.549999999999999
210
0.0
220
0.0
230
-1.0
  0
ARC
  5
662
330
70
100
AcDbEntity
  8
Visible
100
AcDbCircle
 10
93.207716
 20
253.788563
 30
0.0
 40
0.25
100
AcDbArc
 50
170.454222
 51
257.27302
  0
LINE
  5
663
330
70
100
AcDbEntity
  8
Visible
100
AcDbLine
 10
93.231634
 20
253.526864
 30
0.0
 11
93.152639
 21
253.544705
 31
0.0
  0
ARC
  5
664
330
70
100
AcDbEntity
  8
Visible
100
AcDbCircle
 10
92.787511
 20
252.495307
 30
0.0
 40
0.2499999999999999
100
AcDbArc
 50
66.72698
 51
153.545778
  0
LINE
  5
665
330
70
100
AcDbEntity
  8
Visible
100
AcDbLine
 10
92.88629
 20
252.724965
 30
0.0
 11
92.960685
 21
252.692967
 31
0.0
  0
ARC
  5
666
330
70
100
AcDbEntity
  8
Visible
100
AcDbCircle
 10
92.747514
 20
252.416807
 30
0.0
 40
0.25
100
AcDbArc
 50
152.454222
 51
239.27302
  0
LINE
  5
667
330
70
100
AcDbEntity
  8
Visible
100
AcDbLine
 10
92.689392
 20
252.160525
 30
0.0
 11
92.619777
 21
252.201904
 31
0.0
  0
ARC
  5
668
330
70
100
AcDbEntity
  8
Visible
100
AcDbCircle
 10
91.948237
 20
251.316698
 30
0.0
 40
0.2499999999999999
100
AcDbArc
 50
48.72698
 51
135.545778
  0
LINE
  5
669
330
70
100
AcDbEntity
  8
Visible
100
AcDbLine
 10
92.113149
 20
251.504591
 30
0.0
 11
92.174016
 21
251.45117
 31
0.0
  0
ARC
  5
66A
330
70
100
AcDbEntity
  8
Visible
100
AcDbCircle
 10
91.885939
 20
251.254399
 30
0.0
 40
0.25
100
AcDbArc
 50
134.454222
 51
221.27302
  0
LINE
  5
66B
330
70
100
AcDbEntity
  8
Visible
100
AcDbLine
 10
91.751467
 20
251.028621
 30
0.0
 11
91.698045
 21
251.089487
 31
0.0
  0
ARC
  5
66C
330
70
100
AcDbEntity
  8
Visible
100
AcDbCircle
 10
90.78583
 20
250.455123
 30
0.0
 40
0.25
100
AcDbArc
 50
30.72698
 51
117.545778
  0
LINE
  5
66D
330
70
100
AcDbEntity
  8
Visible
100
AcDbLine
 10
91.000733
 20
250.58286
 30
0.0
 11
91.042112
 21
250.513245
 31
0.0
  0
ARC
  5
66E
330
70
100
AcDbEntity
  8
Visible
100
AcDbCircle
 10
90.70733
 20
250.415125
 30
0.0
 40
0.2499999999999999
100
AcDbArc
 50
116.454222
 51
203.27302
  0
LINE
  5
66F
330
70
100
AcDbEntity
  8
Visible
100
AcDbLine
 10
90.50967
 20
250.241952
 30
0.0
 11
90.477672
 21
250.316347
 31
0.0
  0
ARC
  5
670
330
70
100
AcDbEntity
  8
Visible
100
AcDbCircle
 10
89.414074
 20
249.994921
 30
0.0
 40
0.2499999999999999
100
AcDbArc
 50
12.72698
 51
99.545778
  0
LINE
  5
671
330
70
100
AcDbEntity
  8
Visible
100
AcDbLine
 10
89.657932
 20
250.049997
 30
0.0
 11
89.675773
 21
249.971002
 31
0.0
  0
ARC
  5
672
330
70
100
AcDbEntity
  8
Visible
100
AcDbCircle
 10
89.327055
 20
249.981139
 30
0.0
 40
0.2499999999999999
100
AcDbArc
 50
98.454222
 51
185.27302
  0
LINE
  5
673
330
70
100
AcDbEntity
  8
Visible
100
AcDbLine
 10
89.085556
 20
249.877521
 30
0.0
 11
89.078113
 21
249.958163
 31
0.0
  0
ARC
  5
674
330
70
100
AcDbEntity
  8
Visible
100
AcDbCircle
 10
87.967246
 20
249.981139
 30
0.0
 40
0.25
100
AcDbArc
 50
354.72698
 51
81.545778
  0
LINE
  5
675
330
70
100
AcDbEntity
  8
Visible
100
AcDbLine
 10
88.216188
 20
249.958163
 30
0.0
 11
88.208745
 21
249.877521
 31
0.0
  0
ARC
  5
676
330
70
100
AcDbEntity
  8
Visible
100
AcDbCircle
 10
87.880227
 20
249.994921
 30
0.0
 40
0.2499999999999999
100
AcDbArc
 50
80.454222
 51
167.27302
  0
LINE
  5
677
330
70
100
AcDbEntity
  8
Visible
100
AcDbLine
 10
87.618528
 20
249.971002
 30
0.0
 11
87.63637
 21
250.049997
 31
0.0
  0
ARC
  5
678
330
70
100
AcDbEntity
  8
Visible
100
AcDbCircle
 10
86.586972
 20
250.415125
 30
0.0
 40
0.2499999999999999
100
AcDbArc
 50
336.72698
 51
63.545778
  0
LINE
  5
679
330
70
100
AcDbEntity
  8
Visible
100
AcDbLine
 10
86.81663
 20
250.316347
 30
0.0
 11
86.784632
 21
250.241952
 31
0.0
  0
ARC
  5
67A
330
70
100
AcDbEntity
  8
Visible
100
AcDbCircle
 10
86.508471
 20
250.455123
 30
0.0
 40
0.2499999999999999
100
AcDbArc
 50
62.454222
 51
149.27302
  0
LINE
  5
67B
330
70
100
AcDbEntity
  8
Visible
100
AcDbLine
 10
86.252189
 20
250.513245
 30
0.0
 11
86.293568
 21
250.58286
 31
0.0
  0
ARC
  5
67C
330
70
100
AcDbEntity
  8
Visible
100
AcDbCircle
 10
85.408362
 20
251.254399
 30
0.0
 40
0.2499999999999999
100
AcDbArc
 50
318.72698
 51
45.545778
  0
LINE
  5
67D
330
70
100
AcDbEntity
  8
Visible
100
AcDbLine
 10
85.596256
 20
251.089487
 30
0.0
 11
85.542834
 21
251.028621
 31
0.0
  0
ARC
  5
67E
330
70
100
AcDbEntity
  8
Visible
100
AcDbCircle
 10
85.346064
 20
251.316698
 30
0.0
 40
0.25
100
AcDbArc
 50
44.454222
 51
131.27302
  0
LINE
  5
67F
330
70
100
AcDbEntity
  8
Visible
100
AcDbLine
 10
85.120286
 20
251.45117
 30
0.0
 11
85.181152
 21
251.504591
 31
0.0
  0
ARC
  5
680
330
70
100
AcDbEntity
  8
Visible
100
AcDbCircle
 10
84.546788
 20
252.416807
 30
0.0
 40
0.25
100
AcDbArc
 50
300.72698
 51
27.545778
  0
LINE
  5
681
330
70
100
AcDbEntity
  8
Visible
100
AcDbLine
 10
84.674525
 20
252.201904
 30
0.0
 11
84.604909
 21
252.160525
 31
0.0
  0
ARC
  5
682
330
70
100
AcDbEntity
  8
Visible
100
AcDbCircle
 10
84.50679
 20
252.495307
 30
0.0
 40
0.2499999999999999
100
AcDbArc
 50
26.454222
 51
113.27302
  0
LINE
  5
683
330
70
100
AcDbEntity
  8
Visible
100
AcDbLine
 10
84.333616
 20
252.692967
 30
0.0
 11
84.408012
 21
252.724965
 31
0.0
  0
ARC
  5
684
330
70
100
AcDbEntity
  8
Visible
100
AcDbCircle
 10
84.086586
 20
253.788563
 30
0.0
 40
0.25
100
AcDbArc
 50
282.72698
 51
9.545778
  0
LINE
  5
685
330
70
100
AcDbEntity
  8
Visible
100
AcDbLine
 10
84.141662
 20
253.544705
 30
0.0
 11
84.062667
 21
253.526864
 31
0.0
  0
ARC
  5
686
330
70
100
AcDbEntity
  8
Visible
100
AcDbCircle
 10
84.072803
 20
253.875581
 30
0.0
 40
0.25
100
AcDbArc
 50
8.454222
 51
95.27302
  0
LINE
  5
687
330
70
100
AcDbEntity
  8
Visible
100
AcDbLine
 10
83.969186
 20
254.117081
 30
0.0
 11
84.049828
 21
254.124523
 31
0.0
  0
ARC
  5
688
330
70
100
AcDbEntity
  8
Visible
100
AcDbCircle
 10
84.072803
 20
255.235391
 30
0.0
 40
0.25
100
AcDbArc
 50
264.72698
 51
351.545778
  0
LINE
  5
689
330
70
100
AcDbEntity
  8
Visible
100
AcDbLine
 10
84.049828
 20
254.986449
 30
0.0
 11
83.969186
 21
254.993892
 31
0.0
  0
ARC
  5
68A
330
70
100
AcDbEntity
  8
Visible
100
AcDbCircle
 10
84.086586
 20
255.322409
 30
0.0
 40
0.2499999999999999
100
AcDbArc
 50
350.454222
 51
77.27302
  0
LINE
  5
68B
330
70
100
AcDbEntity
  8
Visible
100
AcDbLine
 10
84.062667
 20
255.584108
 30
0.0
 11
84.141662
 21
255.566267
 31
0.0
  0
ARC
  5
68C
330
70
100
AcDbEntity
  8
Visible
100
AcDbCircle
 10
84.50679
 20
256.615665
 30
0.0
 40
0.2499999999999999
100
AcDbArc
 50
246.72698
 51
333.545778
  0
LINE
  5
68D
330
70
100
AcDbEntity
  8
Visible
100
AcDbLine
 10
84.408012
 20
256.386007
 30
0.0
 11
84.333616
 21
256.418005
 31
0.0
  0
ARC
  5
68E
330
70
100
AcDbEntity
  8
Visible
100
AcDbCircle
 10
84.546788
 20
256.694166
 30
0.0
 40
0.2499999999999999
100
AcDbArc
 50
332.454222
 51
59.27302
  0
LINE
  5
68F
330
70
100
AcDbEntity
  8
Visible
100
AcDbLine
 10
84.604909
 20
256.950447
 30
0.0
 11
84.674525
 21
256.909068
 31
0.0
  0
ARC
  5
690
330
70
100
AcDbEntity
  8
Visible
100
AcDbCircle
 10
85.346064
 20
257.794275
 30
0.0
 40
0.25
100
AcDbArc
 50
228.72698
 51
315.545778
  0
LINE
  5
691
330
70
100
AcDbEntity
  8
Visible
100
AcDbLine
 10
85.181152
 20
257.606381
 30
0.0
 11
85.120286
 21
257.659802
 31
0.0
  0
ARC
  5
692
330
70
100
AcDbEntity
  8
Visible
100
AcDbCircle
 10
85.408362
 20
257.856573
 30
0.0
 40
0.2499999999999999
100
AcDbArc
 50
314.454222
 51
41.27302
  0
LINE
  5
693
330
70
100
AcDbEntity
  8
Visible
100
AcDbLine
 10
85.542834
 20
258.082351
 30
0.0
 11
85.596256
 21
258.021485
 31
0.0
  0
ARC
  5
694
330
70
100
AcDbEntity
  8
Visible
100
AcDbCircle
 10
86.508471
 20
258.655849
 30
0.0
 40
0.2499999999999999
100
AcDbArc
 50
210.72698
 51
297.545778
  0
LINE
  5
695
330
70
100
AcDbEntity
  8
Visible
100
AcDbLine
 10
86.293568
 20
258.528112
 30
0.0
 11
86.252189
 21
258.597728
 31
0.0
  0
ARC
  5
696
330
70
100
AcDbEntity
  8
Visible
100
AcDbCircle
 10
86.586972
 20
258.695847
 30
0.0
 40
0.2499999999999999
100
AcDbArc
 50
296.454222
 51
23.27302
  0
LINE
  5
697
330
70
100
AcDbEntity
  8
Visible
100
AcDbLine
 10
86.784632
 20
258.86902
 30
0.0
 11
86.81663
 21
258.794625
 31
0.0
  0
ARC
  5
698
330
70
100
AcDbEntity
  8
Visible
100
AcDbCircle
 10
87.880227
 20
259.116051
 30
0.0
 40
0.25
100
AcDbArc
 50
192.72698
 51
279.545778
  0
LINE
  5
699
330
70
100
AcDbEntity
  8
Visible
100
AcDbLine
 10
87.63637
 20
259.060975
 30
0.0
 11
87.618528
 21
259.13997
 31
0.0
  0
ARC
  5
69A
330
70
100
AcDbEntity
  8
Visible
100
AcDbCircle
 10
87.967246
 20
259.129834
 30
0.0
 40
0.2499999999999999
100
AcDbArc
 50
278.454222
 51
5.27302
  0
LINE
  5
69B
330
70
100
AcDbEntity
  8
Visible
100
AcDbLine
 10
88.208745
 20
259.233451
 30
0.0
 11
88.216188
 21
259.152809
 31
0.0
  0
ARC
  5
69C
330
70
100
AcDbEntity
  8
Visible
100
AcDbCircle
 10
89.327055
 20
259.129834
 30
0.0
 40
0.25
100
AcDbArc
 50
174.72698
 51
261.545778
  0
LINE
  5
69D
330
70
100
AcDbEntity
  8
Visible
100
AcDbLine
 10
89.078113
 20
259.152809
 30
0.0
 11
89.085556
 21
259.233451
 31
0.0
  0
ARC
  5
69E
330
70
100
AcDbEntity
  8
Visible
100
AcDbCircle
 10
89.414074
 20
259.116051
 30
0.0
 40
0.25
100
AcDbArc
 50
260.454222
 51
347.27302
  0
LINE
  5
69F
330
70
100
AcDbEntity
  8
Visible
100
AcDbLine
 10
89.675773
 20
259.13997
 30
0.0
 11
89.657932
 21
259.060975
 31
0.0
  0
ARC
  5
6A0
330
70
100
AcDbEntity
  8
Visible
100
AcDbCircle
 10
90.70733
 20
258.695847
 30
0.0
 40
0.25
100
AcDbArc
 50
156.72698
 51
243.545778
  0
LINE
  5
6A1
330
70
100
AcDbEntity
  8
Visible
100
AcDbLine
 10
90.477672
 20
258.794625
 30
0.0
 11
90.50967
 21
258.86902
 31
0.0
  0
ARC
  5
6A2
330
70
100
AcDbEntity
  8
Visible
100
AcDbCircle
 10
90.78583
 20
258.655849
 30
0.0
 40
0.2499999999999999
100
AcDbArc
 50
242.454222
 51
329.27302
  0
LINE
  5
6A3
330
70
100
AcDbEntity
  8
Visible
100
AcDbLine
 10
91.042112
 20
258.597728
 30
0.0
 11
91.000733
 21
258.528112
 31
0.0
  0
ARC
  5
6A4
330
70
100
AcDbEntity
  8
Visible
100
AcDbCircle
 10
91.885939
 20
257.856573
 30
0.0
 40
0.25
100
AcDbArc
 50
138.72698
 51
225.545778
  0
LINE
  5
6A5
330
70
100
AcDbEntity
  8
Visible
100
AcDbLine
 10
91.698045
 20
258.021485
 30
0.0
 11
91.751467
 21
258.082351
 31
0.0
  0
ARC
  5
6A6
330
70
100
AcDbEntity
  8
Visible
100
AcDbCircle
 10
91.948237
 20
257.794275
 30
0.0
 40
0.25
100
AcDbArc
 50
224.454222
 51
311.27302
  0
LINE
  5
6A7
330
70
100
AcDbEntity
  8
Visible
100
AcDbLine
 10
92.174016
 20
257.659802
 30
0.0
 11
92.113149
 21
257.606381
 31
0.0
  0
ARC
  5
6A8
330
70
100
AcDbEntity
  8
Visible
100
AcDbCircle
 10
92.747514
 20
256.694166
 30
0.0
 40
0.25
100
AcDbArc
 50
120.72698
 51
207.545778
  0
LINE
  5
6A9
330
70
100
AcDbEntity
  8
Visible
100
AcDbLine
 10
92.619777
 20
256.909068
 30
0.0
 11
92.689392
 21
256.950447
 31
0.0
  0
ARC
  5
6AA
330
70
100
AcDbEntity
  8
Visible
100
AcDbCircle
 10
92.787511
 20
256.615665
 30
0.0
 40
0.2499999999999999
100
AcDbArc
 50
206.454222
 51
293.27302
  0
LINE
  5
6AB
330
70
100
AcDbEntity
  8
Visible
100
AcDbLine
 10
92.960685
 20
256.418005
 30
0.0
 11
92.88629
 21
256.386007
 31
0.0
  0
ARC
  5
6AC
330
70
100
AcDbEntity
  8
Visible
100
AcDbCircle
 10
93.207716
 20
255.322409
 30
0.0
 40
0.2499999999999999
100
AcDbArc
 50
102.72698
 51
189.545778
  0
LINE
  5
6AD
330
70
100
AcDbEntity
  8
Visible
100
AcDbLine
 10
93.152639
 20
255.566267
 30
0.0
 11
93.231634
 21
255.584108
 31
0.0
  0
SPLINE
  5
6AE
330
70
100
AcDbEntity
  8
Visible
100
AcDbSpline
210
0.0
220
0.0
230
1.0
 70
    12
 71
     5
 72
    81
 73
    75
 74
     0
 42
0.000000001
 43
0.0000000001
 40
-1.0
 40
-1.0
 40
-1.0
 40
-1.0
 40
-1.0
 40
-1.0
 40
-0.9857142857142841
 40
-0.9714285714285699
 40
-0.9571428571428556
 40
-0.9428571428571414
 40
-0.9285714285714272
 40
-0.9142857142857129
 40
-0.8999999999999987
 40
-0.8857142857142845
 40
-0.8714285714285702
 40
-0.857142857142856
 40
-0.8428571428571418
 40
-0.8285714285714275
 40
-0.8142857142857133
 40
-0.7999999999999991
 40
-0.7857142857142848
 40
-0.7714285714285706
 40
-0.7571428571428564
 40
-0.7428571428571421
 40
-0.7285714285714279
 40
-0.7142857142857137
 40
-0.6999999999999994
 40
-0.6857142857142852
 40
-0.6714285714285709
 40
-0.6571428571428567
 40
-0.6428571428571425
 40
-0.6285714285714282
 40
-0.614285714285714
 40
-0.5999999999999998
 40
-0.5857142857142855
 40
-0.5714285714285713
 40
-0.5571428571428571
 40
-0.5428571428571428
 40
-0.5285714285714286
 40
-0.5142857142857144
 40
-0.5000000000000001
 40
-0.4857142857142859
 40
-0.4714285714285716
 40
-0.4571428571428572
 40
-0.442857142857143
 40
-0.4285714285714287
 40
-0.4142857142857145
 40
-0.4000000000000001
 40
-0.3857142857142858
 40
-0.3714285714285715
 40
-0.3571428571428572
 40
-0.3428571428571429
 40
-0.3285714285714286
 40
-0.3142857142857143
 40
-0.3
 40
-0.2857142857142858
 40
-0.2714285714285714
 40
-0.2571428571428572
 40
-0.2428571428571429
 40
-0.2285714285714286
 40
-0.2142857142857143
 40
-0.2
 40
-0.1857142857142857
 40
-0.1714285714285715
 40
-0.1571428571428572
 40
-0.1428571428571429
 40
-0.1285714285714286
 40
-0.1142857142857143
 40
-0.1
 40
-0.0857142857142858
 40
-0.0714285714285714
 40
-0.0571428571428571
 40
-0.0428571428571429
 40
-0.0285714285714286
 40
-0.0142857142857143
 40
0.0
 40
0.0
 40
0.0
 40
0.0
 40
0.0
 40
0.0
 10
93.92902596669136
 20
253.0219304318325
 30
0.0
 41
1.0
 10
93.92724587779595
 20
253.0238739390597
 30
0.0
 41
1.0
 10
93.92368266426457
 20
253.0277552305224
 30
0.0
 41
1.0
 10
93.91832873674776
 20
253.0335599987384
 30
0.0
 41
1.0
 10
93.91117194622802
 20
253.0412653403319
 30
0.0
 41
1.0
 10
93.90219555944714
 20
253.0508396795322
 30
0.0
 41
1.0
 10
93.89318874118544
 20
253.0603565287947
 30
0.0
 41
1.0
 10
93.88415147163049
 20
253.0698156697253
 30
0.0
 41
1.0
 10
93.87508375821107
 20
253.0792168155021
 30
0.0
 41
1.0
 10
93.86598565185796
 20
253.0885596075214
 30
0.0
 41
1.0
 10
93.85685723551068
 20
253.0978436329715
 30
0.0
 41
1.0
 10
93.84769861072163
 20
253.1070684440501
 30
0.0
 41
1.0
 10
93.83850988493486
 20
253.1162335774461
 30
0.0
 41
1.0
 10
93.82929115930165
 20
253.125338572976
 30
0.0
 41
1.0
 10
93.82004251495073
 20
253.1343829960406
 30
0.0
 41
1.0
 10
93.81076401558676
 20
253.1433664285678
 30
0.0
 41
1.0
 10
93.80145571283174
 20
253.1522884553278
 30
0.0
 41
1.0
 10
93.79211765090714
 20
253.1611486518914
 30
0.0
 41
1.0
 10
93.78274987153691
 20
253.1699465732718
 30
0.0
 41
1.0
 10
93.77335241966466
 20
253.178681740309
 30
0.0
 41
1.0
 10
93.76392534365278
 20
253.1873536456296
 30
0.0
 41
1.0
 10
93.75446869415828
 20
253.1959617642597
 30
0.0
 41
1.0
 10
93.74498252378179
 20
253.2045055637545
 30
0.0
 41
1.0
 10
93.73546688637544
 20
253.2129845134286
 30
0.0
 41
1.0
 10
93.72592183731468
 20
253.2213980984307
 30
0.0
 41
1.0
 10
93.71634742982678
 20
253.2297458064704
 30
0.0
 41
1.0
 10
93.70674371042969
 20
253.2380271068878
 30
0.0
 41
1.0
 10
93.69711071451092
 20
253.2462414313922
 30
0.0
 41
1.0
 10
93.68744846284608
 20
253.2543881575284
 30
0.0
 41
1.0
 10
93.67775695587807
 20
253.2624665838266
 30
0.0
 41
1.0
 10
93.66803618105405
 20
253.2704759533662
 30
0.0
 41
1.0
 10
93.65828612451696
 20
253.2784154937244
 30
0.0
 41
1.0
 10
93.64850678257244
 20
253.2862844552655
 30
0.0
 41
1.0
 10
93.63869817122759
 20
253.2940821433294
 30
0.0
 41
1.0
 10
93.62886034248914
 20
253.3018079721833
 30
0.0
 41
1.0
 10
93.61899336620172
 20
253.3094614064703
 30
0.0
 41
1.0
 10
93.60909729921059
 20
253.3170418611153
 30
0.0
 41
1.0
 10
93.59917215649966
 20
253.3245486076721
 30
0.0
 41
1.0
 10
93.58921788687348
 20
253.3319806950394
 30
0.0
 41
1.0
 10
93.57923433366432
 20
253.3393368220913
 30
0.0
 41
1.0
 10
93.5692212742988
 20
253.3466154631296
 30
0.0
 41
1.0
 10
93.55917849011712
 20
253.353815090365
 30
0.0
 41
1.0
 10
93.54910583212859
 20
253.3609343831658
 30
0.0
 41
1.0
 10
93.53900327646261
 20
253.3679724043286
 30
0.0
 41
1.0
 10
93.52887101573651
 20
253.374928891013
 30
0.0
 41
1.0
 10
93.51870936164232
 20
253.3818039422058
 30
0.0
 41
1.0
 10
93.50851857716861
 20
253.3885974811119
 30
0.0
 41
1.0
 10
93.49829871942985
 20
253.3953087514756
 30
0.0
 41
1.0
 10
93.48804950568046
 20
253.4019358876867
 30
0.0
 41
1.0
 10
93.47777009898436
 20
253.4084752285762
 30
0.0
 41
1.0
 10
93.46745933959756
 20
253.4149220527361
 30
0.0
 41
1.0
 10
93.45711612784908
 20
253.4212717968085
 30
0.0
 41
1.0
 10
93.4467397848457
 20
253.4275212032417
 30
0.0
 41
1.0
 10
93.43633036202936
 20
253.4336693043087
 30
0.0
 41
1.0
 10
93.42588913017607
 20
253.4397189796755
 30
0.0
 41
1.0
 10
93.41541798726485
 20
253.4456750581812
 30
0.0
 41
1.0
 10
93.40491855428808
 20
253.4515414219122
 30
0.0
 41
1.0
 10
93.39439131958171
 20
253.4573182657323
 30
0.0
 41
1.0
 10
93.38383488707131
 20
253.4629996878593
 30
0.0
 41
1.0
 10
93.37324485389945
 20
253.4685700983882
 30
0.0
 41
1.0
 10
93.36261527922124
 20
253.4740088901963
 30
0.0
 41
1.0
 10
93.35194073312141
 20
253.4792969565442
 30
0.0
 41
1.0
 10
93.34121825167494
 20
253.4844229158034
 30
0.0
 41
1.0
 10
93.33044909925684
 20
253.4893887064163
 30
0.0
 41
1.0
 10
93.31964123679609
 20
253.4942174715152
 30
0.0
 41
1.0
 10
93.30880537617304
 20
253.4989406606419
 30
0.0
 41
1.0
 10
93.29795003715663
 20
253.503581904677
 30
0.0
 41
1.0
 10
93.28707683427001
 20
253.5081416234088
 30
0.0
 41
1.0
 10
93.27617592999649
 20
253.5125821983765
 30
0.0
 41
1.0
 10
93.26522067512996
 20
253.5168104401173
 30
0.0
 41
1.0
 10
93.25417522559655
 20
253.5207031637865
 30
0.0
 41
1.0
 10
93.24523762533862
 20
253.5234496771536
 30
0.0
 41
1.0
 10
93.23846461754783
 20
253.5252590432337
 30
0.0
 41
1.0
 10
93.23391661009372
 20
253.5263483766339
 30
0.0
 41
1.0
 10
93.23163443906834
 20
253.5268638154512
 30
0.0
 41
1.0
  0
ARC
  5
6AF
330
70
100
AcDbEntity
  8
Visible
100
AcDbCircle
 10
88.647151
 20
254.555486
 30
0.0
 40
5.499999999998583
100
AcDbArc
 50
340.190287
 51
343.809713
  0
SPLINE
  5
6B0
330
70
100
AcDbEntity
  8
Visible
100
AcDbSpline
210
0.0
220
0.0
230
1.0
 70
    12
 71
     5
 72
    81
 73
    75
 74
     0
 42
0.000000001
 43
0.0000000001
 40
0.0
 40
0.0
 40
0.0
 40
0.0
 40
0.0
 40
0.0
 40
0.0142857142857143
 40
0.0285714285714286
 40
0.0428571428571429
 40
0.0571428571428571
 40
0.0714285714285714
 40
0.0857142857142858
 40
0.1
 40
0.1142857142857143
 40
0.1285714285714286
 40
0.1428571428571429
 40
0.1571428571428572
 40
0.1714285714285715
 40
0.1857142857142857
 40
0.2
 40
0.2142857142857143
 40
0.2285714285714286
 40
0.2428571428571429
 40
0.2571428571428572
 40
0.2714285714285714
 40
0.2857142857142858
 40
0.3
 40
0.3142857142857143
 40
0.3285714285714286
 40
0.3428571428571429
 40
0.3571428571428572
 40
0.3714285714285715
 40
0.3857142857142858
 40
0.4000000000000001
 40
0.4142857142857145
 40
0.4285714285714287
 40
0.442857142857143
 40
0.4571428571428572
 40
0.4714285714285716
 40
0.4857142857142859
 40
0.5000000000000001
 40
0.5142857142857144
 40
0.5285714285714286
 40
0.5428571428571428
 40
0.5571428571428571
 40
0.5714285714285713
 40
0.5857142857142855
 40
0.5999999999999998
 40
0.614285714285714
 40
0.6285714285714282
 40
0.6428571428571425
 40
0.6571428571428567
 40
0.6714285714285709
 40
0.6857142857142852
 40
0.6999999999999994
 40
0.7142857142857137
 40
0.7285714285714279
 40
0.7428571428571421
 40
0.7571428571428564
 40
0.7714285714285706
 40
0.7857142857142848
 40
0.7999999999999991
 40
0.8142857142857133
 40
0.8285714285714275
 40
0.8428571428571418
 40
0.857142857142856
 40
0.8714285714285702
 40
0.8857142857142845
 40
0.8999999999999987
 40
0.9142857142857129
 40
0.9285714285714272
 40
0.9428571428571414
 40
0.9571428571428556
 40
0.9714285714285699
 40
0.9857142857142841
 40
1.0
 40
1.0
 40
1.0
 40
1.0
 40
1.0
 40
1.0
 10
92.96068496172756
 20
252.6929670696318
 30
0.0
 41
1.0
 10
92.96283424420563
 20
252.6920426419228
 30
0.0
 41
1.0
 10
92.96715395363481
 20
252.6902506794467
 30
0.0
 41
1.0
 10
92.97369695073758
 20
252.6877334132623
 30
0.0
 41
1.0
 10
92.98254198128871
 20
252.6847019996285
 30
0.0
 41
1.0
 10
92.99376602323537
 20
252.6813589268904
 30
0.0
 41
1.0
 10
93.00511430873848
 20
252.6783403090703
 30
0.0
 41
1.0
 10
93.016543430027
 20
252.6755254189156
 30
0.0
 41
1.0
 10
93.02802017137128
 20
252.6728232005571
 30
0.0
 41
1.0
 10
93.0395303799114
 20
252.6701974376738
 30
0.0
 41
1.0
 10
93.05107299621614
 20
252.667649418875
 30
0.0
 41
1.0
 10
93.06265501753205
 20
252.6652032697384
 30
0.0
 41
1.0
 10
93.07428626334148
 20
252.6628907297636
 30
0.0
 41
1.0
 10
93.08597389630994
 20
252.6607352014553
 30
0.0
 41
1.0
 10
93.09771803292369
 20
252.6587389962251
 30
0.0
 41
1.0
 10
93.10951438109714
 20
252.6568911639933
 30
0.0
 41
1.0
 10
93.12135610306269
 20
252.6551730554565
 30
0.0
 41
1.0
 10
93.13323589250103
 20
252.6535645071626
 30
0.0
 41
1.0
 10
93.14514814788436
 20
252.6520503186794
 30
0.0
 41
1.0
 10
93.15709052968031
 20
252.6506248947717
 30
0.0
 41
1.0
 10
93.16906275735254
 20
252.6492886801252
 30
0.0
 41
1.0
 10
93.18106580132644
 20
252.6480457682083
 30
0.0
 41
1.0
 10
93.19310096442313
 20
252.6469011812378
 30
0.0
 41
1.0
 10
93.2051689111895
 20
252.6458579958571
 30
0.0
 41
1.0
 10
93.21726903119179
 20
252.6449154593947
 30
0.0
 41
1.0
 10
93.22939995892557
 20
252.6440705373925
 30
0.0
 41
1.0
 10
93.24155990176951
 20
252.6433188916453
 30
0.0
 41
1.0
 10
93.2537470228017
 20
252.6426560207747
 30
0.0
 41
1.0
 10
93.26595984713549
 20
252.6420784708935
 30
0.0
 41
1.0
 10
93.27819750694107
 20
252.6415845664969
 30
0.0
 41
1.0
 10
93.2904595114951
 20
252.6411737293338
 30
0.0
 41
1.0
 10
93.30274560289399
 20
252.640846051856
 30
0.0
 41
1.0
 10
93.31505558715889
 20
252.6406017973522
 30
0.0
 41
1.0
 10
93.32738915396566
 20
252.6404408663993
 30
0.0
 41
1.0
 10
93.33974577175103
 20
252.6403624867517
 30
0.0
 41
1.0
 10
93.35212478480206
 20
252.6403655024223
 30
0.0
 41
1.0
 10
93.36452547200678
 20
252.6404485488783
 30
0.0
 41
1.0
 10
93.37694711665063
 20
252.640610260979
 30
0.0
 41
1.0
 10
93.38938908069303
 20
252.6408494940033
 30
0.0
 41
1.0
 10
93.40185084651238
 20
252.6411654484027
 30
0.0
 41
1.0
 10
93.41433197381594
 20
252.6415575436604
 30
0.0
 41
1.0
 10
93.42683207271511
 20
252.6420253398519
 30
0.0
 41
1.0
 10
93.4393507720306
 20
252.6425684449177
 30
0.0
 41
1.0
 10
93.45188768540173
 20
252.6431864155611
 30
0.0
 41
1.0
 10
93.4644423915688
 20
252.6438786991966
 30
0.0
 41
1.0
 10
93.47701445289567
 20
252.644644687186
 30
0.0
 41
1.0
 10
93.48960342657301
 20
252.6454837464807
 30
0.0
 41
1.0
 10
93.50220887785145
 20
252.6463952573404
 30
0.0
 41
1.0
 10
93.51483039405776
 20
252.6473786525258
 30
0.0
 41
1.0
 10
93.52746759251386
 20
252.6484334406705
 30
0.0
 41
1.0
 10
93.54012011055965
 20
252.649559182817
 30
0.0
 41
1.0
 10
93.55278759864541
 20
252.6507554769969
 30
0.0
 41
1.0
 10
93.56546971259195
 20
252.6520219400445
 30
0.0
 41
1.0
 10
93.57816610498048
 20
252.653358187984
 30
0.0
 41
1.0
 10
93.59087642031136
 20
252.6547638231368
 30
0.0
 41
1.0
 10
93.60360030306948
 20
252.6562384456629
 30
0.0
 41
1.0
 10
93.61633740369871
 20
252.657781660625
 30
0.0
 41
1.0
 10
93.62908738484657
 20
252.6593930859763
 30
0.0
 41
1.0
 10
93.64184992851097
 20
252.6610723604854
 30
0.0
 41
1.0
 10
93.65462473937805
 20
252.6628191486752
 30
0.0
 41
1.0
 10
93.66741153220118
 20
252.6646331331686
 30
0.0
 41
1.0
 10
93.68021002114801
 20
252.6665140083778
 30
0.0
 41
1.0
 10
93.69301990894655
 20
252.6684614735241
 30
0.0
 41
1.0
 10
93.7058408745097
 20
252.6704752246924
 30
0.0
 41
1.0
 10
93.71867256551741
 20
252.672554949042
 30
0.0
 41
1.0
 10
93.73151462271563
 20
252.6747003349019
 30
0.0
 41
1.0
 10
93.74436670073555
 20
252.6769110796822
 30
0.0
 41
1.0
 10
93.75722848983423
 20
252.6791868981618
 30
0.0
 41
1.0
 10
93.77009973802524
 20
252.6815275301615
 30
0.0
 41
1.0
 10
93.78298027070924
 20
252.6839327480038
 30
0.0
 41
1.0
 10
93.79586997554543
 20
252.6864023633589
 30
0.0
 41
1.0
 10
93.80618902685364
 20
252.6884294597339
 30
0.0
 41
1.0
 10
93.81393240235139
 20
252.6899786562326
 30
0.0
 41
1.0
 10
93.81909646853456
 20
252.6910242826216
 30
0.0
 41
1.0
 10
93.82167895558813
 20
252.6915503029968
 30
0.0
 41
1.0
  0
SPLINE
  5
6B1
330
70
100
AcDbEntity
  8
Visible
100
AcDbSpline
210
0.0
220
0.0
230
1.0
 70
    12
 71
     5
 72
    81
 73
    75
 74
     0
 42
0.000000001
 43
0.0000000001
 40
-1.0
 40
-1.0
 40
-1.0
 40
-1.0
 40
-1.0
 40
-1.0
 40
-0.9857142857142841
 40
-0.9714285714285699
 40
-0.9571428571428556
 40
-0.9428571428571414
 40
-0.9285714285714272
 40
-0.9142857142857129
 40
-0.8999999999999987
 40
-0.8857142857142845
 40
-0.8714285714285702
 40
-0.857142857142856
 40
-0.8428571428571418
 40
-0.8285714285714275
 40
-0.8142857142857133
 40
-0.7999999999999991
 40
-0.7857142857142848
 40
-0.7714285714285706
 40
-0.7571428571428564
 40
-0.7428571428571421
 40
-0.7285714285714279
 40
-0.7142857142857137
 40
-0.6999999999999994
 40
-0.6857142857142852
 40
-0.6714285714285709
 40
-0.6571428571428567
 40
-0.6428571428571425
 40
-0.6285714285714282
 40
-0.614285714285714
 40
-0.5999999999999998
 40
-0.5857142857142855
 40
-0.5714285714285713
 40
-0.5571428571428571
 40
-0.5428571428571428
 40
-0.5285714285714286
 40
-0.5142857142857144
 40
-0.5000000000000001
 40
-0.4857142857142859
 40
-0.4714285714285716
 40
-0.4571428571428572
 40
-0.442857142857143
 40
-0.4285714285714287
 40
-0.4142857142857145
 40
-0.4000000000000001
 40
-0.3857142857142858
 40
-0.3714285714285715
 40
-0.3571428571428572
 40
-0.3428571428571429
 40
-0.3285714285714286
 40
-0.3142857142857143
 40
-0.3
 40
-0.2857142857142858
 40
-0.2714285714285714
 40
-0.2571428571428572
 40
-0.2428571428571429
 40
-0.2285714285714286
 40
-0.2142857142857143
 40
-0.2
 40
-0.1857142857142857
 40
-0.1714285714285715
 40
-0.1571428571428572
 40
-0.1428571428571429
 40
-0.1285714285714286
 40
-0.1142857142857143
 40
-0.1
 40
-0.0857142857142858
 40
-0.0714285714285714
 40
-0.0571428571428571
 40
-0.0428571428571429
 40
-0.0285714285714286
 40
-0.0142857142857143
 40
0.0
 40
0.0
 40
0.0
 40
0.0
 40
0.0
 40
0.0
 10
93.19661781979448
 20
251.4647987513044
 30
0.0
 41
1.0
 10
93.19552543141254
 20
251.4671972142378
 30
0.0
 41
1.0
 10
93.1933359989871
 20
251.4719896353108
 30
0.0
 41
1.0
 10
93.19003788336159
 20
251.4791647525381
 30
0.0
 41
1.0
 10
93.18561245260207
 20
251.4887045377664
 30
0.0
 41
1.0
 10
93.1800340349846
 20
251.5005841315151
 30
0.0
 41
1.0
 10
93.17440890994111
 20
251.5124184529295
 30
0.0
 41
1.0
 10
93.16873699114058
 20
251.5242073004256
 30
0.0
 41
1.0
 10
93.16301819701676
 20
251.535950398923
 30
0.0
 41
1.0
 10
93.15725246519196
 20
251.5476473916333
 30
0.0
 41
1.0
 10
93.15143974698186
 20
251.5592978603181
 30
0.0
 41
1.0
 10
93.14558000058879
 20
251.5709013477108
 30
0.0
 41
1.0
 10
93.13967318502818
 20
251.5824573799755
 30
0.0
 41
1.0
 10
93.13371925429601
 20
251.5939654881913
 30
0.0
 41
1.0
 10
93.1277181512496
 20
251.6054252339618
 30
0.0
 41
1.0
 10
93.12166980728671
 20
251.6168361999917
 30
0.0
 41
1.0
 10
93.1155741431894
 20
251.6281979754213
 30
0.0
 41
1.0
 10
93.10943106985815
 20
251.639510142928
 30
0.0
 41
1.0
 10
93.10324048946677
 20
251.650772266411
 30
0.0
 41
1.0
 10
93.09700229669033
 20
251.6619838762754
 30
0.0
 41
1.0
 10
93.09071638073692
 20
251.673144475034
 30
0.0
 41
1.0
 10
93.08438262755954
 20
251.6842535477536
 30
0.0
 41
1.0
 10
93.07800092264825
 20
251.6953105717949
 30
0.0
 41
1.0
 10
93.07157115323025
 20
251.7063150258045
 30
0.0
 41
1.0
 10
93.06509321287194
 20
251.7172664030186
 30
0.0
 41
1.0
 10
93.05856699388915
 20
251.7281641997706
 30
0.0
 41
1.0
 10
93.05199237654051
 20
251.7390078969984
 30
0.0
 41
1.0
 10
93.04536921886938
 20
251.7497969432907
 30
0.0
 41
1.0
 10
93.03869734828641
 20
251.7605307402382
 30
0.0
 41
1.0
 10
93.03197654844552
 20
251.7712086205647
 30
0.0
 41
1.0
 10
93.02520657350759
 20
251.7818298682759
 30
0.0
 41
1.0
 10
93.01838717160171
 20
251.7923937530359
 30
0.0
 41
1.0
 10
93.01151810756527
 20
251.8028995630402
 30
0.0
 41
1.0
 10
93.00459918195793
 20
251.8133466326826
 30
0.0
 41
1.0
 10
92.99763026324217
 20
251.8237343888249
 30
0.0
 41
1.0
 10
92.99061125240768
 20
251.8340623007325
 30
0.0
 41
1.0
 10
92.98354202272003
 20
251.8443297943968
 30
0.0
 41
1.0
 10
92.97642236332832
 20
251.8545361723945
 30
0.0
 41
1.0
 10
92.96925193163497
 20
251.8646805459966
 30
0.0
 41
1.0
 10
92.96203017657171
 20
251.8747617261697
 30
0.0
 41
1.0
 10
92.95475641499161
 20
251.8847783306683
 30
0.0
 41
1.0
 10
92.94742996682272
 20
251.894728974049
 30
0.0
 41
1.0
 10
92.9400502822691
 20
251.9046124463557
 30
0.0
 41
1.0
 10
92.93261704901761
 20
251.9144278636313
 30
0.0
 41
1.0
 10
92.92513036903619
 20
251.9241749163784
 30
0.0
 41
1.0
 10
92.91759056935006
 20
251.9338536024215
 30
0.0
 41
1.0
 10
92.90999787634337
 20
251.9434637674558
 30
0.0
 41
1.0
 10
92.90235211064191
 20
251.9530046745895
 30
0.0
 41
1.0
 10
92.89465242683219
 20
251.9624746368945
 30
0.0
 41
1.0
 10
92.88689689757665
 20
251.9718704310208
 30
0.0
 41
1.0
 10
92.87908296089881
 20
251.9811879250228
 30
0.0
 41
1.0
 10
92.87120816079459
 20
251.9904231187065
 30
0.0
 41
1.0
 10
92.8632708449586
 20
251.999573123745
 30
0.0
 41
1.0
 10
92.85527076327161
 20
252.0086370038798
 30
0.0
 41
1.0
 10
92.84721001417802
 20
252.0176171051435
 30
0.0
 41
1.0
 10
92.83909189495716
 20
252.0265174335282
 30
0.0
 41
1.0
 10
92.8309191468943
 20
252.0353411802025
 30
0.0
 41
1.0
 10
92.82269229464327
 20
252.04408837959
 30
0.0
 41
1.0
 10
92.81440818670489
 20
252.0527538501701
 30
0.0
 41
1.0
 10
92.80605781816758
 20
252.0613241256233
 30
0.0
 41
1.0
 10
92.79762917100288
 20
252.0697814432324
 30
0.0
 41
1.0
 10
92.78911117674487
 20
252.0781093093428
 30
0.0
 41
1.0
 10
92.78049749941784
 20
252.0862978152881
 30
0.0
 41
1.0
 10
92.77178994052519
 20
252.0943484139207
 30
0.0
 41
1.0
 10
92.76300322298267
 20
252.1022806556066
 30
0.0
 41
1.0
 10
92.75415725283528
 20
252.1101211404848
 30
0.0
 41
1.0
 10
92.745267435208
 20
252.1178897101044
 30
0.0
 41
1.0
 10
92.73633543532742
 20
252.1255862647922
 30
0.0
 41
1.0
 10
92.72734027241495
 20
252.1331780672245
 30
0.0
 41
1.0
 10
92.71822780444109
 20
252.1405847240167
 30
0.0
 41
1.0
 10
92.70892587545494
 20
252.1477001558451
 30
0.0
 41
1.0
 10
92.70127443179536
 20
252.1530741156484
 30
0.0
 41
1.0
 10
92.69539204346893
 20
252.1568878995595
 30
0.0
 41
1.0
 10
92.69140325387615
 20
252.1593293287824
 30
0.0
 41
1.0
 10
92.68939205960577
 20
252.160524769859
 30
0.0
 41
1.0
  0
ARC
  5
6B2
330
70
100
AcDbEntity
  8
Visible
100
AcDbCircle
 10
88.647151
 20
254.555486
 30
0.0
 40
5.499999999998582
100
AcDbArc
 50
322.190287
 51
325.809713
  0
SPLINE
  5
6B3
330
70
100
AcDbEntity
  8
Visible
100
AcDbSpline
210
0.0
220
0.0
230
1.0
 70
    12
 71
     5
 72
    81
 73
    75
 74
     0
 42
0.000000001
 43
0.0000000001
 40
0.0
 40
0.0
 40
0.0
 40
0.0
 40
0.0
 40
0.0
 40
0.0142857142857143
 40
0.0285714285714286
 40
0.0428571428571429
 40
0.0571428571428571
 40
0.0714285714285714
 40
0.0857142857142858
 40
0.1
 40
0.1142857142857143
 40
0.1285714285714286
 40
0.1428571428571429
 40
0.1571428571428572
 40
0.1714285714285715
 40
0.1857142857142857
 40
0.2
 40
0.2142857142857143
 40
0.2285714285714286
 40
0.2428571428571429
 40
0.2571428571428572
 40
0.2714285714285714
 40
0.2857142857142858
 40
0.3
 40
0.3142857142857143
 40
0.3285714285714286
 40
0.3428571428571429
 40
0.3571428571428572
 40
0.3714285714285715
 40
0.3857142857142858
 40
0.4000000000000001
 40
0.4142857142857145
 40
0.4285714285714287
 40
0.442857142857143
 40
0.4571428571428572
 40
0.4714285714285716
 40
0.4857142857142859
 40
0.5000000000000001
 40
0.5142857142857144
 40
0.5285714285714286
 40
0.5428571428571428
 40
0.5571428571428571
 40
0.5714285714285713
 40
0.5857142857142855
 40
0.5999999999999998
 40
0.614285714285714
 40
0.6285714285714282
 40
0.6428571428571425
 40
0.6571428571428567
 40
0.6714285714285709
 40
0.6857142857142852
 40
0.6999999999999994
 40
0.7142857142857137
 40
0.7285714285714279
 40
0.7428571428571421
 40
0.7571428571428564
 40
0.7714285714285706
 40
0.7857142857142848
 40
0.7999999999999991
 40
0.8142857142857133
 40
0.8285714285714275
 40
0.8428571428571418
 40
0.857142857142856
 40
0.8714285714285702
 40
0.8857142857142845
 40
0.8999999999999987
 40
0.9142857142857129
 40
0.9285714285714272
 40
0.9428571428571414
 40
0.9571428571428556
 40
0.9714285714285699
 40
0.9857142857142841
 40
1.0
 40
1.0
 40
1.0
 40
1.0
 40
1.0
 40
1.0
 10
92.1740155275811
 20
251.4511698289461
 30
0.0
 41
1.0
 10
92.17577395281569
 20
251.4496264811378
 30
0.0
 41
1.0
 10
92.17932849375756
 20
251.4465873599238
 30
0.0
 41
1.0
 10
92.1847733757586
 20
251.4421714002156
 30
0.0
 41
1.0
 10
92.19224874137125
 20
251.436555089771
 30
0.0
 41
1.0
 10
92.20189037331421
 20
251.4299072189515
 30
0.0
 41
1.0
 10
92.21175042998494
 20
251.4235295297258
 30
0.0
 41
1.0
 10
92.22175032136602
 20
251.4173206173918
 30
0.0
 41
1.0
 10
92.23183031961253
 20
251.4112041468989
 30
0.0
 41
1.0
 10
92.24196577309431
 20
251.4051500479509
 30
0.0
 41
1.0
 10
92.25215607243535
 20
251.3991598734701
 30
0.0
 41
1.0
 10
92.26241532762561
 20
251.393254405978
 30
0.0
 41
1.0
 10
92.27276268559307
 20
251.3874607971457
 30
0.0
 41
1.0
 10
92.28321219020926
 20
251.38179909069
 30
0.0
 41
1.0
 10
92.2937646665232
 20
251.3762714489003
 30
0.0
 41
1.0
 10
92.30441264875935
 20
251.370868783958
 30
0.0
 41
1.0
 10
92.31514387086281
 20
251.3655754723086
 30
0.0
 41
1.0
 10
92.32594515326127
 20
251.3603745951468
 30
0.0
 41
1.0
 10
92.33680647139408
 20
251.3552534269674
 30
0.0
 41
1.0
 10
92.34772387120846
 20
251.3502073693435
 30
0.0
 41
1.0
 10
92.3586972233179
 20
251.3452369318847
 30
0.0
 41
1.0
 10
92.36972871559919
 20
251.3403457078348
 30
0.0
 41
1.0
 10
92.38082113906239
 20
251.3355380710118
 30
0.0
 41
1.0
 10
92.3919760764611
 20
251.3308167421192
 30
0.0
 41
1.0
 10
92.40319271465251
 20
251.326181193961
 30
0.0
 41
1.0
 10
92.4144688172646
 20
251.321628962557
 30
0.0
 41
1.0
 10
92.4258013388353
 20
251.3171564759814
 30
0.0
 41
1.0
 10
92.4371871413432
 20
251.3127600208099
 30
0.0
 41
1.0
 10
92.44862375478078
 20
251.308436767963
 30
0.0
 41
1.0
 10
92.46010983603083
 20
251.3041853921177
 30
0.0
 41
1.0
 10
92.4716447396986
 20
251.3000054949643
 30
0.0
 41
1.0
 10
92.48322824907427
 20
251.2958972441265
 30
0.0
 41
1.0
 10
92.49486026103204
 20
251.2918609499511
 30
0.0
 41
1.0
 10
92.5065404497136
 20
251.2878966137741
 30
0.0
 41
1.0
 10
92.51826807093493
 20
251.2840036654115
 30
0.0
 41
1.0
 10
92.53004214385601
 20
251.2801812080788
 30
0.0
 41
1.0
 10
92.54186156099512
 20
251.2764281668633
 30
0.0
 41
1.0
 10
92.55372521886238
 20
251.2727434649169
 30
0.0
 41
1.0
 10
92.5656321569113
 20
251.269126210711
 30
0.0
 41
1.0
 10
92.57758163577728
 20
251.2655758037845
 30
0.0
 41
1.0
 10
92.58957305732838
 20
251.2620918280882
 30
0.0
 41
1.0
 10
92.60160591481326
 20
251.2586739857133
 30
0.0
 41
1.0
 10
92.61367973406777
 20
251.2553220184891
 30
0.0
 41
1.0
 10
92.62579401065432
 20
251.2520356242067
 30
0.0
 41
1.0
 10
92.63794817317284
 20
251.248814407505
 30
0.0
 41
1.0
 10
92.65014161732779
 20
251.2456579247701
 30
0.0
 41
1.0
 10
92.66237372635897
 20
251.2425657107706
 30
0.0
 41
1.0
 10
92.67464389528413
 20
251.2395373104473
 30
0.0
 41
1.0
 10
92.68695155634214
 20
251.2365723118437
 30
0.0
 41
1.0
 10
92.69929619374398
 20
251.2336703658975
 30
0.0
 41
1.0
 10
92.71167732693266
 20
251.2308311672041
 30
0.0
 41
1.0
 10
92.72409449925362
 20
251.2280544414853
 30
0.0
 41
1.0
 10
92.73654726496806
 20
251.2253399306846
 30
0.0
 41
1.0
 10
92.74903517500389
 20
251.2226873769805
 30
0.0
 41
1.0
 10
92.76155776837459
 20
251.220096512011
 30
0.0
 41
1.0
 10
92.77411458340429
 20
251.217567065366
 30
0.0
 41
1.0
 10
92.78670516560579
 20
251.2150987694586
 30
0.0
 41
1.0
 10
92.79932907607781
 20
251.2126913651864
 30
0.0
 41
1.0
 10
92.81198590075565
 20
251.2103446072678
 30
0.0
 41
1.0
 10
92.8246752551122
 20
251.2080582679
 30
0.0
 41
1.0
 10
92.8373967697844
 20
251.2058321333871
 30
0.0
 41
1.0
 10
92.85015007850052
 20
251.2036660014246
 30
0.0
 41
1.0
 10
92.86293480559015
 20
251.2015596778156
 30
0.0
 41
1.0
 10
92.87575055176786
 20
251.1995129727429
 30
0.0
 41
1.0
 10
92.88859688528281
 20
251.1975256975511
 30
0.0
 41
1.0
 10
92.90147336815426
 20
251.195597666836
 30
0.0
 41
1.0
 10
92.91437957841116
 20
251.1937286995435
 30
0.0
 41
1.0
 10
92.92731513333
 20
251.1919186201294
 30
0.0
 41
1.0
 10
92.94027971286141
 20
251.1901672590147
 30
0.0
 41
1.0
 10
92.95327308059132
 20
251.188474453621
 30
0.0
 41
1.0
 10
92.96629507148372
 20
251.1868400595495
 30
0.0
 41
1.0
 10
92.97673547970134
 20
251.1855791805465
 30
0.0
 41
1.0
 10
92.98457859547216
 20
251.1846597193489
 30
0.0
 41
1.0
 10
92.98981303059008
 20
251.1840583849289
 30
0.0
 41
1.0
 10
92.99243167096665
 20
251.1837606276468
 30
0.0
 41
1.0
  0
SPLINE
  5
6B4
330
70
100
AcDbEntity
  8
Visible
100
AcDbSpline
210
0.0
220
0.0
230
1.0
 70
    12
 71
     5
 72
    81
 73
    75
 74
     0
 42
0.000000001
 43
0.0000000001
 40
-1.0
 40
-1.0
 40
-1.0
 40
-1.0
 40
-1.0
 40
-1.0
 40
-0.9857142857142841
 40
-0.9714285714285699
 40
-0.9571428571428556
 40
-0.9428571428571414
 40
-0.9285714285714272
 40
-0.9142857142857129
 40
-0.8999999999999987
 40
-0.8857142857142845
 40
-0.8714285714285702
 40
-0.857142857142856
 40
-0.8428571428571418
 40
-0.8285714285714275
 40
-0.8142857142857133
 40
-0.7999999999999991
 40
-0.7857142857142848
 40
-0.7714285714285706
 40
-0.7571428571428564
 40
-0.7428571428571421
 40
-0.7285714285714279
 40
-0.7142857142857137
 40
-0.6999999999999994
 40
-0.6857142857142852
 40
-0.6714285714285709
 40
-0.6571428571428567
 40
-0.6428571428571425
 40
-0.6285714285714282
 40
-0.614285714285714
 40
-0.5999999999999998
 40
-0.5857142857142855
 40
-0.5714285714285713
 40
-0.5571428571428571
 40
-0.5428571428571428
 40
-0.5285714285714286
 40
-0.5142857142857144
 40
-0.5000000000000001
 40
-0.4857142857142859
 40
-0.4714285714285716
 40
-0.4571428571428572
 40
-0.442857142857143
 40
-0.4285714285714287
 40
-0.4142857142857145
 40
-0.4000000000000001
 40
-0.3857142857142858
 40
-0.3714285714285715
 40
-0.3571428571428572
 40
-0.3428571428571429
 40
-0.3285714285714286
 40
-0.3142857142857143
 40
-0.3
 40
-0.2857142857142858
 40
-0.2714285714285714
 40
-0.2571428571428572
 40
-0.2428571428571429
 40
-0.2285714285714286
 40
-0.2142857142857143
 40
-0.2
 40
-0.1857142857142857
 40
-0.1714285714285715
 40
-0.1571428571428572
 40
-0.1428571428571429
 40
-0.1285714285714286
 40
-0.1142857142857143
 40
-0.1
 40
-0.0857142857142858
 40
-0.0714285714285714
 40
-0.0571428571428571
 40
-0.0428571428571429
 40
-0.0285714285714286
 40
-0.0142857142857143
 40
0.0
 40
0.0
 40
0.0
 40
0.0
 40
0.0
 40
0.0
 10
92.01887612733845
 20
250.2102050840194
 30
0.0
 41
1.0
 10
92.01857837005627
 20
250.2128237243951
 30
0.0
 41
1.0
 10
92.01797703563626
 20
250.218058159513
 30
0.0
 41
1.0
 10
92.0170575744396
 20
250.2259012752848
 30
0.0
 41
1.0
 10
92.01579669543571
 20
250.2363416835024
 30
0.0
 41
1.0
 10
92.0141623013651
 20
250.2493636743939
 30
0.0
 41
1.0
 10
92.01246949597134
 20
250.2623570421247
 30
0.0
 41
1.0
 10
92.01071813485668
 20
250.2753216216552
 30
0.0
 41
1.0
 10
92.00890805544259
 20
250.2882571765749
 30
0.0
 41
1.0
 10
92.00703908815013
 20
250.3011633868309
 30
0.0
 41
1.0
 10
92.00511105743499
 20
250.3140398697023
 30
0.0
 41
1.0
 10
92.00312378224225
 20
250.3268862032173
 30
0.0
 41
1.0
 10
92.00107707716961
 20
250.3397019493959
 30
0.0
 41
1.0
 10
91.99897075356147
 20
250.3524866764847
 30
0.0
 41
1.0
 10
91.99680462159813
 20
250.3652399852008
 30
0.0
 41
1.0
 10
91.99457848708517
 20
250.377961499873
 30
0.0
 41
1.0
 10
91.99229214771822
 20
250.3906508542296
 30
0.0
 41
1.0
 10
91.98994538979878
 20
250.4033076789074
 30
0.0
 41
1.0
 10
91.98753798552662
 20
250.4159315893794
 30
0.0
 41
1.0
 10
91.9850696896192
 20
250.4285221715818
 30
0.0
 41
1.0
 10
91.98254024297511
 20
250.4410789866115
 30
0.0
 41
1.0
 10
91.97994937800558
 20
250.4536015799813
 30
0.0
 41
1.0
 10
91.97729682430054
 20
250.466089490018
 30
0.0
 41
1.0
 10
91.97458231349992
 20
250.4785422557315
 30
0.0
 41
1.0
 10
91.97180558778109
 20
250.4909594280525
 30
0.0
 41
1.0
 10
91.96896638908766
 20
250.5033405612421
 30
0.0
 41
1.0
 10
91.96606444314147
 20
250.5156851986431
 30
0.0
 41
1.0
 10
91.96309944453787
 20
250.5279928597011
 30
0.0
 41
1.0
 10
91.96007104421459
 20
250.5402630286271
 30
0.0
 41
1.0
 10
91.95697883021603
 20
250.5524951376583
 30
0.0
 41
1.0
 10
91.95382234748013
 20
250.5646885818123
 30
0.0
 41
1.0
 10
91.95060113077852
 20
250.5768427443308
 30
0.0
 41
1.0
 10
91.94731473649609
 20
250.5889570209174
 30
0.0
 41
1.0
 10
91.94396276927273
 20
250.6010308401728
 30
0.0
 41
1.0
 10
91.94054492689792
 20
250.6130636976577
 30
0.0
 41
1.0
 10
91.93706095120161
 20
250.6250551192079
 30
0.0
 41
1.0
 10
91.93351054427422
 20
250.6370045980739
 30
0.0
 41
1.0
 10
91.92989329006833
 20
250.6489115361228
 30
0.0
 41
1.0
 10
91.92620858812189
 20
250.660775193991
 30
0.0
 41
1.0
 10
91.92245554690726
 20
250.6725946111301
 30
0.0
 41
1.0
 10
91.91863308957364
 20
250.6843686840511
 30
0.0
 41
1.0
 10
91.91474014121103
 20
250.6960963052716
 30
0.0
 41
1.0
 10
91.91077580503497
 20
250.7077764939531
 30
0.0
 41
1.0
 10
91.90673951085864
 20
250.7194085059109
 30
0.0
 41
1.0
 10
91.90263126002173
 20
250.7309920152875
 30
0.0
 41
1.0
 10
91.89845136286839
 20
250.7425269189553
 30
0.0
 41
1.0
 10
91.89419998702215
 20
250.7540130002053
 30
0.0
 41
1.0
 10
91.88987673417614
 20
250.7654496136429
 30
0.0
 41
1.0
 10
91.88548027900379
 20
250.7768354161508
 30
0.0
 41
1.0
 10
91.88100779242814
 20
250.7881679377206
 30
0.0
 41
1.0
 10
91.87645556102507
 20
250.7994440403327
 30
0.0
 41
1.0
 10
91.87182001286601
 20
250.8106606785241
 30
0.0
 41
1.0
 10
91.86709868397338
 20
250.8218156159237
 30
0.0
 41
1.0
 10
91.86229104715039
 20
250.8329080393869
 30
0.0
 41
1.0
 10
91.85739982310042
 20
250.8439395316682
 30
0.0
 41
1.0
 10
91.85242938564261
 20
250.8549128837767
 30
0.0
 41
1.0
 10
91.84738332801771
 20
250.865830283592
 30
0.0
 41
1.0
 10
91.84226215983926
 20
250.8766916017239
 30
0.0
 41
1.0
 10
91.83706128267658
 20
250.8874928841223
 30
0.0
 41
1.0
 10
91.83176797102715
 20
250.8982241062267
 30
0.0
 41
1.0
 10
91.82636530608489
 20
250.908872088462
 30
0.0
 41
1.0
 10
91.82083766429514
 20
250.9194245647768
 30
0.0
 41
1.0
 10
91.81517595783953
 20
250.9298740693921
 30
0.0
 41
1.0
 10
91.80938234900713
 20
250.9402214273605
 30
0.0
 41
1.0
 10
91.80347688151504
 20
250.9504806825498
 30
0.0
 41
1.0
 10
91.79748670703521
 20
250.9606709818909
 30
0.0
 41
1.0
 10
91.79143260808723
 20
250.9708064353735
 30
0.0
 41
1.0
 10
91.78531613759332
 20
250.9808864336191
 30
0.0
 41
1.0
 10
91.7791072252603
 20
250.9908863250002
 30
0.0
 41
1.0
 10
91.77272953603369
 20
251.000746381671
 30
0.0
 41
1.0
 10
91.76608166521509
 20
251.0103880136148
 30
0.0
 41
1.0
 10
91.76046535476961
 20
251.0178633792266
 30
0.0
 41
1.0
 10
91.75604939506229
 20
251.0233082612276
 30
0.0
 41
1.0
 10
91.75301027384831
 20
251.0268628021695
 30
0.0
 41
1.0
 10
91.75146692603993
 20
251.0286212274041
 30
0.0
 41
1.0
  0
ARC
  5
6B5
330
70
100
AcDbEntity
  8
Visible
100
AcDbCircle
 10
88.647151
 20
254.555486
 30
0.0
 40
5.499999999998583
100
AcDbArc
 50
304.190287
 51
307.809713
  0
SPLINE
  5
6B6
330
70
100
AcDbEntity
  8
Visible
100
AcDbSpline
210
0.0
220
0.0
230
1.0
 70
    12
 71
     5
 72
    81
 73
    75
 74
     0
 42
0.000000001
 43
0.0000000001
 40
0.0
 40
0.0
 40
0.0
 40
0.0
 40
0.0
 40
0.0
 40
0.0142857142857143
 40
0.0285714285714286
 40
0.0428571428571429
 40
0.0571428571428571
 40
0.0714285714285714
 40
0.0857142857142858
 40
0.1
 40
0.1142857142857143
 40
0.1285714285714286
 40
0.1428571428571429
 40
0.1571428571428572
 40
0.1714285714285715
 40
0.1857142857142857
 40
0.2
 40
0.2142857142857143
 40
0.2285714285714286
 40
0.2428571428571429
 40
0.2571428571428572
 40
0.2714285714285714
 40
0.2857142857142858
 40
0.3
 40
0.3142857142857143
 40
0.3285714285714286
 40
0.3428571428571429
 40
0.3571428571428572
 40
0.3714285714285715
 40
0.3857142857142858
 40
0.4000000000000001
 40
0.4142857142857145
 40
0.4285714285714287
 40
0.442857142857143
 40
0.4571428571428572
 40
0.4714285714285716
 40
0.4857142857142859
 40
0.5000000000000001
 40
0.5142857142857144
 40
0.5285714285714286
 40
0.5428571428571428
 40
0.5571428571428571
 40
0.5714285714285713
 40
0.5857142857142855
 40
0.5999999999999998
 40
0.614285714285714
 40
0.6285714285714282
 40
0.6428571428571425
 40
0.6571428571428567
 40
0.6714285714285709
 40
0.6857142857142852
 40
0.6999999999999994
 40
0.7142857142857137
 40
0.7285714285714279
 40
0.7428571428571421
 40
0.7571428571428564
 40
0.7714285714285706
 40
0.7857142857142848
 40
0.7999999999999991
 40
0.8142857142857133
 40
0.8285714285714275
 40
0.8428571428571418
 40
0.857142857142856
 40
0.8714285714285702
 40
0.8857142857142845
 40
0.8999999999999987
 40
0.9142857142857129
 40
0.9285714285714272
 40
0.9428571428571414
 40
0.9571428571428556
 40
0.9714285714285699
 40
0.9857142857142841
 40
1.0
 40
1.0
 40
1.0
 40
1.0
 40
1.0
 40
1.0
 10
91.0421119851262
 20
250.5132446953803
 30
0.0
 41
1.0
 10
91.04330742620367
 20
250.511233501109
 30
0.0
 41
1.0
 10
91.0457488554257
 20
250.5072447115162
 30
0.0
 41
1.0
 10
91.04956263933672
 20
250.5013623231907
 30
0.0
 41
1.0
 10
91.05493659914101
 20
250.4937108795311
 30
0.0
 41
1.0
 10
91.06205203096852
 20
250.4844089505441
 30
0.0
 41
1.0
 10
91.06945868776074
 20
250.4752964825702
 30
0.0
 41
1.0
 10
91.07705049019386
 20
250.4663013196577
 30
0.0
 41
1.0
 10
91.08474704488163
 20
250.4573693197772
 30
0.0
 41
1.0
 10
91.09251561450037
 20
250.4484795021508
 30
0.0
 41
1.0
 10
91.10035609937858
 20
250.4396335320034
 30
0.0
 41
1.0
 10
91.10828834106451
 20
250.43084681446
 30
0.0
 41
1.0
 10
91.11633893969793
 20
250.4221392555682
 30
0.0
 41
1.0
 10
91.12452744564325
 20
250.4135255782412
 30
0.0
 41
1.0
 10
91.13285531175279
 20
250.4050075839832
 30
0.0
 41
1.0
 10
91.14131262936188
 20
250.3965789368176
 30
0.0
 41
1.0
 10
91.14988290481505
 20
250.3882285682803
 30
0.0
 41
1.0
 10
91.15854837539609
 20
250.3799444603428
 30
0.0
 41
1.0
 10
91.16729557478265
 20
250.3717176080909
 30
0.0
 41
1.0
 10
91.17611932145701
 20
250.363544860028
 30
0.0
 41
1.0
 10
91.1850196498417
 20
250.3554267408081
 30
0.0
 41
1.0
 10
91.19399975110537
 20
250.3473659917144
 30
0.0
 41
1.0
 10
91.20306363124109
 20
250.3393659100266
 30
0.0
 41
1.0
 10
91.21221363627956
 20
250.3314285941906
 30
0.0
 41
1.0
 10
91.22144882996327
 20
250.3235537940863
 30
0.0
 41
1.0
 10
91.23076632396442
 20
250.3157398574094
 30
0.0
 41
1.0
 10
91.24016211809157
 20
250.307984328153
 30
0.0
 41
1.0
 10
91.24963208039662
 20
250.3002846443442
 30
0.0
 41
1.0
 10
91.25917298752938
 20
250.2926388786418
 30
0.0
 41
1.0
 10
91.26878315256362
 20
250.285046185636
 30
0.0
 41
1.0
 10
91.27846183860674
 20
250.277506385949
 30
0.0
 41
1.0
 10
91.28820889135477
 20
250.2700197059676
 30
0.0
 41
1.0
 10
91.29802430863037
 20
250.2625864727161
 30
0.0
 41
1.0
 10
91.30790778093706
 20
250.2552067881625
 30
0.0
 41
1.0
 10
91.31785842431781
 20
250.2478803399945
 30
0.0
 41
1.0
 10
91.32787502881638
 20
250.2406065784135
 30
0.0
 41
1.0
 10
91.33795620898945
 20
250.2333848233502
 30
0.0
 41
1.0
 10
91.34810058259063
 20
250.2262143916569
 30
0.0
 41
1.0
 10
91.35830696058837
 20
250.2190947322652
 30
0.0
 41
1.0
 10
91.36857445425267
 20
250.2120255025784
 30
0.0
 41
1.0
 10
91.37890236616021
 20
250.2050064917439
 30
0.0
 41
1.0
 10
91.38929012230347
 20
250.1980375730282
 30
0.0
 41
1.0
 10
91.39973719194495
 20
250.1911186474208
 30
0.0
 41
1.0
 10
91.41024300195022
 20
250.1842495833835
 30
0.0
 41
1.0
 10
91.42080688671013
 20
250.1774301814785
 30
0.0
 41
1.0
 10
91.43142813442137
 20
250.1706602065405
 30
0.0
 41
1.0
 10
91.44210601474696
 20
250.1639394066997
 30
0.0
 41
1.0
 10
91.4528398116945
 20
250.1572675361158
 30
0.0
 41
1.0
 10
91.4636288579868
 20
250.1506443784456
 30
0.0
 41
1.0
 10
91.47447255521456
 20
250.1440697610969
 30
0.0
 41
1.0
 10
91.48537035196659
 20
250.1375435421132
 30
0.0
 41
1.0
 10
91.49632172918064
 20
250.1310656017549
 30
0.0
 41
1.0
 10
91.50732618319034
 20
250.1246358323369
 30
0.0
 41
1.0
 10
91.51838320723163
 20
250.1182541274256
 30
0.0
 41
1.0
 10
91.52949227995213
 20
250.1119203742492
 30
0.0
 41
1.0
 10
91.54065287871071
 20
250.1056344582957
 30
0.0
 41
1.0
 10
91.55186448857511
 20
250.0993962655193
 30
0.0
 41
1.0
 10
91.56312661205811
 20
250.093205685127
 30
0.0
 41
1.0
 10
91.57443877956485
 20
250.0870626117967
 30
0.0
 41
1.0
 10
91.58580055499351
 20
250.0809669476985
 30
0.0
 41
1.0
 10
91.59721152102338
 20
250.0749186037365
 30
0.0
 41
1.0
 10
91.60867126679386
 20
250.0689175006901
 30
0.0
 41
1.0
 10
91.6201793750106
 20
250.062963569957
 30
0.0
 41
1.0
 10
91.6317354072744
 20
250.0570567543964
 30
0.0
 41
1.0
 10
91.64333889466707
 20
250.0511970080033
 30
0.0
 41
1.0
 10
91.6549893633528
 20
250.0453842897932
 30
0.0
 41
1.0
 10
91.66668635606219
 20
250.0396185579684
 30
0.0
 41
1.0
 10
91.67842945456049
 20
250.0338997638455
 30
0.0
 41
1.0
 10
91.69021830205656
 20
250.028227845045
 30
0.0
 41
1.0
 10
91.70205262347009
 20
250.0226027200015
 30
0.0
 41
1.0
 10
91.71393221721974
 20
250.017024302384
 30
0.0
 41
1.0
 10
91.72347200244804
 20
250.0125988716236
 30
0.0
 41
1.0
 10
91.73064711967436
 20
250.009300755999
 30
0.0
 41
1.0
 10
91.73543954074739
 20
250.0071113235726
 30
0.0
 41
1.0
 10
91.73783800368074
 20
250.0060189351907
 30
0.0
 41
1.0
  0
SPLINE
  5
6B7
330
70
100
AcDbEntity
  8
Visible
100
AcDbSpline
210
0.0
220
0.0
230
1.0
 70
    12
 71
     5
 72
    81
 73
    75
 74
     0
 42
0.000000001
 43
0.0000000001
 40
-1.0
 40
-1.0
 40
-1.0
 40
-1.0
 40
-1.0
 40
-1.0
 40
-0.9857142857142841
 40
-0.9714285714285699
 40
-0.9571428571428556
 40
-0.9428571428571414
 40
-0.9285714285714272
 40
-0.9142857142857129
 40
-0.8999999999999987
 40
-0.8857142857142845
 40
-0.8714285714285702
 40
-0.857142857142856
 40
-0.8428571428571418
 40
-0.8285714285714275
 40
-0.8142857142857133
 40
-0.7999999999999991
 40
-0.7857142857142848
 40
-0.7714285714285706
 40
-0.7571428571428564
 40
-0.7428571428571421
 40
-0.7285714285714279
 40
-0.7142857142857137
 40
-0.6999999999999994
 40
-0.6857142857142852
 40
-0.6714285714285709
 40
-0.6571428571428567
 40
-0.6428571428571425
 40
-0.6285714285714282
 40
-0.614285714285714
 40
-0.5999999999999998
 40
-0.5857142857142855
 40
-0.5714285714285713
 40
-0.5571428571428571
 40
-0.5428571428571428
 40
-0.5285714285714286
 40
-0.5142857142857144
 40
-0.5000000000000001
 40
-0.4857142857142859
 40
-0.4714285714285716
 40
-0.4571428571428572
 40
-0.442857142857143
 40
-0.4285714285714287
 40
-0.4142857142857145
 40
-0.4000000000000001
 40
-0.3857142857142858
 40
-0.3714285714285715
 40
-0.3571428571428572
 40
-0.3428571428571429
 40
-0.3285714285714286
 40
-0.3142857142857143
 40
-0.3
 40
-0.2857142857142858
 40
-0.2714285714285714
 40
-0.2571428571428572
 40
-0.2428571428571429
 40
-0.2285714285714286
 40
-0.2142857142857143
 40
-0.2
 40
-0.1857142857142857
 40
-0.1714285714285715
 40
-0.1571428571428572
 40
-0.1428571428571429
 40
-0.1285714285714286
 40
-0.1142857142857143
 40
-0.1
 40
-0.0857142857142858
 40
-0.0714285714285714
 40
-0.0571428571428571
 40
-0.0428571428571429
 40
-0.0285714285714286
 40
-0.0142857142857143
 40
0.0
 40
0.0
 40
0.0
 40
0.0
 40
0.0
 40
0.0
 10
90.51108645198928
 20
249.3809577993971
 30
0.0
 41
1.0
 10
90.51161247236359
 20
249.3835402864515
 30
0.0
 41
1.0
 10
90.51265809875259
 20
249.3887043526338
 30
0.0
 41
1.0
 10
90.51420729525217
 20
249.3964477281324
 30
0.0
 41
1.0
 10
90.51623439162723
 20
249.4067667794397
 30
0.0
 41
1.0
 10
90.51870400698225
 20
249.4196564842769
 30
0.0
 41
1.0
 10
90.5211092248237
 20
249.4325370169599
 30
0.0
 41
1.0
 10
90.52344985682339
 20
249.4454082651519
 30
0.0
 41
1.0
 10
90.52572567530388
 20
249.4582700542496
 30
0.0
 41
1.0
 10
90.52793642008328
 20
249.4711221322695
 30
0.0
 41
1.0
 10
90.53008180594316
 20
249.4839641894687
 30
0.0
 41
1.0
 10
90.53216153029371
 20
249.4967958804755
 30
0.0
 41
1.0
 10
90.53417528146201
 20
249.5096168460396
 30
0.0
 41
1.0
 10
90.53612274660736
 20
249.5224267338372
 30
0.0
 41
1.0
 10
90.53800362181664
 20
249.5352252227849
 30
0.0
 41
1.0
 10
90.53981760630994
 20
249.5480120156071
 30
0.0
 41
1.0
 10
90.54156439449981
 20
249.5607868264751
 30
0.0
 41
1.0
 10
90.54324366900983
 20
249.5735493701386
 30
0.0
 41
1.0
 10
90.54485509436018
 20
249.5862993512874
 30
0.0
 41
1.0
 10
90.5463983093232
 20
249.5990364519166
 30
0.0
 41
1.0
 10
90.54787293184835
 20
249.6117603346738
 30
0.0
 41
1.0
 10
90.54927856700123
 20
249.6244706500056
 30
0.0
 41
1.0
 10
90.55061481494067
 20
249.6371670423932
 30
0.0
 41
1.0
 10
90.55188127798828
 20
249.6498491563407
 30
0.0
 41
1.0
 10
90.55307757216814
 20
249.6625166444264
 30
0.0
 41
1.0
 10
90.55420331431561
 20
249.6751691624713
 30
0.0
 41
1.0
 10
90.55525810245944
 20
249.6878063609274
 30
0.0
 41
1.0
 10
90.55624149764481
 20
249.7004278771338
 30
0.0
 41
1.0
 10
90.55715300850534
 20
249.7130333284122
 30
0.0
 41
1.0
 10
90.55799206779921
 20
249.7256223020904
 30
0.0
 41
1.0
 10
90.55875805578944
 20
249.7381943634173
 30
0.0
 41
1.0
 10
90.55945033942498
 20
249.7507490695834
 30
0.0
 41
1.0
 10
90.56006831006744
 20
249.7632859829555
 30
0.0
 41
1.0
 10
90.56061141513328
 20
249.775804682271
 30
0.0
 41
1.0
 10
90.5610792113257
 20
249.7883047811693
 30
0.0
 41
1.0
 10
90.56147130658246
 20
249.8007859084728
 30
0.0
 41
1.0
 10
90.56178726098279
 20
249.8132476742922
 30
0.0
 41
1.0
 10
90.56202649400711
 20
249.8256896383355
 30
0.0
 41
1.0
 10
90.56218820610684
 20
249.8381112829784
 30
0.0
 41
1.0
 10
90.56227125256283
 20
249.8505119701831
 30
0.0
 41
1.0
 10
90.56227426823353
 20
249.8628909832341
 30
0.0
 41
1.0
 10
90.56219588858676
 20
249.8752476010195
 30
0.0
 41
1.0
 10
90.56203495763293
 20
249.8875811678263
 30
0.0
 41
1.0
 10
90.5617907031292
 20
249.8998911520912
 30
0.0
 41
1.0
 10
90.56146302565139
 20
249.912177243491
 30
0.0
 41
1.0
 10
90.56105218848825
 20
249.9244392480441
 30
0.0
 41
1.0
 10
90.56055828409171
 20
249.9366769078497
 30
0.0
 41
1.0
 10
90.55998073421051
 20
249.9488897321844
 30
0.0
 41
1.0
 10
90.55931786334076
 20
249.9610768532157
 30
0.0
 41
1.0
 10
90.55856621759359
 20
249.9732367960605
 30
0.0
 41
1.0
 10
90.55772129559045
 20
249.9853677237934
 30
0.0
 41
1.0
 10
90.55677875912897
 20
249.9974678437966
 30
0.0
 41
1.0
 10
90.55573557374737
 20
250.0095357905621
 30
0.0
 41
1.0
 10
90.55459098677784
 20
250.0215709536596
 30
0.0
 41
1.0
 10
90.55334807486088
 20
250.0335739976326
 30
0.0
 41
1.0
 10
90.55201186021349
 20
250.0455462253058
 30
0.0
 41
1.0
 10
90.55058643630582
 20
250.0574886071008
 30
0.0
 41
1.0
 10
90.54907224782255
 20
250.0694008624841
 30
0.0
 41
1.0
 10
90.54746369952955
 20
250.0812806519234
 30
0.0
 41
1.0
 10
90.54574559099274
 20
250.093122373889
 30
0.0
 41
1.0
 10
90.54389775876098
 20
250.1049187220615
 30
0.0
 41
1.0
 10
90.54190155353081
 20
250.1166628586752
 30
0.0
 41
1.0
 10
90.53974602522158
 20
250.1283504916446
 30
0.0
 41
1.0
 10
90.53743348524767
 20
250.139981737454
 30
0.0
 41
1.0
 10
90.53498733611105
 20
250.1515637587691
 30
0.0
 41
1.0
 10
90.5324393173123
 20
250.1631063750747
 30
0.0
 41
1.0
 10
90.52981355442899
 20
250.1746165836148
 30
0.0
 41
1.0
 10
90.52711133607045
 20
250.1860933249591
 30
0.0
 41
1.0
 10
90.52429644591484
 20
250.1975224462467
 30
0.0
 41
1.0
 10
90.52127782809476
 20
250.2088707317498
 30
0.0
 41
1.0
 10
90.51793475535669
 20
250.2200947736974
 30
0.0
 41
1.0
 10
90.51490334172376
 20
250.2289398042476
 30
0.0
 41
1.0
 10
90.51238607553841
 20
250.2354828013513
 30
0.0
 41
1.0
 10
90.51059411306232
 20
250.2398025107796
 30
0.0
 41
1.0
 10
90.50966968535339
 20
250.2419517932585
 30
0.0
 41
1.0
  0
ARC
  5
6B8
330
70
100
AcDbEntity
  8
Visible
100
AcDbCircle
 10
88.647151
 20
254.555486
 30
0.0
 40
5.499999999998582
100
AcDbArc
 50
286.190287
 51
289.809713
  0
SPLINE
  5
6B9
330
70
100
AcDbEntity
  8
Visible
100
AcDbSpline
210
0.0
220
0.0
230
1.0
 70
    12
 71
     5
 72
    81
 73
    75
 74
     0
 42
0.000000001
 43
0.0000000001
 40
0.0
 40
0.0
 40
0.0
 40
0.0
 40
0.0
 40
0.0
 40
0.0142857142857143
 40
0.0285714285714286
 40
0.0428571428571429
 40
0.0571428571428571
 40
0.0714285714285714
 40
0.0857142857142858
 40
0.1
 40
0.1142857142857143
 40
0.1285714285714286
 40
0.1428571428571429
 40
0.1571428571428572
 40
0.1714285714285715
 40
0.1857142857142857
 40
0.2
 40
0.2142857142857143
 40
0.2285714285714286
 40
0.2428571428571429
 40
0.2571428571428572
 40
0.2714285714285714
 40
0.2857142857142858
 40
0.3
 40
0.3142857142857143
 40
0.3285714285714286
 40
0.3428571428571429
 40
0.3571428571428572
 40
0.3714285714285715
 40
0.3857142857142858
 40
0.4000000000000001
 40
0.4142857142857145
 40
0.4285714285714287
 40
0.442857142857143
 40
0.4571428571428572
 40
0.4714285714285716
 40
0.4857142857142859
 40
0.5000000000000001
 40
0.5142857142857144
 40
0.5285714285714286
 40
0.5428571428571428
 40
0.5571428571428571
 40
0.5714285714285713
 40
0.5857142857142855
 40
0.5999999999999998
 40
0.614285714285714
 40
0.6285714285714282
 40
0.6428571428571425
 40
0.6571428571428567
 40
0.6714285714285709
 40
0.6857142857142852
 40
0.6999999999999994
 40
0.7142857142857137
 40
0.7285714285714279
 40
0.7428571428571421
 40
0.7571428571428564
 40
0.7714285714285706
 40
0.7857142857142848
 40
0.7999999999999991
 40
0.8142857142857133
 40
0.8285714285714275
 40
0.8428571428571418
 40
0.857142857142856
 40
0.8714285714285702
 40
0.8857142857142845
 40
0.8999999999999987
 40
0.9142857142857129
 40
0.9285714285714272
 40
0.9428571428571414
 40
0.9571428571428556
 40
0.9714285714285699
 40
0.9857142857142841
 40
1.0
 40
1.0
 40
1.0
 40
1.0
 40
1.0
 40
1.0
 10
89.675772939534
 20
249.9710023159169
 30
0.0
 41
1.0
 10
89.67628837835126
 20
249.9687201448923
 30
0.0
 41
1.0
 10
89.67737771175142
 20
249.9641721374374
 30
0.0
 41
1.0
 10
89.67918707783155
 20
249.9573991296466
 30
0.0
 41
1.0
 10
89.68193359119869
 20
249.9484615293886
 30
0.0
 41
1.0
 10
89.68582631486787
 20
249.9374160798552
 30
0.0
 41
1.0
 10
89.69005455660953
 20
249.9264608249887
 30
0.0
 41
1.0
 10
89.69449513157632
 20
249.9155599207161
 30
0.0
 41
1.0
 10
89.69905485030812
 20
249.9046867178295
 30
0.0
 41
1.0
 10
89.70369609434328
 20
249.8938313788122
 30
0.0
 41
1.0
 10
89.70841928347089
 20
249.8829955181891
 30
0.0
 41
1.0
 10
89.71324804856886
 20
249.8721876557283
 30
0.0
 41
1.0
 10
89.71821383918177
 20
249.8614185033102
 30
0.0
 41
1.0
 10
89.72333979844188
 20
249.8506960218638
 30
0.0
 41
1.0
 10
89.7286278647889
 20
249.8400214757639
 30
0.0
 41
1.0
 10
89.73406665659785
 20
249.8293919010866
 30
0.0
 41
1.0
 10
89.73963706712675
 20
249.8188018679138
 30
0.0
 41
1.0
 10
89.74531848925289
 20
249.8082454354044
 30
0.0
 41
1.0
 10
89.75109533307294
 20
249.797718200698
 30
0.0
 41
1.0
 10
89.75696169680395
 20
249.7872187677203
 30
0.0
 41
1.0
 10
89.76291777531059
 20
249.7767476248091
 30
0.0
 41
1.0
 10
89.76896745067643
 20
249.7663063929558
 30
0.0
 41
1.0
 10
89.77511555174443
 20
249.7558969701395
 30
0.0
 41
1.0
 10
89.7813649581767
 20
249.7455206271361
 30
0.0
 41
1.0
 10
89.78771470225002
 20
249.7351774153876
 30
0.0
 41
1.0
 10
89.79416152640897
 20
249.7248666560017
 30
0.0
 41
1.0
 10
89.80070086729847
 20
249.7145872493047
 30
0.0
 41
1.0
 10
89.80732800350962
 20
249.7043380355563
 30
0.0
 41
1.0
 10
89.81403927387328
 20
249.6941181778175
 30
0.0
 41
1.0
 10
89.82083281277937
 20
249.6839273933428
 30
0.0
 41
1.0
 10
89.82770786397214
 20
249.6737657392487
 30
0.0
 41
1.0
 10
89.83466435065748
 20
249.6636334785235
 30
0.0
 41
1.0
 10
89.84170237181933
 20
249.6535309228575
 30
0.0
 41
1.0
 10
89.84882166462012
 20
249.6434582648681
 30
0.0
 41
1.0
 10
89.85602129185645
 20
249.6334154806864
 30
0.0
 41
1.0
 10
89.86329993289473
 20
249.6234024213218
 30
0.0
 41
1.0
 10
89.87065605994576
 20
249.6134188681126
 30
0.0
 41
1.0
 10
89.87808814731398
 20
249.6034645984855
 30
0.0
 41
1.0
 10
89.8855948938699
 20
249.5935394557755
 30
0.0
 41
1.0
 10
89.89317534851489
 20
249.5836433887844
 30
0.0
 41
1.0
 10
89.90082878280281
 20
249.573776412496
 30
0.0
 41
1.0
 10
89.90855461165665
 20
249.5639385837585
 30
0.0
 41
1.0
 10
89.91635229972052
 20
249.5541299724127
 30
0.0
 41
1.0
 10
89.92422126126076
 20
249.5443506304682
 30
0.0
 41
1.0
 10
89.93216080161891
 20
249.5346005739321
 30
0.0
 41
1.0
 10
89.94017017115856
 20
249.524879799108
 30
0.0
 41
1.0
 10
89.94824859745676
 20
249.51518829214
 30
0.0
 41
1.0
 10
89.95639532359382
 20
249.5055260404742
 30
0.0
 41
1.0
 10
89.96460964809831
 20
249.4958930445564
 30
0.0
 41
1.0
 10
89.97289094851476
 20
249.4862893251593
 30
0.0
 41
1.0
 10
89.98123865655452
 20
249.4767149176705
 30
0.0
 41
1.0
 10
89.98965224155654
 20
249.4671698686097
 30
0.0
 41
1.0
 10
89.99813119123064
 20
249.4576542312043
 30
0.0
 41
1.0
 10
90.00667499072552
 20
249.4481680608269
 30
0.0
 41
1.0
 10
90.01528310935645
 20
249.4387114113333
 30
0.0
 41
1.0
 10
90.02395501467617
 20
249.4292843353205
 30
0.0
 41
1.0
 10
90.03269018171431
 20
249.4198868834492
 30
0.0
 41
1.0
 10
90.04148810309379
 20
249.410519104078
 30
0.0
 41
1.0
 10
90.05034829965735
 20
249.4011810421544
 30
0.0
 41
1.0
 10
90.05927032641739
 20
249.3918727393993
 30
0.0
 41
1.0
 10
90.0682537589455
 20
249.3825942400353
 30
0.0
 41
1.0
 10
90.07729818200914
 20
249.3733455956835
 30
0.0
 41
1.0
 10
90.08640317753906
 20
249.3641268700512
 30
0.0
 41
1.0
 10
90.09556831093505
 20
249.3549381442644
 30
0.0
 41
1.0
 10
90.10479312201368
 20
249.3457795194745
 30
0.0
 41
1.0
 10
90.11407714746473
 20
249.3366511031272
 30
0.0
 41
1.0
 10
90.12341993948302
 20
249.3275529967741
 30
0.0
 41
1.0
 10
90.13282108525983
 20
249.3184852833556
 30
0.0
 41
1.0
 10
90.14228022619045
 20
249.3094480137997
 30
0.0
 41
1.0
 10
90.15179707545303
 20
249.300441195538
 30
0.0
 41
1.0
 10
90.16137141465424
 20
249.2914648087581
 30
0.0
 41
1.0
 10
90.16907675624679
 20
249.2843080182383
 30
0.0
 41
1.0
 10
90.17488152446276
 20
249.2789540907215
 30
0.0
 41
1.0
 10
90.17876281592544
 20
249.2753908771902
 30
0.0
 41
1.0
 10
90.18070632315357
 20
249.2736107882947
 30
0.0
 41
1.0
  0
SPLINE
  5
6BA
330
70
100
AcDbEntity
  8
Visible
100
AcDbSpline
210
0.0
220
0.0
230
1.0
 70
    12
 71
     5
 72
    81
 73
    75
 74
     0
 42
0.000000001
 43
0.0000000001
 40
-1.0
 40
-1.0
 40
-1.0
 40
-1.0
 40
-1.0
 40
-1.0
 40
-0.9857142857142841
 40
-0.9714285714285699
 40
-0.9571428571428556
 40
-0.9428571428571414
 40
-0.9285714285714272
 40
-0.9142857142857129
 40
-0.8999999999999987
 40
-0.8857142857142845
 40
-0.8714285714285702
 40
-0.857142857142856
 40
-0.8428571428571418
 40
-0.8285714285714275
 40
-0.8142857142857133
 40
-0.7999999999999991
 40
-0.7857142857142848
 40
-0.7714285714285706
 40
-0.7571428571428564
 40
-0.7428571428571421
 40
-0.7285714285714279
 40
-0.7142857142857137
 40
-0.6999999999999994
 40
-0.6857142857142852
 40
-0.6714285714285709
 40
-0.6571428571428567
 40
-0.6428571428571425
 40
-0.6285714285714282
 40
-0.614285714285714
 40
-0.5999999999999998
 40
-0.5857142857142855
 40
-0.5714285714285713
 40
-0.5571428571428571
 40
-0.5428571428571428
 40
-0.5285714285714286
 40
-0.5142857142857144
 40
-0.5000000000000001
 40
-0.4857142857142859
 40
-0.4714285714285716
 40
-0.4571428571428572
 40
-0.442857142857143
 40
-0.4285714285714287
 40
-0.4142857142857145
 40
-0.4000000000000001
 40
-0.3857142857142858
 40
-0.3714285714285715
 40
-0.3571428571428572
 40
-0.3428571428571429
 40
-0.3285714285714286
 40
-0.3142857142857143
 40
-0.3
 40
-0.2857142857142858
 40
-0.2714285714285714
 40
-0.2571428571428572
 40
-0.2428571428571429
 40
-0.2285714285714286
 40
-0.2142857142857143
 40
-0.2
 40
-0.1857142857142857
 40
-0.1714285714285715
 40
-0.1571428571428572
 40
-0.1428571428571429
 40
-0.1285714285714286
 40
-0.1142857142857143
 40
-0.1
 40
-0.0857142857142858
 40
-0.0714285714285714
 40
-0.0571428571428571
 40
-0.0428571428571429
 40
-0.0285714285714286
 40
-0.0142857142857143
 40
0.0
 40
0.0
 40
0.0
 40
0.0
 40
0.0
 40
0.0
 10
88.8208417525575
 20
249.0582293993639
 30
0.0
 41
1.0
 10
88.82214006005051
 20
249.0605229412695
 30
0.0
 41
1.0
 10
88.82473029405174
 20
249.0651111437391
 30
0.0
 41
1.0
 10
88.82859650210049
 20
249.0719968034191
 30
0.0
 41
1.0
 10
88.8337131475373
 20
249.0811843971778
 30
0.0
 41
1.0
 10
88.84004502916013
 20
249.0926800818415
 30
0.0
 41
1.0
 10
88.8463128307576
 20
249.1041869431956
 30
0.0
 41
1.0
 10
88.85251633850293
 20
249.1157049325957
 30
0.0
 41
1.0
 10
88.85865528190789
 20
249.127233954342
 30
0.0
 41
1.0
 10
88.86472933565801
 20
249.138773849184
 30
0.0
 41
1.0
 10
88.87073813277675
 20
249.1503244106752
 30
0.0
 41
1.0
 10
88.87668127875986
 20
249.1618854038543
 30
0.0
 41
1.0
 10
88.88255836617373
 20
249.1734565833649
 30
0.0
 41
1.0
 10
88.88836898861701
 20
249.185037710803
 30
0.0
 41
1.0
 10
88.89411275782823
 20
249.1966285747112
 30
0.0
 41
1.0
 10
88.89978929588687
 20
249.2082289853115
 30
0.0
 41
1.0
 10
88.90539822383471
 20
249.2198387651952
 30
0.0
 41
1.0
 10
88.91093915168402
 20
249.2314577411498
 30
0.0
 41
1.0
 10
88.91641166911723
 20
249.243085735985
 30
0.0
 41
1.0
 10
88.9218153343163
 20
249.2547225588878
 30
0.0
 41
1.0
 10
88.92714967968549
 20
249.2663680070764
 30
0.0
 41
1.0
 10
88.93241422159826
 20
249.2780218701464
 30
0.0
 41
1.0
 10
88.93760846992336
 20
249.2896839335381
 30
0.0
 41
1.0
 10
88.94273193659136
 20
249.3013539820431
 30
0.0
 41
1.0
 10
88.94778414906159
 20
249.3130318039002
 30
0.0
 41
1.0
 10
88.9527646365641
 20
249.3247171901803
 30
0.0
 41
1.0
 10
88.95767290878575
 20
249.3364099326582
 30
0.0
 41
1.0
 10
88.96250843618691
 20
249.3481098220664
 30
0.0
 41
1.0
 10
88.96727063319758
 20
249.3598166462998
 30
0.0
 41
1.0
 10
88.97195883281529
 20
249.3715301881684
 30
0.0
 41
1.0
 10
88.97657231128869
 20
249.3832502257101
 30
0.0
 41
1.0
 10
88.98111032971611
 20
249.3949765334118
 30
0.0
 41
1.0
 10
88.98557217401139
 20
249.406708883138
 30
0.0
 41
1.0
 10
88.98995718845981
 20
249.4184470450018
 30
0.0
 41
1.0
 10
88.99426483206752
 20
249.430190788541
 30
0.0
 41
1.0
 10
88.99849461726262
 20
249.4419398818954
 30
0.0
 41
1.0
 10
89.00264600517131
 20
249.4536940902035
 30
0.0
 41
1.0
 10
89.00671830763076
 20
249.4654531741117
 30
0.0
 41
1.0
 10
89.01071060427057
 20
249.4772168884056
 30
0.0
 41
1.0
 10
89.01462160923165
 20
249.4889849800129
 30
0.0
 41
1.0
 10
89.01844980271107
 20
249.5007571891465
 30
0.0
 41
1.0
 10
89.02219366412555
 20
249.5125332516536
 30
0.0
 41
1.0
 10
89.02585189143792
 20
249.5243129011333
 30
0.0
 41
1.0
 10
89.02942358593918
 20
249.5360958706769
 30
0.0
 41
1.0
 10
89.03290855717569
 20
249.5478818958718
 30
0.0
 41
1.0
 10
89.03630699560654
 20
249.5596707108698
 30
0.0
 41
1.0
 10
89.03961890946357
 20
249.5714620418239
 30
0.0
 41
1.0
 10
89.04284359715438
 20
249.5832556007181
 30
0.0
 41
1.0
 10
89.04597919700426
 20
249.5950510799539
 30
0.0
 41
1.0
 10
89.04902196840884
 20
249.6068481441444
 30
0.0
 41
1.0
 10
89.05196706265906
 20
249.6186464372713
 30
0.0
 41
1.0
 10
89.0548097999299
 20
249.6304455950321
 30
0.0
 41
1.0
 10
89.05754687231274
 20
249.642245256453
 30
0.0
 41
1.0
 10
89.06017737534421
 20
249.6540450735674
 30
0.0
 41
1.0
 10
89.06270444043821
 20
249.6658447276577
 30
0.0
 41
1.0
 10
89.06513324660318
 20
249.6776439058349
 30
0.0
 41
1.0
 10
89.06746798683434
 20
249.6894422660735
 30
0.0
 41
1.0
 10
89.06970899736553
 20
249.701239404154
 30
0.0
 41
1.0
 10
89.07185023385592
 20
249.7130348240698
 30
0.0
 41
1.0
 10
89.07387550886596
 20
249.7248278956458
 30
0.0
 41
1.0
 10
89.07576338803847
 20
249.736617901006
 30
0.0
 41
1.0
 10
89.07749402184435
 20
249.7484041000016
 30
0.0
 41
1.0
 10
89.07905566981117
 20
249.7601857943755
 30
0.0
 41
1.0
 10
89.08045056621995
 20
249.7719623806479
 30
0.0
 41
1.0
 10
89.08170318155953
 20
249.7837334391461
 30
0.0
 41
1.0
 10
89.08284673627532
 20
249.7954985007091
 30
0.0
 41
1.0
 10
89.08390633742238
 20
249.8072567648996
 30
0.0
 41
1.0
 10
89.08488288315949
 20
249.8190068259355
 30
0.0
 41
1.0
 10
89.08573755624365
 20
249.8307464151076
 30
0.0
 41
1.0
 10
89.08637349317359
 20
249.8424720801904
 30
0.0
 41
1.0
 10
89.08666246176835
 20
249.8541798447122
 30
0.0
 41
1.0
 10
89.08651268083486
 20
249.8635287269835
 30
0.0
 41
1.0
 10
89.08614051572568
 20
249.8705293650455
 30
0.0
 41
1.0
 10
89.08577112175953
 20
249.8751913997048
 30
0.0
 41
1.0
 10
89.08555610357508
 20
249.8775211526836
 30
0.0
 41
1.0
  0
ARC
  5
6BB
330
70
100
AcDbEntity
  8
Visible
100
AcDbCircle
 10
88.647151
 20
254.555486
 30
0.0
 40
5.499999999998582
100
AcDbArc
 50
268.190287
 51
271.809713
  0
SPLINE
  5
6BC
330
70
100
AcDbEntity
  8
Visible
100
AcDbSpline
210
0.0
220
0.0
230
1.0
 70
    12
 71
     5
 72
    81
 73
    75
 74
     0
 42
0.000000001
 43
0.0000000001
 40
0.0
 40
0.0
 40
0.0
 40
0.0
 40
0.0
 40
0.0
 40
0.0142857142857143
 40
0.0285714285714286
 40
0.0428571428571429
 40
0.0571428571428571
 40
0.0714285714285714
 40
0.0857142857142858
 40
0.1
 40
0.1142857142857143
 40
0.1285714285714286
 40
0.1428571428571429
 40
0.1571428571428572
 40
0.1714285714285715
 40
0.1857142857142857
 40
0.2
 40
0.2142857142857143
 40
0.2285714285714286
 40
0.2428571428571429
 40
0.2571428571428572
 40
0.2714285714285714
 40
0.2857142857142858
 40
0.3
 40
0.3142857142857143
 40
0.3285714285714286
 40
0.3428571428571429
 40
0.3571428571428572
 40
0.3714285714285715
 40
0.3857142857142858
 40
0.4000000000000001
 40
0.4142857142857145
 40
0.4285714285714287
 40
0.442857142857143
 40
0.4571428571428572
 40
0.4714285714285716
 40
0.4857142857142859
 40
0.5000000000000001
 40
0.5142857142857144
 40
0.5285714285714286
 40
0.5428571428571428
 40
0.5571428571428571
 40
0.5714285714285713
 40
0.5857142857142855
 40
0.5999999999999998
 40
0.614285714285714
 40
0.6285714285714282
 40
0.6428571428571425
 40
0.6571428571428567
 40
0.6714285714285709
 40
0.6857142857142852
 40
0.6999999999999994
 40
0.7142857142857137
 40
0.7285714285714279
 40
0.7428571428571421
 40
0.7571428571428564
 40
0.7714285714285706
 40
0.7857142857142848
 40
0.7999999999999991
 40
0.8142857142857133
 40
0.8285714285714275
 40
0.8428571428571418
 40
0.857142857142856
 40
0.8714285714285702
 40
0.8857142857142845
 40
0.8999999999999987
 40
0.9142857142857129
 40
0.9285714285714272
 40
0.9428571428571414
 40
0.9571428571428556
 40
0.9714285714285699
 40
0.9857142857142841
 40
1.0
 40
1.0
 40
1.0
 40
1.0
 40
1.0
 40
1.0
 10
88.20874517643096
 20
249.8775211526836
 30
0.0
 41
1.0
 10
88.20853015824559
 20
249.8751913997048
 30
0.0
 41
1.0
 10
88.20816076428036
 20
249.8705293650455
 30
0.0
 41
1.0
 10
88.20778859917117
 20
249.8635287269835
 30
0.0
 41
1.0
 10
88.20763881823769
 20
249.8541798447122
 30
0.0
 41
1.0
 10
88.20792778683244
 20
249.8424720801904
 30
0.0
 41
1.0
 10
88.20856372376146
 20
249.8307464151076
 30
0.0
 41
1.0
 10
88.20941839684564
 20
249.8190068259355
 30
0.0
 41
1.0
 10
88.21039494258275
 20
249.8072567648996
 30
0.0
 41
1.0
 10
88.21145454373072
 20
249.7954985007091
 30
0.0
 41
1.0
 10
88.21259809844651
 20
249.7837334391461
 30
0.0
 41
1.0
 10
88.21385071378518
 20
249.7719623806479
 30
0.0
 41
1.0
 10
88.21524561019487
 20
249.7601857943755
 30
0.0
 41
1.0
 10
88.21680725816168
 20
249.7484041000016
 30
0.0
 41
1.0
 10
88.21853789196756
 20
249.736617901006
 30
0.0
 41
1.0
 10
88.22042577114007
 20
249.7248278956458
 30
0.0
 41
1.0
 10
88.22245104615012
 20
249.7130348240698
 30
0.0
 41
1.0
 10
88.22459228264051
 20
249.701239404154
 30
0.0
 41
1.0
 10
88.22683329317078
 20
249.6894422660735
 30
0.0
 41
1.0
 10
88.22916803340286
 20
249.6776439058349
 30
0.0
 41
1.0
 10
88.23159683956783
 20
249.6658447276577
 30
0.0
 41
1.0
 10
88.23412390466183
 20
249.6540450735674
 30
0.0
 41
1.0
 10
88.23675440769239
 20
249.642245256453
 30
0.0
 41
1.0
 10
88.23949148007613
 20
249.6304455950321
 30
0.0
 41
1.0
 10
88.24233421734698
 20
249.6186464372713
 30
0.0
 41
1.0
 10
88.24527931159719
 20
249.6068481441444
 30
0.0
 41
1.0
 10
88.24832208300177
 20
249.5950510799539
 30
0.0
 41
1.0
 10
88.25145768285166
 20
249.5832556007181
 30
0.0
 41
1.0
 10
88.25468237054247
 20
249.5714620418239
 30
0.0
 41
1.0
 10
88.2579942843995
 20
249.5596707108698
 30
0.0
 41
1.0
 10
88.26139272283034
 20
249.5478818958718
 30
0.0
 41
1.0
 10
88.26487769406686
 20
249.5360958706769
 30
0.0
 41
1.0
 10
88.26844938856721
 20
249.5243129011333
 30
0.0
 41
1.0
 10
88.27210761588048
 20
249.5125332516536
 30
0.0
 41
1.0
 10
88.27585147729497
 20
249.5007571891465
 30
0.0
 41
1.0
 10
88.27967967077439
 20
249.4889849800129
 30
0.0
 41
1.0
 10
88.28359067573547
 20
249.4772168884056
 30
0.0
 41
1.0
 10
88.28758297237527
 20
249.4654531741117
 30
0.0
 41
1.0
 10
88.29165527483473
 20
249.4536940902035
 30
0.0
 41
1.0
 10
88.29580666274342
 20
249.4419398818954
 30
0.0
 41
1.0
 10
88.30003644793851
 20
249.430190788541
 30
0.0
 41
1.0
 10
88.30434409154623
 20
249.4184470450018
 30
0.0
 41
1.0
 10
88.30872910599465
 20
249.406708883138
 30
0.0
 41
1.0
 10
88.31319095028993
 20
249.3949765334118
 30
0.0
 41
1.0
 10
88.31772896871735
 20
249.3832502257101
 30
0.0
 41
1.0
 10
88.32234244719074
 20
249.3715301881684
 30
0.0
 41
1.0
 10
88.32703064680845
 20
249.3598166462998
 30
0.0
 41
1.0
 10
88.33179284381822
 20
249.3481098220664
 30
0.0
 41
1.0
 10
88.33662837122028
 20
249.3364099326582
 30
0.0
 41
1.0
 10
88.34153664344194
 20
249.3247171901803
 30
0.0
 41
1.0
 10
88.34651713094444
 20
249.3130318039002
 30
0.0
 41
1.0
 10
88.35156934341375
 20
249.3013539820431
 30
0.0
 41
1.0
 10
88.35669281008268
 20
249.2896839335381
 30
0.0
 41
1.0
 10
88.36188705840777
 20
249.2780218701464
 30
0.0
 41
1.0
 10
88.36715160032055
 20
249.2663680070764
 30
0.0
 41
1.0
 10
88.37248594568881
 20
249.2547225588878
 30
0.0
 41
1.0
 10
88.37788961088881
 20
249.243085735985
 30
0.0
 41
1.0
 10
88.38336212832201
 20
249.2314577411498
 30
0.0
 41
1.0
 10
88.38890305617042
 20
249.2198387651952
 30
0.0
 41
1.0
 10
88.39451198411916
 20
249.2082289853115
 30
0.0
 41
1.0
 10
88.40018852217781
 20
249.1966285747112
 30
0.0
 41
1.0
 10
88.40593229138903
 20
249.185037710803
 30
0.0
 41
1.0
 10
88.4117429138314
 20
249.1734565833649
 30
0.0
 41
1.0
 10
88.41762000124617
 20
249.1618854038543
 30
0.0
 41
1.0
 10
88.42356314722929
 20
249.1503244106752
 30
0.0
 41
1.0
 10
88.42957194434802
 20
249.138773849184
 30
0.0
 41
1.0
 10
88.43564599809814
 20
249.127233954342
 30
0.0
 41
1.0
 10
88.44178494150311
 20
249.1157049325957
 30
0.0
 41
1.0
 10
88.44798844924843
 20
249.1041869431956
 30
0.0
 41
1.0
 10
88.4542562508459
 20
249.0926800818415
 30
0.0
 41
1.0
 10
88.46058813246873
 20
249.0811843971778
 30
0.0
 41
1.0
 10
88.46570477790555
 20
249.0719968034191
 30
0.0
 41
1.0
 10
88.46957098595339
 20
249.0651111437391
 30
0.0
 41
1.0
 10
88.47216121995552
 20
249.0605229412695
 30
0.0
 41
1.0
 10
88.47345952744763
 20
249.0582293993639
 30
0.0
 41
1.0
  0
SPLINE
  5
6BD
330
70
100
AcDbEntity
  8
Visible
100
AcDbSpline
210
0.0
220
0.0
230
1.0
 70
    12
 71
     5
 72
    81
 73
    75
 74
     0
 42
0.000000001
 43
0.0000000001
 40
-1.0
 40
-1.0
 40
-1.0
 40
-1.0
 40
-1.0
 40
-1.0
 40
-0.9857142857142841
 40
-0.9714285714285699
 40
-0.9571428571428556
 40
-0.9428571428571414
 40
-0.9285714285714272
 40
-0.9142857142857129
 40
-0.8999999999999987
 40
-0.8857142857142845
 40
-0.8714285714285702
 40
-0.857142857142856
 40
-0.8428571428571418
 40
-0.8285714285714275
 40
-0.8142857142857133
 40
-0.7999999999999991
 40
-0.7857142857142848
 40
-0.7714285714285706
 40
-0.7571428571428564
 40
-0.7428571428571421
 40
-0.7285714285714279
 40
-0.7142857142857137
 40
-0.6999999999999994
 40
-0.6857142857142852
 40
-0.6714285714285709
 40
-0.6571428571428567
 40
-0.6428571428571425
 40
-0.6285714285714282
 40
-0.614285714285714
 40
-0.5999999999999998
 40
-0.5857142857142855
 40
-0.5714285714285713
 40
-0.5571428571428571
 40
-0.5428571428571428
 40
-0.5285714285714286
 40
-0.5142857142857144
 40
-0.5000000000000001
 40
-0.4857142857142859
 40
-0.4714285714285716
 40
-0.4571428571428572
 40
-0.442857142857143
 40
-0.4285714285714287
 40
-0.4142857142857145
 40
-0.4000000000000001
 40
-0.3857142857142858
 40
-0.3714285714285715
 40
-0.3571428571428572
 40
-0.3428571428571429
 40
-0.3285714285714286
 40
-0.3142857142857143
 40
-0.3
 40
-0.2857142857142858
 40
-0.2714285714285714
 40
-0.2571428571428572
 40
-0.2428571428571429
 40
-0.2285714285714286
 40
-0.2142857142857143
 40
-0.2
 40
-0.1857142857142857
 40
-0.1714285714285715
 40
-0.1571428571428572
 40
-0.1428571428571429
 40
-0.1285714285714286
 40
-0.1142857142857143
 40
-0.1
 40
-0.0857142857142858
 40
-0.0714285714285714
 40
-0.0571428571428571
 40
-0.0428571428571429
 40
-0.0285714285714286
 40
-0.0142857142857143
 40
0.0
 40
0.0
 40
0.0
 40
0.0
 40
0.0
 40
0.0
 10
87.11359495685247
 20
249.2736107882947
 30
0.0
 41
1.0
 10
87.1155384640806
 20
249.2753908771902
 30
0.0
 41
1.0
 10
87.11941975554237
 20
249.2789540907215
 30
0.0
 41
1.0
 10
87.12522452375834
 20
249.2843080182383
 30
0.0
 41
1.0
 10
87.13292986535179
 20
249.2914648087581
 30
0.0
 41
1.0
 10
87.142504204553
 20
249.300441195538
 30
0.0
 41
1.0
 10
87.15202105381559
 20
249.3094480137997
 30
0.0
 41
1.0
 10
87.16148019474621
 20
249.3184852833556
 30
0.0
 41
1.0
 10
87.17088134052209
 20
249.3275529967741
 30
0.0
 41
1.0
 10
87.1802241325413
 20
249.3366511031272
 30
0.0
 41
1.0
 10
87.18950815799145
 20
249.3457795194745
 30
0.0
 41
1.0
 10
87.19873296907008
 20
249.3549381442644
 30
0.0
 41
1.0
 10
87.20789810246698
 20
249.3641268700512
 30
0.0
 41
1.0
 10
87.2170030979969
 20
249.3733455956835
 30
0.0
 41
1.0
 10
87.22604752106054
 20
249.3825942400353
 30
0.0
 41
1.0
 10
87.23503095358774
 20
249.3918727393993
 30
0.0
 41
1.0
 10
87.24395298034778
 20
249.4011810421544
 30
0.0
 41
1.0
 10
87.25281317691225
 20
249.410519104078
 30
0.0
 41
1.0
 10
87.26161109829172
 20
249.4198868834492
 30
0.0
 41
1.0
 10
87.27034626532987
 20
249.4292843353205
 30
0.0
 41
1.0
 10
87.27901817064958
 20
249.4387114113333
 30
0.0
 41
1.0
 10
87.28762628928052
 20
249.4481680608269
 30
0.0
 41
1.0
 10
87.29617008877449
 20
249.4576542312043
 30
0.0
 41
1.0
 10
87.30464903844859
 20
249.4671698686097
 30
0.0
 41
1.0
 10
87.31306262345151
 20
249.4767149176705
 30
0.0
 41
1.0
 10
87.32141033149128
 20
249.4862893251593
 30
0.0
 41
1.0
 10
87.32969163190773
 20
249.4958930445564
 30
0.0
 41
1.0
 10
87.33790595641222
 20
249.5055260404742
 30
0.0
 41
1.0
 10
87.34605268254927
 20
249.51518829214
 30
0.0
 41
1.0
 10
87.35413110884655
 20
249.524879799108
 30
0.0
 41
1.0
 10
87.3621404783862
 20
249.5346005739321
 30
0.0
 41
1.0
 10
87.37008001874437
 20
249.5443506304682
 30
0.0
 41
1.0
 10
87.37794898028552
 20
249.5541299724127
 30
0.0
 41
1.0
 10
87.38574666834939
 20
249.5639385837585
 30
0.0
 41
1.0
 10
87.39347249720323
 20
249.573776412496
 30
0.0
 41
1.0
 10
87.40112593149024
 20
249.5836433887844
 30
0.0
 41
1.0
 10
87.40870638613614
 20
249.5935394557755
 30
0.0
 41
1.0
 10
87.41621313269206
 20
249.6034645984855
 30
0.0
 41
1.0
 10
87.42364522005937
 20
249.6134188681126
 30
0.0
 41
1.0
 10
87.43100134711131
 20
249.6234024213218
 30
0.0
 41
1.0
 10
87.43827998814959
 20
249.6334154806864
 30
0.0
 41
1.0
 10
87.44547961538501
 20
249.6434582648681
 30
0.0
 41
1.0
 10
87.45259890818671
 20
249.6535309228575
 30
0.0
 41
1.0
 10
87.45963692934855
 20
249.6636334785235
 30
0.0
 41
1.0
 10
87.46659341603299
 20
249.6737657392487
 30
0.0
 41
1.0
 10
87.47346846722667
 20
249.6839273933428
 30
0.0
 41
1.0
 10
87.48026200613276
 20
249.6941181778175
 30
0.0
 41
1.0
 10
87.48697327649642
 20
249.7043380355563
 30
0.0
 41
1.0
 10
87.49360041270756
 20
249.7145872493047
 30
0.0
 41
1.0
 10
87.50013975359706
 20
249.7248666560017
 30
0.0
 41
1.0
 10
87.50658657775602
 20
249.7351774153876
 30
0.0
 41
1.0
 10
87.51293632182841
 20
249.7455206271361
 30
0.0
 41
1.0
 10
87.51918572826161
 20
249.7558969701395
 30
0.0
 41
1.0
 10
87.5253338293287
 20
249.7663063929558
 30
0.0
 41
1.0
 10
87.53138350469544
 20
249.7767476248091
 30
0.0
 41
1.0
 10
87.53733958320117
 20
249.7872187677203
 30
0.0
 41
1.0
 10
87.54320594693217
 20
249.797718200698
 30
0.0
 41
1.0
 10
87.54898279075314
 20
249.8082454354044
 30
0.0
 41
1.0
 10
87.55466421287929
 20
249.8188018679138
 30
0.0
 41
1.0
 10
87.56023462340818
 20
249.8293919010866
 30
0.0
 41
1.0
 10
87.56567341521714
 20
249.8400214757639
 30
0.0
 41
1.0
 10
87.57096148156415
 20
249.8506960218638
 30
0.0
 41
1.0
 10
87.57608744082336
 20
249.8614185033102
 30
0.0
 41
1.0
 10
87.58105323143718
 20
249.8721876557283
 30
0.0
 41
1.0
 10
87.58588199653514
 20
249.8829955181891
 30
0.0
 41
1.0
 10
87.59060518566185
 20
249.8938313788122
 30
0.0
 41
1.0
 10
87.59524642969699
 20
249.9046867178295
 30
0.0
 41
1.0
 10
87.59980614842971
 20
249.9155599207161
 30
0.0
 41
1.0
 10
87.60424672339651
 20
249.9264608249887
 30
0.0
 41
1.0
 10
87.60847496513816
 20
249.9374160798552
 30
0.0
 41
1.0
 10
87.61236768880644
 20
249.9484615293886
 30
0.0
 41
1.0
 10
87.61511420217448
 20
249.9573991296466
 30
0.0
 41
1.0
 10
87.61692356825461
 20
249.9641721374374
 30
0.0
 41
1.0
 10
87.61801290165385
 20
249.9687201448923
 30
0.0
 41
1.0
 10
87.61852834047203
 20
249.9710023159169
 30
0.0
 41
1.0
  0
ARC
  5
6BE
330
70
100
AcDbEntity
  8
Visible
100
AcDbCircle
 10
88.647151
 20
254.555486
 30
0.0
 40
5.499999999998583
100
AcDbArc
 50
250.190287
 51
253.809713
  0
SPLINE
  5
6BF
330
70
100
AcDbEntity
  8
Visible
100
AcDbSpline
210
0.0
220
0.0
230
1.0
 70
    12
 71
     5
 72
    81
 73
    75
 74
     0
 42
0.000000001
 43
0.0000000001
 40
0.0
 40
0.0
 40
0.0
 40
0.0
 40
0.0
 40
0.0
 40
0.0142857142857143
 40
0.0285714285714286
 40
0.0428571428571429
 40
0.0571428571428571
 40
0.0714285714285714
 40
0.0857142857142858
 40
0.1
 40
0.1142857142857143
 40
0.1285714285714286
 40
0.1428571428571429
 40
0.1571428571428572
 40
0.1714285714285715
 40
0.1857142857142857
 40
0.2
 40
0.2142857142857143
 40
0.2285714285714286
 40
0.2428571428571429
 40
0.2571428571428572
 40
0.2714285714285714
 40
0.2857142857142858
 40
0.3
 40
0.3142857142857143
 40
0.3285714285714286
 40
0.3428571428571429
 40
0.3571428571428572
 40
0.3714285714285715
 40
0.3857142857142858
 40
0.4000000000000001
 40
0.4142857142857145
 40
0.4285714285714287
 40
0.442857142857143
 40
0.4571428571428572
 40
0.4714285714285716
 40
0.4857142857142859
 40
0.5000000000000001
 40
0.5142857142857144
 40
0.5285714285714286
 40
0.5428571428571428
 40
0.5571428571428571
 40
0.5714285714285713
 40
0.5857142857142855
 40
0.5999999999999998
 40
0.614285714285714
 40
0.6285714285714282
 40
0.6428571428571425
 40
0.6571428571428567
 40
0.6714285714285709
 40
0.6857142857142852
 40
0.6999999999999994
 40
0.7142857142857137
 40
0.7285714285714279
 40
0.7428571428571421
 40
0.7571428571428564
 40
0.7714285714285706
 40
0.7857142857142848
 40
0.7999999999999991
 40
0.8142857142857133
 40
0.8285714285714275
 40
0.8428571428571418
 40
0.857142857142856
 40
0.8714285714285702
 40
0.8857142857142845
 40
0.8999999999999987
 40
0.9142857142857129
 40
0.9285714285714272
 40
0.9428571428571414
 40
0.9571428571428556
 40
0.9714285714285699
 40
0.9857142857142841
 40
1.0
 40
1.0
 40
1.0
 40
1.0
 40
1.0
 40
1.0
 10
86.78463159465264
 20
250.2419517932585
 30
0.0
 41
1.0
 10
86.78370716694372
 20
250.2398025107796
 30
0.0
 41
1.0
 10
86.78191520446763
 20
250.2354828013513
 30
0.0
 41
1.0
 10
86.77939793828228
 20
250.2289398042476
 30
0.0
 41
1.0
 10
86.77636652464935
 20
250.2200947736974
 30
0.0
 41
1.0
 10
86.77302345191128
 20
250.2088707317498
 30
0.0
 41
1.0
 10
86.77000483409029
 20
250.1975224462467
 30
0.0
 41
1.0
 10
86.76718994393558
 20
250.1860933249591
 30
0.0
 41
1.0
 10
86.76448772557705
 20
250.1746165836148
 30
0.0
 41
1.0
 10
86.76186196269373
 20
250.1631063750747
 30
0.0
 41
1.0
 10
86.75931394389499
 20
250.1515637587691
 30
0.0
 41
1.0
 10
86.75686779475837
 20
250.139981737454
 30
0.0
 41
1.0
 10
86.75455525478355
 20
250.1283504916446
 30
0.0
 41
1.0
 10
86.75239972647522
 20
250.1166628586752
 30
0.0
 41
1.0
 10
86.75040352124506
 20
250.1049187220615
 30
0.0
 41
1.0
 10
86.7485556890133
 20
250.093122373889
 30
0.0
 41
1.0
 10
86.74683758047649
 20
250.0812806519234
 30
0.0
 41
1.0
 10
86.74522903218349
 20
250.0694008624841
 30
0.0
 41
1.0
 10
86.74371484370022
 20
250.0574886071008
 30
0.0
 41
1.0
 10
86.74228941979164
 20
250.0455462253058
 30
0.0
 41
1.0
 10
86.74095320514515
 20
250.0335739976326
 30
0.0
 41
1.0
 10
86.73971029322819
 20
250.0215709536596
 30
0.0
 41
1.0
 10
86.73856570625867
 20
250.0095357905621
 30
0.0
 41
1.0
 10
86.73752252087707
 20
249.9974678437966
 30
0.0
 41
1.0
 10
86.73657998441468
 20
249.9853677237934
 30
0.0
 41
1.0
 10
86.73573506241245
 20
249.9732367960605
 30
0.0
 41
1.0
 10
86.73498341666528
 20
249.9610768532157
 30
0.0
 41
1.0
 10
86.73432054579462
 20
249.9488897321844
 30
0.0
 41
1.0
 10
86.73374299591342
 20
249.9366769078497
 30
0.0
 41
1.0
 10
86.73324909151778
 20
249.9244392480441
 30
0.0
 41
1.0
 10
86.73283825435465
 20
249.912177243491
 30
0.0
 41
1.0
 10
86.73251057687684
 20
249.8998911520912
 30
0.0
 41
1.0
 10
86.73226632237311
 20
249.8875811678263
 30
0.0
 41
1.0
 10
86.73210539141928
 20
249.8752476010195
 30
0.0
 41
1.0
 10
86.73202701177251
 20
249.8628909832341
 30
0.0
 41
1.0
 10
86.73203002744321
 20
249.8505119701831
 30
0.0
 41
1.0
 10
86.73211307389919
 20
249.8381112829784
 30
0.0
 41
1.0
 10
86.73227478599892
 20
249.8256896383355
 30
0.0
 41
1.0
 10
86.73251401902325
 20
249.8132476742922
 30
0.0
 41
1.0
 10
86.73282997342358
 20
249.8007859084728
 30
0.0
 41
1.0
 10
86.73322206868034
 20
249.7883047811693
 30
0.0
 41
1.0
 10
86.73368986487185
 20
249.775804682271
 30
0.0
 41
1.0
 10
86.7342329699386
 20
249.7632859829555
 30
0.0
 41
1.0
 10
86.73485094058106
 20
249.7507490695834
 30
0.0
 41
1.0
 10
86.7355432242166
 20
249.7381943634173
 30
0.0
 41
1.0
 10
86.73630921220592
 20
249.7256223020904
 30
0.0
 41
1.0
 10
86.73714827150069
 20
249.7130333284122
 30
0.0
 41
1.0
 10
86.73805978236122
 20
249.7004278771338
 30
0.0
 41
1.0
 10
86.7390431775466
 20
249.6878063609274
 30
0.0
 41
1.0
 10
86.74009796569043
 20
249.6751691624713
 30
0.0
 41
1.0
 10
86.74122370783697
 20
249.6625166444264
 30
0.0
 41
1.0
 10
86.74242000201775
 20
249.6498491563407
 30
0.0
 41
1.0
 10
86.74368646506536
 20
249.6371670423932
 30
0.0
 41
1.0
 10
86.74502271300481
 20
249.6244706500056
 30
0.0
 41
1.0
 10
86.74642834815768
 20
249.6117603346738
 30
0.0
 41
1.0
 10
86.74790297068284
 20
249.5990364519166
 30
0.0
 41
1.0
 10
86.74944618564586
 20
249.5862993512874
 30
0.0
 41
1.0
 10
86.7510576109962
 20
249.5735493701386
 30
0.0
 41
1.0
 10
86.75273688550623
 20
249.5607868264751
 30
0.0
 41
1.0
 10
86.75448367369609
 20
249.5480120156071
 30
0.0
 41
1.0
 10
86.75629765818849
 20
249.5352252227849
 30
0.0
 41
1.0
 10
86.75817853339868
 20
249.5224267338372
 30
0.0
 41
1.0
 10
86.76012599854402
 20
249.5096168460396
 30
0.0
 41
1.0
 10
86.76213974971233
 20
249.4967958804755
 30
0.0
 41
1.0
 10
86.76421947406288
 20
249.4839641894687
 30
0.0
 41
1.0
 10
86.76636485992275
 20
249.4711221322695
 30
0.0
 41
1.0
 10
86.76857560470216
 20
249.4582700542496
 30
0.0
 41
1.0
 10
86.77085142318265
 20
249.4454082651519
 30
0.0
 41
1.0
 10
86.77319205518143
 20
249.4325370169599
 30
0.0
 41
1.0
 10
86.77559727302378
 20
249.4196564842769
 30
0.0
 41
1.0
 10
86.77806688837881
 20
249.4067667794397
 30
0.0
 41
1.0
 10
86.78009398475387
 20
249.3964477281324
 30
0.0
 41
1.0
 10
86.78164318125345
 20
249.3887043526338
 30
0.0
 41
1.0
 10
86.78268880764154
 20
249.3835402864515
 30
0.0
 41
1.0
 10
86.78321482801676
 20
249.3809577993971
 30
0.0
 41
1.0
  0
SPLINE
  5
6C0
330
70
100
AcDbEntity
  8
Visible
100
AcDbSpline
210
0.0
220
0.0
230
1.0
 70
    12
 71
     5
 72
    81
 73
    75
 74
     0
 42
0.000000001
 43
0.0000000001
 40
-1.0
 40
-1.0
 40
-1.0
 40
-1.0
 40
-1.0
 40
-1.0
 40
-0.9857142857142841
 40
-0.9714285714285699
 40
-0.9571428571428556
 40
-0.9428571428571414
 40
-0.9285714285714272
 40
-0.9142857142857129
 40
-0.8999999999999987
 40
-0.8857142857142845
 40
-0.8714285714285702
 40
-0.857142857142856
 40
-0.8428571428571418
 40
-0.8285714285714275
 40
-0.8142857142857133
 40
-0.7999999999999991
 40
-0.7857142857142848
 40
-0.7714285714285706
 40
-0.7571428571428564
 40
-0.7428571428571421
 40
-0.7285714285714279
 40
-0.7142857142857137
 40
-0.6999999999999994
 40
-0.6857142857142852
 40
-0.6714285714285709
 40
-0.6571428571428567
 40
-0.6428571428571425
 40
-0.6285714285714282
 40
-0.614285714285714
 40
-0.5999999999999998
 40
-0.5857142857142855
 40
-0.5714285714285713
 40
-0.5571428571428571
 40
-0.5428571428571428
 40
-0.5285714285714286
 40
-0.5142857142857144
 40
-0.5000000000000001
 40
-0.4857142857142859
 40
-0.4714285714285716
 40
-0.4571428571428572
 40
-0.442857142857143
 40
-0.4285714285714287
 40
-0.4142857142857145
 40
-0.4000000000000001
 40
-0.3857142857142858
 40
-0.3714285714285715
 40
-0.3571428571428572
 40
-0.3428571428571429
 40
-0.3285714285714286
 40
-0.3142857142857143
 40
-0.3
 40
-0.2857142857142858
 40
-0.2714285714285714
 40
-0.2571428571428572
 40
-0.2428571428571429
 40
-0.2285714285714286
 40
-0.2142857142857143
 40
-0.2
 40
-0.1857142857142857
 40
-0.1714285714285715
 40
-0.1571428571428572
 40
-0.1428571428571429
 40
-0.1285714285714286
 40
-0.1142857142857143
 40
-0.1
 40
-0.0857142857142858
 40
-0.0714285714285714
 40
-0.0571428571428571
 40
-0.0428571428571429
 40
-0.0285714285714286
 40
-0.0142857142857143
 40
0.0
 40
0.0
 40
0.0
 40
0.0
 40
0.0
 40
0.0
 10
85.5564632763253
 20
250.0060189351907
 30
0.0
 41
1.0
 10
85.55886173925864
 20
250.0071113235726
 30
0.0
 41
1.0
 10
85.56365416033168
 20
250.009300755999
 30
0.0
 41
1.0
 10
85.570829277558
 20
250.0125988716236
 30
0.0
 41
1.0
 10
85.5803690627863
 20
250.017024302384
 30
0.0
 41
1.0
 10
85.59224865653595
 20
250.0226027200015
 30
0.0
 41
1.0
 10
85.60408297794948
 20
250.028227845045
 30
0.0
 41
1.0
 10
85.61587182544554
 20
250.0338997638455
 30
0.0
 41
1.0
 10
85.62761492394384
 20
250.0396185579684
 30
0.0
 41
1.0
 10
85.63931191665323
 20
250.0453842897932
 30
0.0
 41
1.0
 10
85.65096238533806
 20
250.0511970080033
 30
0.0
 41
1.0
 10
85.66256587273164
 20
250.0570567543964
 30
0.0
 41
1.0
 10
85.67412190499544
 20
250.062963569957
 30
0.0
 41
1.0
 10
85.68563001321217
 20
250.0689175006901
 30
0.0
 41
1.0
 10
85.69708975898265
 20
250.0749186037365
 30
0.0
 41
1.0
 10
85.70850072501253
 20
250.0809669476985
 30
0.0
 41
1.0
 10
85.71986250044119
 20
250.0870626117967
 30
0.0
 41
1.0
 10
85.73117466794792
 20
250.093205685127
 30
0.0
 41
1.0
 10
85.74243679143092
 20
250.0993962655193
 30
0.0
 41
1.0
 10
85.75364840129532
 20
250.1056344582957
 30
0.0
 41
1.0
 10
85.76480900005391
 20
250.1119203742492
 30
0.0
 41
1.0
 10
85.77591807277441
 20
250.1182541274256
 30
0.0
 41
1.0
 10
85.78697509681569
 20
250.1246358323369
 30
0.0
 41
1.0
 10
85.7979795508254
 20
250.1310656017549
 30
0.0
 41
1.0
 10
85.80893092803853
 20
250.1375435421132
 30
0.0
 41
1.0
 10
85.81982872479148
 20
250.1440697610969
 30
0.0
 41
1.0
 10
85.83067242201833
 20
250.1506443784456
 30
0.0
 41
1.0
 10
85.84146146831153
 20
250.1572675361158
 30
0.0
 41
1.0
 10
85.85219526525817
 20
250.1639394066997
 30
0.0
 41
1.0
 10
85.86287314558466
 20
250.1706602065405
 30
0.0
 41
1.0
 10
85.87349439329591
 20
250.1774301814785
 30
0.0
 41
1.0
 10
85.88405827805582
 20
250.1842495833835
 30
0.0
 41
1.0
 10
85.89456408806018
 20
250.1911186474208
 30
0.0
 41
1.0
 10
85.90501115770257
 20
250.1980375730282
 30
0.0
 41
1.0
 10
85.91539891384583
 20
250.2050064917439
 30
0.0
 41
1.0
 10
85.92572682575246
 20
250.2120255025784
 30
0.0
 41
1.0
 10
85.93599431941674
 20
250.2190947322652
 30
0.0
 41
1.0
 10
85.94620069741541
 20
250.2262143916569
 30
0.0
 41
1.0
 10
85.95634507101658
 20
250.2333848233502
 30
0.0
 41
1.0
 10
85.96642625118965
 20
250.2406065784135
 30
0.0
 41
1.0
 10
85.97644285568822
 20
250.2478803399945
 30
0.0
 41
1.0
 10
85.98639349906898
 20
250.2552067881625
 30
0.0
 41
1.0
 10
85.99627697137567
 20
250.2625864727161
 30
0.0
 41
1.0
 10
86.00609238865127
 20
250.2700197059676
 30
0.0
 41
1.0
 10
86.0158394413993
 20
250.277506385949
 30
0.0
 41
1.0
 10
86.02551812744241
 20
250.285046185636
 30
0.0
 41
1.0
 10
86.03512829247575
 20
250.2926388786418
 30
0.0
 41
1.0
 10
86.04466919960941
 20
250.3002846443442
 30
0.0
 41
1.0
 10
86.05413916191446
 20
250.307984328153
 30
0.0
 41
1.0
 10
86.06353495604162
 20
250.3157398574094
 30
0.0
 41
1.0
 10
86.07285245004277
 20
250.3235537940863
 30
0.0
 41
1.0
 10
86.08208764372648
 20
250.3314285941906
 30
0.0
 41
1.0
 10
86.09123764876494
 20
250.3393659100266
 30
0.0
 41
1.0
 10
86.10030152889976
 20
250.3473659917144
 30
0.0
 41
1.0
 10
86.10928163016343
 20
250.3554267408081
 30
0.0
 41
1.0
 10
86.11818195854812
 20
250.363544860028
 30
0.0
 41
1.0
 10
86.12700570522338
 20
250.3717176080909
 30
0.0
 41
1.0
 10
86.13575290460994
 20
250.3799444603428
 30
0.0
 41
1.0
 10
86.14441837519098
 20
250.3882285682803
 30
0.0
 41
1.0
 10
86.15298865064415
 20
250.3965789368176
 30
0.0
 41
1.0
 10
86.16144596825325
 20
250.4050075839832
 30
0.0
 41
1.0
 10
86.16977383436278
 20
250.4135255782412
 30
0.0
 41
1.0
 10
86.1779623403081
 20
250.4221392555682
 30
0.0
 41
1.0
 10
86.18601293894153
 20
250.43084681446
 30
0.0
 41
1.0
 10
86.19394518062746
 20
250.4396335320034
 30
0.0
 41
1.0
 10
86.20178566550476
 20
250.4484795021508
 30
0.0
 41
1.0
 10
86.20955423512441
 20
250.4573693197772
 30
0.0
 41
1.0
 10
86.21725078981217
 20
250.4663013196577
 30
0.0
 41
1.0
 10
86.22484259224529
 20
250.4752964825702
 30
0.0
 41
1.0
 10
86.23224924903752
 20
250.4844089505441
 30
0.0
 41
1.0
 10
86.23936468086503
 20
250.4937108795311
 30
0.0
 41
1.0
 10
86.24473864066931
 20
250.5013623231907
 30
0.0
 41
1.0
 10
86.24855242458034
 20
250.5072447115162
 30
0.0
 41
1.0
 10
86.25099385380236
 20
250.511233501109
 30
0.0
 41
1.0
 10
86.25218929487891
 20
250.5132446953803
 30
0.0
 41
1.0
  0
ARC
  5
6C1
330
70
100
AcDbEntity
  8
Visible
100
AcDbCircle
 10
88.647151
 20
254.555486
 30
0.0
 40
5.499999999998583
100
AcDbArc
 50
232.190287
 51
235.809713
  0
SPLINE
  5
6C2
330
70
100
AcDbEntity
  8
Visible
100
AcDbSpline
210
0.0
220
0.0
230
1.0
 70
    12
 71
     5
 72
    81
 73
    75
 74
     0
 42
0.000000001
 43
0.0000000001
 40
0.0
 40
0.0
 40
0.0
 40
0.0
 40
0.0
 40
0.0
 40
0.0142857142857143
 40
0.0285714285714286
 40
0.0428571428571429
 40
0.0571428571428571
 40
0.0714285714285714
 40
0.0857142857142858
 40
0.1
 40
0.1142857142857143
 40
0.1285714285714286
 40
0.1428571428571429
 40
0.1571428571428572
 40
0.1714285714285715
 40
0.1857142857142857
 40
0.2
 40
0.2142857142857143
 40
0.2285714285714286
 40
0.2428571428571429
 40
0.2571428571428572
 40
0.2714285714285714
 40
0.2857142857142858
 40
0.3
 40
0.3142857142857143
 40
0.3285714285714286
 40
0.3428571428571429
 40
0.3571428571428572
 40
0.3714285714285715
 40
0.3857142857142858
 40
0.4000000000000001
 40
0.4142857142857145
 40
0.4285714285714287
 40
0.442857142857143
 40
0.4571428571428572
 40
0.4714285714285716
 40
0.4857142857142859
 40
0.5000000000000001
 40
0.5142857142857144
 40
0.5285714285714286
 40
0.5428571428571428
 40
0.5571428571428571
 40
0.5714285714285713
 40
0.5857142857142855
 40
0.5999999999999998
 40
0.614285714285714
 40
0.6285714285714282
 40
0.6428571428571425
 40
0.6571428571428567
 40
0.6714285714285709
 40
0.6857142857142852
 40
0.6999999999999994
 40
0.7142857142857137
 40
0.7285714285714279
 40
0.7428571428571421
 40
0.7571428571428564
 40
0.7714285714285706
 40
0.7857142857142848
 40
0.7999999999999991
 40
0.8142857142857133
 40
0.8285714285714275
 40
0.8428571428571418
 40
0.857142857142856
 40
0.8714285714285702
 40
0.8857142857142845
 40
0.8999999999999987
 40
0.9142857142857129
 40
0.9285714285714272
 40
0.9428571428571414
 40
0.9571428571428556
 40
0.9714285714285699
 40
0.9857142857142841
 40
1.0
 40
1.0
 40
1.0
 40
1.0
 40
1.0
 40
1.0
 10
85.54283435396611
 20
251.0286212274041
 30
0.0
 41
1.0
 10
85.54129100615773
 20
251.0268628021695
 30
0.0
 41
1.0
 10
85.53825188494375
 20
251.0233082612276
 30
0.0
 41
1.0
 10
85.53383592523642
 20
251.0178633792266
 30
0.0
 41
1.0
 10
85.52821961479095
 20
251.0103880136148
 30
0.0
 41
1.0
 10
85.52157174397143
 20
251.000746381671
 30
0.0
 41
1.0
 10
85.51519405474573
 20
250.9908863250002
 30
0.0
 41
1.0
 10
85.50898514241271
 20
250.9808864336191
 30
0.0
 41
1.0
 10
85.5028686719188
 20
250.9708064353735
 30
0.0
 41
1.0
 10
85.49681457297083
 20
250.9606709818909
 30
0.0
 41
1.0
 10
85.49082439849099
 20
250.9504806825498
 30
0.0
 41
1.0
 10
85.48491893099891
 20
250.9402214273605
 30
0.0
 41
1.0
 10
85.4791253221656
 20
250.9298740693921
 30
0.0
 41
1.0
 10
85.47346361570999
 20
250.9194245647768
 30
0.0
 41
1.0
 10
85.46793597392024
 20
250.908872088462
 30
0.0
 41
1.0
 10
85.46253330897888
 20
250.8982241062267
 30
0.0
 41
1.0
 10
85.45723999732855
 20
250.8874928841223
 30
0.0
 41
1.0
 10
85.45203912016678
 20
250.8766916017239
 30
0.0
 41
1.0
 10
85.44691795198833
 20
250.865830283592
 30
0.0
 41
1.0
 10
85.44187189436343
 20
250.8549128837767
 30
0.0
 41
1.0
 10
85.43690145690561
 20
250.8439395316682
 30
0.0
 41
1.0
 10
85.43201023285565
 20
250.8329080393869
 30
0.0
 41
1.0
 10
85.42720259603175
 20
250.8218156159237
 30
0.0
 41
1.0
 10
85.42248126714003
 20
250.8106606785241
 30
0.0
 41
1.0
 10
85.41784571898096
 20
250.7994440403327
 30
0.0
 41
1.0
 10
85.41329348757699
 20
250.7881679377206
 30
0.0
 41
1.0
 10
85.40882100100224
 20
250.7768354161508
 30
0.0
 41
1.0
 10
85.4044245458299
 20
250.7654496136429
 30
0.0
 41
1.0
 10
85.40010129298389
 20
250.7540130002053
 30
0.0
 41
1.0
 10
85.39584991713764
 20
250.7425269189553
 30
0.0
 41
1.0
 10
85.3916700199843
 20
250.7309920152875
 30
0.0
 41
1.0
 10
85.38756176914739
 20
250.7194085059109
 30
0.0
 41
1.0
 10
85.38352547497106
 20
250.7077764939531
 30
0.0
 41
1.0
 10
85.379561138795
 20
250.6960963052716
 30
0.0
 41
1.0
 10
85.3756681904324
 20
250.6843686840511
 30
0.0
 41
1.0
 10
85.37184573309877
 20
250.6725946111301
 30
0.0
 41
1.0
 10
85.36809269188324
 20
250.660775193991
 30
0.0
 41
1.0
 10
85.36440798993771
 20
250.6489115361228
 30
0.0
 41
1.0
 10
85.36079073573182
 20
250.6370045980739
 30
0.0
 41
1.0
 10
85.35724032880443
 20
250.6250551192079
 30
0.0
 41
1.0
 10
85.35375635310812
 20
250.6130636976577
 30
0.0
 41
1.0
 10
85.35033851073331
 20
250.6010308401728
 30
0.0
 41
1.0
 10
85.34698654350995
 20
250.5889570209174
 30
0.0
 41
1.0
 10
85.34370014922751
 20
250.5768427443308
 30
0.0
 41
1.0
 10
85.340478932525
 20
250.5646885818123
 30
0.0
 41
1.0
 10
85.33732244979001
 20
250.5524951376583
 30
0.0
 41
1.0
 10
85.33423023579144
 20
250.5402630286271
 30
0.0
 41
1.0
 10
85.33120183546817
 20
250.5279928597011
 30
0.0
 41
1.0
 10
85.32823683686457
 20
250.5156851986431
 30
0.0
 41
1.0
 10
85.32533489091747
 20
250.5033405612421
 30
0.0
 41
1.0
 10
85.32249569222495
 20
250.4909594280525
 30
0.0
 41
1.0
 10
85.31971896650521
 20
250.4785422557315
 30
0.0
 41
1.0
 10
85.3170044557055
 20
250.466089490018
 30
0.0
 41
1.0
 10
85.31435190200046
 20
250.4536015799813
 30
0.0
 41
1.0
 10
85.31176103703092
 20
250.4410789866115
 30
0.0
 41
1.0
 10
85.30923159038593
 20
250.4285221715818
 30
0.0
 41
1.0
 10
85.30676329447851
 20
250.4159315893794
 30
0.0
 41
1.0
 10
85.30435589020635
 20
250.4033076789074
 30
0.0
 41
1.0
 10
85.30200913228782
 20
250.3906508542296
 30
0.0
 41
1.0
 10
85.29972279291996
 20
250.377961499873
 30
0.0
 41
1.0
 10
85.29749665840791
 20
250.3652399852008
 30
0.0
 41
1.0
 10
85.29533052644456
 20
250.3524866764847
 30
0.0
 41
1.0
 10
85.29322420283643
 20
250.3397019493959
 30
0.0
 41
1.0
 10
85.29117749776379
 20
250.3268862032173
 30
0.0
 41
1.0
 10
85.28919022257104
 20
250.3140398697023
 30
0.0
 41
1.0
 10
85.28726219185591
 20
250.3011633868309
 30
0.0
 41
1.0
 10
85.28539322456344
 20
250.2882571765749
 30
0.0
 41
1.0
 10
85.28358314514935
 20
250.2753216216552
 30
0.0
 41
1.0
 10
85.2818317840347
 20
250.2623570421247
 30
0.0
 41
1.0
 10
85.28013897864093
 20
250.2493636743939
 30
0.0
 41
1.0
 10
85.27850458457033
 20
250.2363416835024
 30
0.0
 41
1.0
 10
85.27724370556644
 20
250.2259012752848
 30
0.0
 41
1.0
 10
85.27632424436978
 20
250.218058159513
 30
0.0
 41
1.0
 10
85.27572290994976
 20
250.2128237243951
 30
0.0
 41
1.0
 10
85.27542515266759
 20
250.2102050840194
 30
0.0
 41
1.0
  0
SPLINE
  5
6C3
330
70
100
AcDbEntity
  8
Visible
100
AcDbSpline
210
0.0
220
0.0
230
1.0
 70
    12
 71
     5
 72
    81
 73
    75
 74
     0
 42
0.000000001
 43
0.0000000001
 40
-1.0
 40
-1.0
 40
-1.0
 40
-1.0
 40
-1.0
 40
-1.0
 40
-0.9857142857142841
 40
-0.9714285714285699
 40
-0.9571428571428556
 40
-0.9428571428571414
 40
-0.9285714285714272
 40
-0.9142857142857129
 40
-0.8999999999999987
 40
-0.8857142857142845
 40
-0.8714285714285702
 40
-0.857142857142856
 40
-0.8428571428571418
 40
-0.8285714285714275
 40
-0.8142857142857133
 40
-0.7999999999999991
 40
-0.7857142857142848
 40
-0.7714285714285706
 40
-0.7571428571428564
 40
-0.7428571428571421
 40
-0.7285714285714279
 40
-0.7142857142857137
 40
-0.6999999999999994
 40
-0.6857142857142852
 40
-0.6714285714285709
 40
-0.6571428571428567
 40
-0.6428571428571425
 40
-0.6285714285714282
 40
-0.614285714285714
 40
-0.5999999999999998
 40
-0.5857142857142855
 40
-0.5714285714285713
 40
-0.5571428571428571
 40
-0.5428571428571428
 40
-0.5285714285714286
 40
-0.5142857142857144
 40
-0.5000000000000001
 40
-0.4857142857142859
 40
-0.4714285714285716
 40
-0.4571428571428572
 40
-0.442857142857143
 40
-0.4285714285714287
 40
-0.4142857142857145
 40
-0.4000000000000001
 40
-0.3857142857142858
 40
-0.3714285714285715
 40
-0.3571428571428572
 40
-0.3428571428571429
 40
-0.3285714285714286
 40
-0.3142857142857143
 40
-0.3
 40
-0.2857142857142858
 40
-0.2714285714285714
 40
-0.2571428571428572
 40
-0.2428571428571429
 40
-0.2285714285714286
 40
-0.2142857142857143
 40
-0.2
 40
-0.1857142857142857
 40
-0.1714285714285715
 40
-0.1571428571428572
 40
-0.1428571428571429
 40
-0.1285714285714286
 40
-0.1142857142857143
 40
-0.1
 40
-0.0857142857142858
 40
-0.0714285714285714
 40
-0.0571428571428571
 40
-0.0428571428571429
 40
-0.0285714285714286
 40
-0.0142857142857143
 40
0.0
 40
0.0
 40
0.0
 40
0.0
 40
0.0
 40
0.0
 10
84.30186960903938
 20
251.1837606276468
 30
0.0
 41
1.0
 10
84.30448824941596
 20
251.1840583849289
 30
0.0
 41
1.0
 10
84.30972268453297
 20
251.1846597193489
 30
0.0
 41
1.0
 10
84.31756580030469
 20
251.1855791805465
 30
0.0
 41
1.0
 10
84.32800620852232
 20
251.1868400595495
 30
0.0
 41
1.0
 10
84.34102819941381
 20
251.188474453621
 30
0.0
 41
1.0
 10
84.35402156714463
 20
251.1901672590147
 30
0.0
 41
1.0
 10
84.36698614667511
 20
251.1919186201294
 30
0.0
 41
1.0
 10
84.37992170159487
 20
251.1937286995435
 30
0.0
 41
1.0
 10
84.39282791185087
 20
251.195597666836
 30
0.0
 41
1.0
 10
84.40570439472322
 20
251.1975256975511
 30
0.0
 41
1.0
 10
84.41855072823727
 20
251.1995129727429
 30
0.0
 41
1.0
 10
84.43136647441589
 20
251.2015596778156
 30
0.0
 41
1.0
 10
84.44415120150461
 20
251.2036660014246
 30
0.0
 41
1.0
 10
84.45690451022164
 20
251.2058321333871
 30
0.0
 41
1.0
 10
84.46962602489383
 20
251.2080582679
 30
0.0
 41
1.0
 10
84.48231537925039
 20
251.2103446072678
 30
0.0
 41
1.0
 10
84.49497220392823
 20
251.2126913651864
 30
0.0
 41
1.0
 10
84.50759611440025
 20
251.2150987694586
 30
0.0
 41
1.0
 10
84.52018669660175
 20
251.217567065366
 30
0.0
 41
1.0
 10
84.53274351163145
 20
251.220096512011
 30
0.0
 41
1.0
 10
84.54526610500215
 20
251.2226873769805
 30
0.0
 41
1.0
 10
84.55775401503798
 20
251.2253399306846
 30
0.0
 41
1.0
 10
84.57020678075242
 20
251.2280544414853
 30
0.0
 41
1.0
 10
84.58262395307338
 20
251.2308311672041
 30
0.0
 41
1.0
 10
84.59500508626206
 20
251.2336703658975
 30
0.0
 41
1.0
 10
84.6073497236639
 20
251.2365723118437
 30
0.0
 41
1.0
 10
84.619657384721
 20
251.2395373104473
 30
0.0
 41
1.0
 10
84.63192755364707
 20
251.2425657107706
 30
0.0
 41
1.0
 10
84.64415966267825
 20
251.2456579247701
 30
0.0
 41
1.0
 10
84.65635310683229
 20
251.248814407505
 30
0.0
 41
1.0
 10
84.66850726935081
 20
251.2520356242067
 30
0.0
 41
1.0
 10
84.68062154593827
 20
251.2553220184891
 30
0.0
 41
1.0
 10
84.69269536519277
 20
251.2586739857133
 30
0.0
 41
1.0
 10
84.70472822267765
 20
251.2620918280882
 30
0.0
 41
1.0
 10
84.71671964422876
 20
251.2655758037845
 30
0.0
 41
1.0
 10
84.72866912309473
 20
251.269126210711
 30
0.0
 41
1.0
 10
84.74057606114275
 20
251.2727434649169
 30
0.0
 41
1.0
 10
84.75243971901091
 20
251.2764281668633
 30
0.0
 41
1.0
 10
84.76425913615003
 20
251.2801812080788
 30
0.0
 41
1.0
 10
84.7760332090711
 20
251.2840036654115
 30
0.0
 41
1.0
 10
84.78776083029243
 20
251.2878966137741
 30
0.0
 41
1.0
 10
84.79944101897308
 20
251.2918609499511
 30
0.0
 41
1.0
 10
84.81107303093086
 20
251.2958972441265
 30
0.0
 41
1.0
 10
84.82265654030744
 20
251.3000054949643
 30
0.0
 41
1.0
 10
84.83419144397521
 20
251.3041853921177
 30
0.0
 41
1.0
 10
84.84567752522526
 20
251.308436767963
 30
0.0
 41
1.0
 10
84.85711413866283
 20
251.3127600208099
 30
0.0
 41
1.0
 10
84.86849994117074
 20
251.3171564759814
 30
0.0
 41
1.0
 10
84.87983246274144
 20
251.321628962557
 30
0.0
 41
1.0
 10
84.89110856535262
 20
251.326181193961
 30
0.0
 41
1.0
 10
84.90232520354494
 20
251.3308167421192
 30
0.0
 41
1.0
 10
84.91348014094365
 20
251.3355380710118
 30
0.0
 41
1.0
 10
84.92457256440685
 20
251.3403457078348
 30
0.0
 41
1.0
 10
84.93560405668814
 20
251.3452369318847
 30
0.0
 41
1.0
 10
84.94657740879665
 20
251.3502073693435
 30
0.0
 41
1.0
 10
84.95749480861196
 20
251.3552534269674
 30
0.0
 41
1.0
 10
84.96835612674386
 20
251.3603745951468
 30
0.0
 41
1.0
 10
84.97915740914322
 20
251.3655754723086
 30
0.0
 41
1.0
 10
84.98988863124669
 20
251.370868783958
 30
0.0
 41
1.0
 10
85.00053661348283
 20
251.3762714489003
 30
0.0
 41
1.0
 10
85.01108908979677
 20
251.38179909069
 30
0.0
 41
1.0
 10
85.02153859441296
 20
251.3874607971457
 30
0.0
 41
1.0
 10
85.03188595238043
 20
251.393254405978
 30
0.0
 41
1.0
 10
85.04214520756978
 20
251.3991598734701
 30
0.0
 41
1.0
 10
85.05233550691173
 20
251.4051500479509
 30
0.0
 41
1.0
 10
85.0624709603935
 20
251.4112041468989
 30
0.0
 41
1.0
 10
85.07255095863911
 20
251.4173206173918
 30
0.0
 41
1.0
 10
85.0825508500211
 20
251.4235295297258
 30
0.0
 41
1.0
 10
85.09241090669183
 20
251.4299072189515
 30
0.0
 41
1.0
 10
85.10205253863478
 20
251.436555089771
 30
0.0
 41
1.0
 10
85.10952790424743
 20
251.4421714002156
 30
0.0
 41
1.0
 10
85.11497278624757
 20
251.4465873599238
 30
0.0
 41
1.0
 10
85.11852732719034
 20
251.4496264811378
 30
0.0
 41
1.0
 10
85.12028575242494
 20
251.4511698289461
 30
0.0
 41
1.0
  0
ARC
  5
6C4
330
70
100
AcDbEntity
  8
Visible
100
AcDbCircle
 10
88.647151
 20
254.555486
 30
0.0
 40
5.499999999998584
100
AcDbArc
 50
214.190287
 51
217.809713
  0
SPLINE
  5
6C5
330
70
100
AcDbEntity
  8
Visible
100
AcDbSpline
210
0.0
220
0.0
230
1.0
 70
    12
 71
     5
 72
    81
 73
    75
 74
     0
 42
0.000000001
 43
0.0000000001
 40
0.0
 40
0.0
 40
0.0
 40
0.0
 40
0.0
 40
0.0
 40
0.0142857142857143
 40
0.0285714285714286
 40
0.0428571428571429
 40
0.0571428571428571
 40
0.0714285714285714
 40
0.0857142857142858
 40
0.1
 40
0.1142857142857143
 40
0.1285714285714286
 40
0.1428571428571429
 40
0.1571428571428572
 40
0.1714285714285715
 40
0.1857142857142857
 40
0.2
 40
0.2142857142857143
 40
0.2285714285714286
 40
0.2428571428571429
 40
0.2571428571428572
 40
0.2714285714285714
 40
0.2857142857142858
 40
0.3
 40
0.3142857142857143
 40
0.3285714285714286
 40
0.3428571428571429
 40
0.3571428571428572
 40
0.3714285714285715
 40
0.3857142857142858
 40
0.4000000000000001
 40
0.4142857142857145
 40
0.4285714285714287
 40
0.442857142857143
 40
0.4571428571428572
 40
0.4714285714285716
 40
0.4857142857142859
 40
0.5000000000000001
 40
0.5142857142857144
 40
0.5285714285714286
 40
0.5428571428571428
 40
0.5571428571428571
 40
0.5714285714285713
 40
0.5857142857142855
 40
0.5999999999999998
 40
0.614285714285714
 40
0.6285714285714282
 40
0.6428571428571425
 40
0.6571428571428567
 40
0.6714285714285709
 40
0.6857142857142852
 40
0.6999999999999994
 40
0.7142857142857137
 40
0.7285714285714279
 40
0.7428571428571421
 40
0.7571428571428564
 40
0.7714285714285706
 40
0.7857142857142848
 40
0.7999999999999991
 40
0.8142857142857133
 40
0.8285714285714275
 40
0.8428571428571418
 40
0.857142857142856
 40
0.8714285714285702
 40
0.8857142857142845
 40
0.8999999999999987
 40
0.9142857142857129
 40
0.9285714285714272
 40
0.9428571428571414
 40
0.9571428571428556
 40
0.9714285714285699
 40
0.9857142857142841
 40
1.0
 40
1.0
 40
1.0
 40
1.0
 40
1.0
 40
1.0
 10
84.60490922040026
 20
252.160524769859
 30
0.0
 41
1.0
 10
84.60289802612988
 20
252.1593293287824
 30
0.0
 41
1.0
 10
84.59890923653711
 20
252.1568878995595
 30
0.0
 41
1.0
 10
84.59302684821068
 20
252.1530741156484
 30
0.0
 41
1.0
 10
84.58537540455109
 20
252.1477001558451
 30
0.0
 41
1.0
 10
84.57607347556495
 20
252.1405847240167
 30
0.0
 41
1.0
 10
84.56696100759108
 20
252.1331780672245
 30
0.0
 41
1.0
 10
84.55796584467861
 20
252.1255862647922
 30
0.0
 41
1.0
 10
84.54903384479711
 20
252.1178897101044
 30
0.0
 41
1.0
 10
84.54014402717076
 20
252.1101211404848
 30
0.0
 41
1.0
 10
84.53129805702337
 20
252.1022806556066
 30
0.0
 41
1.0
 10
84.52251133947994
 20
252.0943484139207
 30
0.0
 41
1.0
 10
84.5138037805882
 20
252.0862978152881
 30
0.0
 41
1.0
 10
84.50519010326116
 20
252.0781093093428
 30
0.0
 41
1.0
 10
84.49667210900315
 20
252.0697814432324
 30
0.0
 41
1.0
 10
84.48824346183846
 20
252.0613241256233
 30
0.0
 41
1.0
 10
84.47989309330024
 20
252.0527538501701
 30
0.0
 41
1.0
 10
84.47160898536276
 20
252.04408837959
 30
0.0
 41
1.0
 10
84.46338213311083
 20
252.0353411802025
 30
0.0
 41
1.0
 10
84.45520938504888
 20
252.0265174335282
 30
0.0
 41
1.0
 10
84.44709126582802
 20
252.0176171051435
 30
0.0
 41
1.0
 10
84.43903051673443
 20
252.0086370038798
 30
0.0
 41
1.0
 10
84.43103043504743
 20
251.999573123745
 30
0.0
 41
1.0
 10
84.42309311921054
 20
251.9904231187065
 30
0.0
 41
1.0
 10
84.41521831910632
 20
251.9811879250228
 30
0.0
 41
1.0
 10
84.40740438242938
 20
251.9718704310208
 30
0.0
 41
1.0
 10
84.39964885317385
 20
251.9624746368945
 30
0.0
 41
1.0
 10
84.39194916936413
 20
251.9530046745895
 30
0.0
 41
1.0
 10
84.38430340366267
 20
251.9434637674558
 30
0.0
 41
1.0
 10
84.37671071065597
 20
251.9338536024215
 30
0.0
 41
1.0
 10
84.36917091096892
 20
251.9241749163784
 30
0.0
 41
1.0
 10
84.36168423098752
 20
251.9144278636313
 30
0.0
 41
1.0
 10
84.35425099773693
 20
251.9046124463557
 30
0.0
 41
1.0
 10
84.34687131318332
 20
251.894728974049
 30
0.0
 41
1.0
 10
84.33954486501443
 20
251.8847783306683
 30
0.0
 41
1.0
 10
84.33227110343432
 20
251.8747617261697
 30
0.0
 41
1.0
 10
84.32504934837016
 20
251.8646805459966
 30
0.0
 41
1.0
 10
84.31787891667772
 20
251.8545361723945
 30
0.0
 41
1.0
 10
84.31075925728601
 20
251.8443297943968
 30
0.0
 41
1.0
 10
84.30369002759835
 20
251.8340623007325
 30
0.0
 41
1.0
 10
84.29667101676386
 20
251.8237343888249
 30
0.0
 41
1.0
 10
84.28970209804811
 20
251.8133466326826
 30
0.0
 41
1.0
 10
84.28278317244076
 20
251.8028995630402
 30
0.0
 41
1.0
 10
84.2759141084034
 20
251.7923937530359
 30
0.0
 41
1.0
 10
84.26909470649844
 20
251.7818298682759
 30
0.0
 41
1.0
 10
84.26232473156051
 20
251.7712086205647
 30
0.0
 41
1.0
 10
84.25560393171963
 20
251.7605307402382
 30
0.0
 41
1.0
 10
84.24893206113575
 20
251.7497969432907
 30
0.0
 41
1.0
 10
84.24230890346553
 20
251.7390078969984
 30
0.0
 41
1.0
 10
84.23573428611689
 20
251.7281641997706
 30
0.0
 41
1.0
 10
84.2292080671341
 20
251.7172664030186
 30
0.0
 41
1.0
 10
84.22273012677488
 20
251.7063150258045
 30
0.0
 41
1.0
 10
84.21630035735779
 20
251.6953105717949
 30
0.0
 41
1.0
 10
84.2099186524465
 20
251.6842535477536
 30
0.0
 41
1.0
 10
84.20358489926911
 20
251.673144475034
 30
0.0
 41
1.0
 10
84.19729898331571
 20
251.6619838762754
 30
0.0
 41
1.0
 10
84.19106079053927
 20
251.650772266411
 30
0.0
 41
1.0
 10
84.18487021014788
 20
251.639510142928
 30
0.0
 41
1.0
 10
84.17872713681664
 20
251.6281979754213
 30
0.0
 41
1.0
 10
84.17263147271842
 20
251.6168361999917
 30
0.0
 41
1.0
 10
84.16658312875643
 20
251.6054252339618
 30
0.0
 41
1.0
 10
84.16058202571003
 20
251.5939654881913
 30
0.0
 41
1.0
 10
84.15462809497785
 20
251.5824573799755
 30
0.0
 41
1.0
 10
84.14872127941725
 20
251.5709013477108
 30
0.0
 41
1.0
 10
84.14286153302418
 20
251.5592978603181
 30
0.0
 41
1.0
 10
84.13704881481317
 20
251.5476473916333
 30
0.0
 41
1.0
 10
84.13128308298928
 20
251.535950398923
 30
0.0
 41
1.0
 10
84.12556428886546
 20
251.5242073004256
 30
0.0
 41
1.0
 10
84.11989237006492
 20
251.5124184529295
 30
0.0
 41
1.0
 10
84.11426724502144
 20
251.5005841315151
 30
0.0
 41
1.0
 10
84.10868882740397
 20
251.4887045377664
 30
0.0
 41
1.0
 10
84.10426339664445
 20
251.4791647525381
 30
0.0
 41
1.0
 10
84.10096528101894
 20
251.4719896353108
 30
0.0
 41
1.0
 10
84.09877584859259
 20
251.4671972142378
 30
0.0
 41
1.0
 10
84.09768346021156
 20
251.4647987513044
 30
0.0
 41
1.0
  0
SPLINE
  5
6C6
330
70
100
AcDbEntity
  8
Visible
100
AcDbSpline
210
0.0
220
0.0
230
1.0
 70
    12
 71
     5
 72
    81
 73
    75
 74
     0
 42
0.000000001
 43
0.0000000001
 40
-1.0
 40
-1.0
 40
-1.0
 40
-1.0
 40
-1.0
 40
-1.0
 40
-0.9857142857142841
 40
-0.9714285714285699
 40
-0.9571428571428556
 40
-0.9428571428571414
 40
-0.9285714285714272
 40
-0.9142857142857129
 40
-0.8999999999999987
 40
-0.8857142857142845
 40
-0.8714285714285702
 40
-0.857142857142856
 40
-0.8428571428571418
 40
-0.8285714285714275
 40
-0.8142857142857133
 40
-0.7999999999999991
 40
-0.7857142857142848
 40
-0.7714285714285706
 40
-0.7571428571428564
 40
-0.7428571428571421
 40
-0.7285714285714279
 40
-0.7142857142857137
 40
-0.6999999999999994
 40
-0.6857142857142852
 40
-0.6714285714285709
 40
-0.6571428571428567
 40
-0.6428571428571425
 40
-0.6285714285714282
 40
-0.614285714285714
 40
-0.5999999999999998
 40
-0.5857142857142855
 40
-0.5714285714285713
 40
-0.5571428571428571
 40
-0.5428571428571428
 40
-0.5285714285714286
 40
-0.5142857142857144
 40
-0.5000000000000001
 40
-0.4857142857142859
 40
-0.4714285714285716
 40
-0.4571428571428572
 40
-0.442857142857143
 40
-0.4285714285714287
 40
-0.4142857142857145
 40
-0.4000000000000001
 40
-0.3857142857142858
 40
-0.3714285714285715
 40
-0.3571428571428572
 40
-0.3428571428571429
 40
-0.3285714285714286
 40
-0.3142857142857143
 40
-0.3
 40
-0.2857142857142858
 40
-0.2714285714285714
 40
-0.2571428571428572
 40
-0.2428571428571429
 40
-0.2285714285714286
 40
-0.2142857142857143
 40
-0.2
 40
-0.1857142857142857
 40
-0.1714285714285715
 40
-0.1571428571428572
 40
-0.1428571428571429
 40
-0.1285714285714286
 40
-0.1142857142857143
 40
-0.1
 40
-0.0857142857142858
 40
-0.0714285714285714
 40
-0.0571428571428571
 40
-0.0428571428571429
 40
-0.0285714285714286
 40
-0.0142857142857143
 40
0.0
 40
0.0
 40
0.0
 40
0.0
 40
0.0
 40
0.0
 10
83.47262232441698
 20
252.6915503029968
 30
0.0
 41
1.0
 10
83.47520481147148
 20
252.6910242826216
 30
0.0
 41
1.0
 10
83.48036887765465
 20
252.6899786562326
 30
0.0
 41
1.0
 10
83.48811225315239
 20
252.6884294597339
 30
0.0
 41
1.0
 10
83.4984313044606
 20
252.6864023633589
 30
0.0
 41
1.0
 10
83.5113210092968
 20
252.6839327480038
 30
0.0
 41
1.0
 10
83.5242015419808
 20
252.6815275301615
 30
0.0
 41
1.0
 10
83.5370727901718
 20
252.6791868981618
 30
0.0
 41
1.0
 10
83.54993457926957
 20
252.6769110796822
 30
0.0
 41
1.0
 10
83.56278665729041
 20
252.6747003349019
 30
0.0
 41
1.0
 10
83.57562871448863
 20
252.672554949042
 30
0.0
 41
1.0
 10
83.58846040549542
 20
252.6704752246924
 30
0.0
 41
1.0
 10
83.60128137105949
 20
252.6684614735241
 30
0.0
 41
1.0
 10
83.61409125885712
 20
252.6665140083778
 30
0.0
 41
1.0
 10
83.62688974780486
 20
252.6646331331686
 30
0.0
 41
1.0
 10
83.63967654062708
 20
252.6628191486752
 30
0.0
 41
1.0
 10
83.65245135149507
 20
252.6610723604854
 30
0.0
 41
1.0
 10
83.66521389515947
 20
252.6593930859763
 30
0.0
 41
1.0
 10
83.67796387630733
 20
252.657781660625
 30
0.0
 41
1.0
 10
83.69070097693656
 20
252.6562384456629
 30
0.0
 41
1.0
 10
83.70342485969468
 20
252.6547638231368
 30
0.0
 41
1.0
 10
83.71613517502556
 20
252.653358187984
 30
0.0
 41
1.0
 10
83.72883156741409
 20
252.6520219400445
 30
0.0
 41
1.0
 10
83.74151368136063
 20
252.6507554769969
 30
0.0
 41
1.0
 10
83.75418116944638
 20
252.649559182817
 30
0.0
 41
1.0
 10
83.76683368749217
 20
252.6484334406705
 30
0.0
 41
1.0
 10
83.77947088594828
 20
252.6473786525258
 30
0.0
 41
1.0
 10
83.79209240215368
 20
252.6463952573404
 30
0.0
 41
1.0
 10
83.80469785343303
 20
252.6454837464807
 30
0.0
 41
1.0
 10
83.81728682711036
 20
252.644644687186
 30
0.0
 41
1.0
 10
83.82985888843723
 20
252.6438786991966
 30
0.0
 41
1.0
 10
83.8424135946043
 20
252.6431864155611
 30
0.0
 41
1.0
 10
83.85495050797544
 20
252.6425684449177
 30
0.0
 41
1.0
 10
83.86746920729093
 20
252.6420253398519
 30
0.0
 41
1.0
 10
83.8799693061901
 20
252.6415575436604
 30
0.0
 41
1.0
 10
83.89245043349365
 20
252.6411654484027
 30
0.0
 41
1.0
 10
83.904912199313
 20
252.6408494940033
 30
0.0
 41
1.0
 10
83.9173541633554
 20
252.640610260979
 30
0.0
 41
1.0
 10
83.92977580799835
 20
252.6404485488783
 30
0.0
 41
1.0
 10
83.94217649520397
 20
252.6403655024223
 30
0.0
 41
1.0
 10
83.954555508255
 20
252.6403624867517
 30
0.0
 41
1.0
 10
83.96691212603945
 20
252.6404408663993
 30
0.0
 41
1.0
 10
83.97924569284715
 20
252.6406017973522
 30
0.0
 41
1.0
 10
83.99155567711114
 20
252.640846051856
 30
0.0
 41
1.0
 10
84.00384176851094
 20
252.6411737293338
 30
0.0
 41
1.0
 10
84.01610377306406
 20
252.6415845664969
 30
0.0
 41
1.0
 10
84.02834143286964
 20
252.6420784708935
 30
0.0
 41
1.0
 10
84.04055425720434
 20
252.6426560207747
 30
0.0
 41
1.0
 10
84.05274137823562
 20
252.6433188916453
 30
0.0
 41
1.0
 10
84.06490132108046
 20
252.6440705373925
 30
0.0
 41
1.0
 10
84.07703224881425
 20
252.6449154593947
 30
0.0
 41
1.0
 10
84.08913236881653
 20
252.6458579958571
 30
0.0
 41
1.0
 10
84.10120031558198
 20
252.6469011812378
 30
0.0
 41
1.0
 10
84.1132354786796
 20
252.6480457682083
 30
0.0
 41
1.0
 10
84.12523852265257
 20
252.6492886801252
 30
0.0
 41
1.0
 10
84.13721075032572
 20
252.6506248947717
 30
0.0
 41
1.0
 10
84.14915313212167
 20
252.6520503186794
 30
0.0
 41
1.0
 10
84.16106538750501
 20
252.6535645071626
 30
0.0
 41
1.0
 10
84.17294517694335
 20
252.6551730554565
 30
0.0
 41
1.0
 10
84.18478689890889
 20
252.6568911639933
 30
0.0
 41
1.0
 10
84.19658324708143
 20
252.6587389962251
 30
0.0
 41
1.0
 10
84.20832738369517
 20
252.6607352014553
 30
0.0
 41
1.0
 10
84.22001501666455
 20
252.6628907297636
 30
0.0
 41
1.0
 10
84.23164626247398
 20
252.6652032697384
 30
0.0
 41
1.0
 10
84.24322828378899
 20
252.667649418875
 30
0.0
 41
1.0
 10
84.25477090009463
 20
252.6701974376738
 30
0.0
 41
1.0
 10
84.26628110863475
 20
252.6728232005571
 30
0.0
 41
1.0
 10
84.27775784997903
 20
252.6755254189156
 30
0.0
 41
1.0
 10
84.28918697126755
 20
252.6783403090703
 30
0.0
 41
1.0
 10
84.30053525677067
 20
252.6813589268904
 30
0.0
 41
1.0
 10
84.31175929871733
 20
252.6847019996285
 30
0.0
 41
1.0
 10
84.32060432926755
 20
252.6877334132623
 30
0.0
 41
1.0
 10
84.32714732637123
 20
252.6902506794467
 30
0.0
 41
1.0
 10
84.3314670357995
 20
252.6920426419228
 30
0.0
 41
1.0
 10
84.33361631827848
 20
252.6929670696318
 30
0.0
 41
1.0
  0
ARC
  5
6C7
330
70
100
AcDbEntity
  8
Visible
100
AcDbCircle
 10
88.647151
 20
254.555486
 30
0.0
 40
5.499999999998582
100
AcDbArc
 50
196.190287
 51
199.809713
  0
SPLINE
  5
6C8
330
70
100
AcDbEntity
  8
Visible
100
AcDbSpline
210
0.0
220
0.0
230
1.0
 70
    12
 71
     5
 72
    81
 73
    75
 74
     0
 42
0.000000001
 43
0.0000000001
 40
0.0
 40
0.0
 40
0.0
 40
0.0
 40
0.0
 40
0.0
 40
0.0142857142857143
 40
0.0285714285714286
 40
0.0428571428571429
 40
0.0571428571428571
 40
0.0714285714285714
 40
0.0857142857142858
 40
0.1
 40
0.1142857142857143
 40
0.1285714285714286
 40
0.1428571428571429
 40
0.1571428571428572
 40
0.1714285714285715
 40
0.1857142857142857
 40
0.2
 40
0.2142857142857143
 40
0.2285714285714286
 40
0.2428571428571429
 40
0.2571428571428572
 40
0.2714285714285714
 40
0.2857142857142858
 40
0.3
 40
0.3142857142857143
 40
0.3285714285714286
 40
0.3428571428571429
 40
0.3571428571428572
 40
0.3714285714285715
 40
0.3857142857142858
 40
0.4000000000000001
 40
0.4142857142857145
 40
0.4285714285714287
 40
0.442857142857143
 40
0.4571428571428572
 40
0.4714285714285716
 40
0.4857142857142859
 40
0.5000000000000001
 40
0.5142857142857144
 40
0.5285714285714286
 40
0.5428571428571428
 40
0.5571428571428571
 40
0.5714285714285713
 40
0.5857142857142855
 40
0.5999999999999998
 40
0.614285714285714
 40
0.6285714285714282
 40
0.6428571428571425
 40
0.6571428571428567
 40
0.6714285714285709
 40
0.6857142857142852
 40
0.6999999999999994
 40
0.7142857142857137
 40
0.7285714285714279
 40
0.7428571428571421
 40
0.7571428571428564
 40
0.7714285714285706
 40
0.7857142857142848
 40
0.7999999999999991
 40
0.8142857142857133
 40
0.8285714285714275
 40
0.8428571428571418
 40
0.857142857142856
 40
0.8714285714285702
 40
0.8857142857142845
 40
0.8999999999999987
 40
0.9142857142857129
 40
0.9285714285714272
 40
0.9428571428571414
 40
0.9571428571428556
 40
0.9714285714285699
 40
0.9857142857142841
 40
1.0
 40
1.0
 40
1.0
 40
1.0
 40
1.0
 40
1.0
 10
84.0626668409377
 20
253.5268638154512
 30
0.0
 41
1.0
 10
84.06038466991232
 20
253.5263483766339
 30
0.0
 41
1.0
 10
84.0558366624573
 20
253.5252590432337
 30
0.0
 41
1.0
 10
84.04906365466741
 20
253.5234496771536
 30
0.0
 41
1.0
 10
84.04012605440948
 20
253.5207031637865
 30
0.0
 41
1.0
 10
84.02908060487517
 20
253.5168104401173
 30
0.0
 41
1.0
 10
84.01812535000955
 20
253.5125821983765
 30
0.0
 41
1.0
 10
84.00722444573602
 20
253.5081416234088
 30
0.0
 41
1.0
 10
83.99635124284941
 20
253.503581904677
 30
0.0
 41
1.0
 10
83.985495903833
 20
253.4989406606419
 30
0.0
 41
1.0
 10
83.97466004320994
 20
253.4942174715152
 30
0.0
 41
1.0
 10
83.9638521807492
 20
253.4893887064163
 30
0.0
 41
1.0
 10
83.95308302833109
 20
253.4844229158034
 30
0.0
 41
1.0
 10
83.94236054688372
 20
253.4792969565442
 30
0.0
 41
1.0
 10
83.9316860007848
 20
253.4740088901963
 30
0.0
 41
1.0
 10
83.92105642610658
 20
253.4685700983882
 30
0.0
 41
1.0
 10
83.91046639293382
 20
253.4629996878593
 30
0.0
 41
1.0
 10
83.89990996042433
 20
253.4573182657323
 30
0.0
 41
1.0
 10
83.88938272571795
 20
253.4515414219122
 30
0.0
 41
1.0
 10
83.87888329274028
 20
253.4456750581812
 30
0.0
 41
1.0
 10
83.86841214982997
 20
253.4397189796755
 30
0.0
 41
1.0
 10
83.85797091797668
 20
253.4336693043087
 30
0.0
 41
1.0
 10
83.84756149515942
 20
253.4275212032417
 30
0.0
 41
1.0
 10
83.83718515215605
 20
253.4212717968085
 30
0.0
 41
1.0
 10
83.82684194040848
 20
253.4149220527361
 30
0.0
 41
1.0
 10
83.81653118102168
 20
253.4084752285762
 30
0.0
 41
1.0
 10
83.80625177432467
 20
253.4019358876867
 30
0.0
 41
1.0
 10
83.79600256057619
 20
253.3953087514756
 30
0.0
 41
1.0
 10
83.78578270283743
 20
253.3885974811119
 30
0.0
 41
1.0
 10
83.77559191836372
 20
253.3818039422058
 30
0.0
 41
1.0
 10
83.76543026426952
 20
253.374928891013
 30
0.0
 41
1.0
 10
83.75529800354343
 20
253.3679724043286
 30
0.0
 41
1.0
 10
83.74519544787744
 20
253.3609343831658
 30
0.0
 41
1.0
 10
83.73512278988801
 20
253.353815090365
 30
0.0
 41
1.0
 10
83.72508000570633
 20
253.3466154631296
 30
0.0
 41
1.0
 10
83.71506694634172
 20
253.3393368220913
 30
0.0
 41
1.0
 10
83.70508339313255
 20
253.3319806950394
 30
0.0
 41
1.0
 10
83.69512912350637
 20
253.3245486076721
 30
0.0
 41
1.0
 10
83.68520398079544
 20
253.3170418611153
 30
0.0
 41
1.0
 10
83.67530791380431
 20
253.3094614064703
 30
0.0
 41
1.0
 10
83.6654409375169
 20
253.3018079721833
 30
0.0
 41
1.0
 10
83.65560310877844
 20
253.2940821433294
 30
0.0
 41
1.0
 10
83.64579449743359
 20
253.2862844552655
 30
0.0
 41
1.0
 10
83.63601515548907
 20
253.2784154937244
 30
0.0
 41
1.0
 10
83.62626509895198
 20
253.2704759533662
 30
0.0
 41
1.0
 10
83.61654432412796
 20
253.2624665838266
 30
0.0
 41
1.0
 10
83.60685281715996
 20
253.2543881575284
 30
0.0
 41
1.0
 10
83.59719056549511
 20
253.2462414313922
 30
0.0
 41
1.0
 10
83.58755756957634
 20
253.2380271068878
 30
0.0
 41
1.0
 10
83.57795385017926
 20
253.2297458064704
 30
0.0
 41
1.0
 10
83.56837944269136
 20
253.2213980984307
 30
0.0
 41
1.0
 10
83.55883439362969
 20
253.2129845134286
 30
0.0
 41
1.0
 10
83.54931875622424
 20
253.2045055637545
 30
0.0
 41
1.0
 10
83.53983258584776
 20
253.1959617642597
 30
0.0
 41
1.0
 10
83.53037593635326
 20
253.1873536456296
 30
0.0
 41
1.0
 10
83.52094886034137
 20
253.178681740309
 30
0.0
 41
1.0
 10
83.51155140846913
 20
253.1699465732718
 30
0.0
 41
1.0
 10
83.5021836290989
 20
253.1611486518914
 30
0.0
 41
1.0
 10
83.4928455671743
 20
253.1522884553278
 30
0.0
 41
1.0
 10
83.48353726441928
 20
253.1433664285678
 30
0.0
 41
1.0
 10
83.4742587650553
 20
253.1343829960406
 30
0.0
 41
1.0
 10
83.46501012070438
 20
253.125338572976
 30
0.0
 41
1.0
 10
83.45579139507117
 20
253.1162335774461
 30
0.0
 41
1.0
 10
83.44660266928441
 20
253.1070684440501
 30
0.0
 41
1.0
 10
83.43744404449536
 20
253.0978436329715
 30
0.0
 41
1.0
 10
83.42831562814808
 20
253.0885596075214
 30
0.0
 41
1.0
 10
83.41921752179496
 20
253.0792168155021
 30
0.0
 41
1.0
 10
83.41014980837554
 20
253.0698156697253
 30
0.0
 41
1.0
 10
83.4011125388206
 20
253.0603565287947
 30
0.0
 41
1.0
 10
83.3921057205589
 20
253.0508396795322
 30
0.0
 41
1.0
 10
83.38312933377801
 20
253.0412653403319
 30
0.0
 41
1.0
 10
83.37597254325828
 20
253.0335599987384
 30
0.0
 41
1.0
 10
83.37061861574147
 20
253.0277552305224
 30
0.0
 41
1.0
 10
83.36705540221009
 20
253.0238739390597
 30
0.0
 41
1.0
 10
83.36527531331467
 20
253.0219304318325
 30
0.0
 41
1.0
  0
SPLINE
  5
6C9
330
70
100
AcDbEntity
  8
Visible
100
AcDbSpline
210
0.0
220
0.0
230
1.0
 70
    12
 71
     5
 72
    81
 73
    75
 74
     0
 42
0.000000001
 43
0.0000000001
 40
-1.0
 40
-1.0
 40
-1.0
 40
-1.0
 40
-1.0
 40
-1.0
 40
-0.9857142857142841
 40
-0.9714285714285699
 40
-0.9571428571428556
 40
-0.9428571428571414
 40
-0.9285714285714272
 40
-0.9142857142857129
 40
-0.8999999999999987
 40
-0.8857142857142845
 40
-0.8714285714285702
 40
-0.857142857142856
 40
-0.8428571428571418
 40
-0.8285714285714275
 40
-0.8142857142857133
 40
-0.7999999999999991
 40
-0.7857142857142848
 40
-0.7714285714285706
 40
-0.7571428571428564
 40
-0.7428571428571421
 40
-0.7285714285714279
 40
-0.7142857142857137
 40
-0.6999999999999994
 40
-0.6857142857142852
 40
-0.6714285714285709
 40
-0.6571428571428567
 40
-0.6428571428571425
 40
-0.6285714285714282
 40
-0.614285714285714
 40
-0.5999999999999998
 40
-0.5857142857142855
 40
-0.5714285714285713
 40
-0.5571428571428571
 40
-0.5428571428571428
 40
-0.5285714285714286
 40
-0.5142857142857144
 40
-0.5000000000000001
 40
-0.4857142857142859
 40
-0.4714285714285716
 40
-0.4571428571428572
 40
-0.442857142857143
 40
-0.4285714285714287
 40
-0.4142857142857145
 40
-0.4000000000000001
 40
-0.3857142857142858
 40
-0.3714285714285715
 40
-0.3571428571428572
 40
-0.3428571428571429
 40
-0.3285714285714286
 40
-0.3142857142857143
 40
-0.3
 40
-0.2857142857142858
 40
-0.2714285714285714
 40
-0.2571428571428572
 40
-0.2428571428571429
 40
-0.2285714285714286
 40
-0.2142857142857143
 40
-0.2
 40
-0.1857142857142857
 40
-0.1714285714285715
 40
-0.1571428571428572
 40
-0.1428571428571429
 40
-0.1285714285714286
 40
-0.1142857142857143
 40
-0.1
 40
-0.0857142857142858
 40
-0.0714285714285714
 40
-0.0571428571428571
 40
-0.0428571428571429
 40
-0.0285714285714286
 40
-0.0142857142857143
 40
0.0
 40
0.0
 40
0.0
 40
0.0
 40
0.0
 40
0.0
 10
83.14989392438382
 20
254.3817950024277
 30
0.0
 41
1.0
 10
83.15218746628943
 20
254.3804966949346
 30
0.0
 41
1.0
 10
83.1567756687591
 20
254.3779064609335
 30
0.0
 41
1.0
 10
83.16366132843905
 20
254.3740402528856
 30
0.0
 41
1.0
 10
83.17284892219868
 20
254.3689236074488
 30
0.0
 41
1.0
 10
83.18434460686239
 20
254.362591725826
 30
0.0
 41
1.0
 10
83.19585146821555
 20
254.3563239242285
 30
0.0
 41
1.0
 10
83.20736945761565
 20
254.3501204164832
 30
0.0
 41
1.0
 10
83.218898479362
 20
254.3439814730782
 30
0.0
 41
1.0
 10
83.23043837420391
 20
254.3379074193281
 30
0.0
 41
1.0
 10
83.24198893569519
 20
254.3318986222084
 30
0.0
 41
1.0
 10
83.25354992887424
 20
254.3259554762262
 30
0.0
 41
1.0
 10
83.26512110838576
 20
254.3200783888114
 30
0.0
 41
1.0
 10
83.276702235823
 20
254.3142677663691
 30
0.0
 41
1.0
 10
83.28829309973116
 20
254.308523997157
 30
0.0
 41
1.0
 10
83.29989351033146
 20
254.3028474590992
 30
0.0
 41
1.0
 10
83.31150329021602
 20
254.2972385311505
 30
0.0
 41
1.0
 10
83.32312226616977
 20
254.2916976033021
 30
0.0
 41
1.0
 10
83.33475026100495
 20
254.2862250858689
 30
0.0
 41
1.0
 10
83.34638708390775
 20
254.2808214206689
 30
0.0
 41
1.0
 10
83.35803253209633
 20
254.2754870753006
 30
0.0
 41
1.0
 10
83.36968639516635
 20
254.2702225333869
 30
0.0
 41
1.0
 10
83.38134845855893
 20
254.2650282850618
 30
0.0
 41
1.0
 10
83.39301850706396
 20
254.2599048183938
 30
0.0
 41
1.0
 10
83.40469632892109
 20
254.2548526059236
 30
0.0
 41
1.0
 10
83.41638171520116
 20
254.249872118422
 30
0.0
 41
1.0
 10
83.42807445767812
 20
254.2449638462003
 30
0.0
 41
1.0
 10
83.43977434708722
 20
254.2401283187983
 30
0.0
 41
1.0
 10
83.45148117131975
 20
254.2353661217885
 30
0.0
 41
1.0
 10
83.46319471318839
 20
254.2306779221699
 30
0.0
 41
1.0
 10
83.47491475073002
 20
254.2260644436974
 30
0.0
 41
1.0
 10
83.48664105843182
 20
254.2215264252691
 30
0.0
 41
1.0
 10
83.49837340815794
 20
254.2170645809738
 30
0.0
 41
1.0
 10
83.51011157002176
 20
254.2126795665254
 30
0.0
 41
1.0
 10
83.52185531356099
 20
254.2083719229186
 30
0.0
 41
1.0
 10
83.5336044069154
 20
254.2041421377235
 30
0.0
 41
1.0
 10
83.54535861522345
 20
254.1999907498139
 30
0.0
 41
1.0
 10
83.5571176991325
 20
254.1959184473544
 30
0.0
 41
1.0
 10
83.56888141342551
 20
254.1919261507155
 30
0.0
 41
1.0
 10
83.58064950503285
 20
254.1880151457544
 30
0.0
 41
1.0
 10
83.59242171416644
 20
254.1841869522741
 30
0.0
 41
1.0
 10
83.60419777667358
 20
254.1804430908596
 30
0.0
 41
1.0
 10
83.61597742615414
 20
254.1767848635473
 30
0.0
 41
1.0
 10
83.62776039569689
 20
254.1732131690469
 30
0.0
 41
1.0
 10
83.63954642089174
 20
254.1697281978104
 30
0.0
 41
1.0
 10
83.65133523589065
 20
254.1663297593796
 30
0.0
 41
1.0
 10
83.66312656684476
 20
254.1630178455225
 30
0.0
 41
1.0
 10
83.67492012573894
 20
254.1597931578317
 30
0.0
 41
1.0
 10
83.68671560497478
 20
254.1566575579809
 30
0.0
 41
1.0
 10
83.6985126691643
 20
254.1536147865772
 30
0.0
 41
1.0
 10
83.71031096229126
 20
254.1506696923261
 30
0.0
 41
1.0
 10
83.72211012005299
 20
254.1478269550562
 30
0.0
 41
1.0
 10
83.73390978147382
 20
254.1450898826724
 30
0.0
 41
1.0
 10
83.74570959858738
 20
254.142459379641
 30
0.0
 41
1.0
 10
83.75750925267857
 20
254.139932314547
 30
0.0
 41
1.0
 10
83.76930843085483
 20
254.1375035083829
 30
0.0
 41
1.0
 10
83.7811067910934
 20
254.1351687681508
 30
0.0
 41
1.0
 10
83.79290392917392
 20
254.1329277576196
 30
0.0
 41
1.0
 10
83.8046993490907
 20
254.1307865211302
 30
0.0
 41
1.0
 10
83.81649242066577
 20
254.1287612461192
 30
0.0
 41
1.0
 10
83.82828242602682
 20
254.1268733669476
 30
0.0
 41
1.0
 10
83.84006862502156
 20
254.1251427331417
 30
0.0
 41
1.0
 10
83.85185031939636
 20
254.123581085174
 30
0.0
 41
1.0
 10
83.86362690566874
 20
254.1221861887652
 30
0.0
 41
1.0
 10
83.87539796416604
 20
254.1209335734257
 30
0.0
 41
1.0
 10
83.88716302572902
 20
254.1197900187099
 30
0.0
 41
1.0
 10
83.89892128991959
 20
254.1187304175628
 30
0.0
 41
1.0
 10
83.91067135095545
 20
254.1177538718257
 30
0.0
 41
1.0
 10
83.92241094012751
 20
254.1168991987415
 30
0.0
 41
1.0
 10
83.93413660521037
 20
254.1162632618125
 30
0.0
 41
1.0
 10
83.94584436973309
 20
254.1159742932168
 30
0.0
 41
1.0
 10
83.95519325200439
 20
254.1161240741503
 30
0.0
 41
1.0
 10
83.96219389006637
 20
254.1164962392604
 30
0.0
 41
1.0
 10
83.96685592472477
 20
254.1168656332256
 30
0.0
 41
1.0
 10
83.96918567770354
 20
254.1170806514101
 30
0.0
 41
1.0
  0
ARC
  5
6CA
330
70
100
AcDbEntity
  8
Visible
100
AcDbCircle
 10
88.647151
 20
254.555486
 30
0.0
 40
5.499999999998582
100
AcDbArc
 50
178.190287
 51
181.809713
  0
SPLINE
  5
6CB
330
70
100
AcDbEntity
  8
Visible
100
AcDbSpline
210
0.0
220
0.0
230
1.0
 70
    12
 71
     5
 72
    81
 73
    75
 74
     0
 42
0.000000001
 43
0.0000000001
 40
0.0
 40
0.0
 40
0.0
 40
0.0
 40
0.0
 40
0.0
 40
0.0142857142857143
 40
0.0285714285714286
 40
0.0428571428571429
 40
0.0571428571428571
 40
0.0714285714285714
 40
0.0857142857142858
 40
0.1
 40
0.1142857142857143
 40
0.1285714285714286
 40
0.1428571428571429
 40
0.1571428571428572
 40
0.1714285714285715
 40
0.1857142857142857
 40
0.2
 40
0.2142857142857143
 40
0.2285714285714286
 40
0.2428571428571429
 40
0.2571428571428572
 40
0.2714285714285714
 40
0.2857142857142858
 40
0.3
 40
0.3142857142857143
 40
0.3285714285714286
 40
0.3428571428571429
 40
0.3571428571428572
 40
0.3714285714285715
 40
0.3857142857142858
 40
0.4000000000000001
 40
0.4142857142857145
 40
0.4285714285714287
 40
0.442857142857143
 40
0.4571428571428572
 40
0.4714285714285716
 40
0.4857142857142859
 40
0.5000000000000001
 40
0.5142857142857144
 40
0.5285714285714286
 40
0.5428571428571428
 40
0.5571428571428571
 40
0.5714285714285713
 40
0.5857142857142855
 40
0.5999999999999998
 40
0.614285714285714
 40
0.6285714285714282
 40
0.6428571428571425
 40
0.6571428571428567
 40
0.6714285714285709
 40
0.6857142857142852
 40
0.6999999999999994
 40
0.7142857142857137
 40
0.7285714285714279
 40
0.7428571428571421
 40
0.7571428571428564
 40
0.7714285714285706
 40
0.7857142857142848
 40
0.7999999999999991
 40
0.8142857142857133
 40
0.8285714285714275
 40
0.8428571428571418
 40
0.857142857142856
 40
0.8714285714285702
 40
0.8857142857142845
 40
0.8999999999999987
 40
0.9142857142857129
 40
0.9285714285714272
 40
0.9428571428571414
 40
0.9571428571428556
 40
0.9714285714285699
 40
0.9857142857142841
 40
1.0
 40
1.0
 40
1.0
 40
1.0
 40
1.0
 40
1.0
 10
83.96918567770354
 20
254.9938915785551
 30
0.0
 41
1.0
 10
83.96685592472477
 20
254.9941065967396
 30
0.0
 41
1.0
 10
83.96219389006637
 20
254.9944759907048
 30
0.0
 41
1.0
 10
83.95519325200439
 20
254.9948481558149
 30
0.0
 41
1.0
 10
83.94584436973309
 20
254.9949979367484
 30
0.0
 41
1.0
 10
83.93413660521037
 20
254.9947089681527
 30
0.0
 41
1.0
 10
83.92241094012751
 20
254.9940730312237
 30
0.0
 41
1.0
 10
83.91067135095545
 20
254.9932183581395
 30
0.0
 41
1.0
 10
83.89892128991959
 20
254.9922418124024
 30
0.0
 41
1.0
 10
83.88716302572902
 20
254.9911822112554
 30
0.0
 41
1.0
 10
83.87539796416604
 20
254.9900386565396
 30
0.0
 41
1.0
 10
83.86362690566874
 20
254.9887860412
 30
0.0
 41
1.0
 10
83.85185031939636
 20
254.9873911447912
 30
0.0
 41
1.0
 10
83.84006862502156
 20
254.9858294968235
 30
0.0
 41
1.0
 10
83.82828242602682
 20
254.9840988630176
 30
0.0
 41
1.0
 10
83.81649242066577
 20
254.982210983846
 30
0.0
 41
1.0
 10
83.8046993490907
 20
254.980185708835
 30
0.0
 41
1.0
 10
83.79290392917392
 20
254.9780444723456
 30
0.0
 41
1.0
 10
83.7811067910934
 20
254.9758034618144
 30
0.0
 41
1.0
 10
83.76930843085483
 20
254.9734687215823
 30
0.0
 41
1.0
 10
83.75750925267857
 20
254.9710399154183
 30
0.0
 41
1.0
 10
83.74570959858738
 20
254.9685128503242
 30
0.0
 41
1.0
 10
83.73390978147382
 20
254.9658823472928
 30
0.0
 41
1.0
 10
83.72211012005299
 20
254.963145274909
 30
0.0
 41
1.0
 10
83.71031096229126
 20
254.9603025376391
 30
0.0
 41
1.0
 10
83.6985126691643
 20
254.957357443388
 30
0.0
 41
1.0
 10
83.68671560497478
 20
254.9543146719843
 30
0.0
 41
1.0
 10
83.67492012573894
 20
254.9511790721335
 30
0.0
 41
1.0
 10
83.66312656684476
 20
254.9479543844427
 30
0.0
 41
1.0
 10
83.65133523589065
 20
254.9446424705857
 30
0.0
 41
1.0
 10
83.63954642089174
 20
254.9412440321548
 30
0.0
 41
1.0
 10
83.62776039569689
 20
254.9377590609192
 30
0.0
 41
1.0
 10
83.61597742615414
 20
254.934187366418
 30
0.0
 41
1.0
 10
83.60419777667358
 20
254.9305291391056
 30
0.0
 41
1.0
 10
83.59242171416644
 20
254.9267852776911
 30
0.0
 41
1.0
 10
83.58064950503285
 20
254.9229570842108
 30
0.0
 41
1.0
 10
83.56888141342551
 20
254.9190460792497
 30
0.0
 41
1.0
 10
83.5571176991325
 20
254.9150537826108
 30
0.0
 41
1.0
 10
83.54535861522345
 20
254.9109814801513
 30
0.0
 41
1.0
 10
83.5336044069154
 20
254.9068300922418
 30
0.0
 41
1.0
 10
83.52185531356099
 20
254.9026003070467
 30
0.0
 41
1.0
 10
83.51011157002176
 20
254.8982926634399
 30
0.0
 41
1.0
 10
83.49837340815794
 20
254.8939076489915
 30
0.0
 41
1.0
 10
83.48664105843182
 20
254.8894458046961
 30
0.0
 41
1.0
 10
83.47491475073002
 20
254.8849077862678
 30
0.0
 41
1.0
 10
83.46319471318839
 20
254.8802943077953
 30
0.0
 41
1.0
 10
83.45148117131975
 20
254.8756061081776
 30
0.0
 41
1.0
 10
83.43977434708722
 20
254.870843911167
 30
0.0
 41
1.0
 10
83.42807445767812
 20
254.8660083837658
 30
0.0
 41
1.0
 10
83.41638171520116
 20
254.8611001115432
 30
0.0
 41
1.0
 10
83.40469632892109
 20
254.8561196240417
 30
0.0
 41
1.0
 10
83.39301850706396
 20
254.8510674115714
 30
0.0
 41
1.0
 10
83.38134845855893
 20
254.8459439449034
 30
0.0
 41
1.0
 10
83.36968639516635
 20
254.8407496965783
 30
0.0
 41
1.0
 10
83.35803253209633
 20
254.8354851546646
 30
0.0
 41
1.0
 10
83.34638708390775
 20
254.8301508092964
 30
0.0
 41
1.0
 10
83.33475026100495
 20
254.8247471440963
 30
0.0
 41
1.0
 10
83.32312226616977
 20
254.8192746266632
 30
0.0
 41
1.0
 10
83.31150329021602
 20
254.8137336988148
 30
0.0
 41
1.0
 10
83.29989351033146
 20
254.808124770866
 30
0.0
 41
1.0
 10
83.28829309973116
 20
254.8024482328083
 30
0.0
 41
1.0
 10
83.276702235823
 20
254.7967044635961
 30
0.0
 41
1.0
 10
83.26512110838576
 20
254.7908938411538
 30
0.0
 41
1.0
 10
83.25354992887424
 20
254.785016753739
 30
0.0
 41
1.0
 10
83.24198893569519
 20
254.7790736077568
 30
0.0
 41
1.0
 10
83.23043837420391
 20
254.7730648106372
 30
0.0
 41
1.0
 10
83.218898479362
 20
254.766990756887
 30
0.0
 41
1.0
 10
83.20736945761565
 20
254.7608518134821
 30
0.0
 41
1.0
 10
83.19585146821555
 20
254.7546483057376
 30
0.0
 41
1.0
 10
83.18434460686239
 20
254.7483805041393
 30
0.0
 41
1.0
 10
83.17284892219868
 20
254.7420486225164
 30
0.0
 41
1.0
 10
83.16366132843905
 20
254.7369319770796
 30
0.0
 41
1.0
 10
83.1567756687591
 20
254.7330657690318
 30
0.0
 41
1.0
 10
83.15218746628943
 20
254.7304755350306
 30
0.0
 41
1.0
 10
83.14989392438382
 20
254.7291772275376
 30
0.0
 41
1.0
  0
SPLINE
  5
6CC
330
70
100
AcDbEntity
  8
Visible
100
AcDbSpline
210
0.0
220
0.0
230
1.0
 70
    12
 71
     5
 72
    81
 73
    75
 74
     0
 42
0.000000001
 43
0.0000000001
 40
-1.0
 40
-1.0
 40
-1.0
 40
-1.0
 40
-1.0
 40
-1.0
 40
-0.9857142857142841
 40
-0.9714285714285699
 40
-0.9571428571428556
 40
-0.9428571428571414
 40
-0.9285714285714272
 40
-0.9142857142857129
 40
-0.8999999999999987
 40
-0.8857142857142845
 40
-0.8714285714285702
 40
-0.857142857142856
 40
-0.8428571428571418
 40
-0.8285714285714275
 40
-0.8142857142857133
 40
-0.7999999999999991
 40
-0.7857142857142848
 40
-0.7714285714285706
 40
-0.7571428571428564
 40
-0.7428571428571421
 40
-0.7285714285714279
 40
-0.7142857142857137
 40
-0.6999999999999994
 40
-0.6857142857142852
 40
-0.6714285714285709
 40
-0.6571428571428567
 40
-0.6428571428571425
 40
-0.6285714285714282
 40
-0.614285714285714
 40
-0.5999999999999998
 40
-0.5857142857142855
 40
-0.5714285714285713
 40
-0.5571428571428571
 40
-0.5428571428571428
 40
-0.5285714285714286
 40
-0.5142857142857144
 40
-0.5000000000000001
 40
-0.4857142857142859
 40
-0.4714285714285716
 40
-0.4571428571428572
 40
-0.442857142857143
 40
-0.4285714285714287
 40
-0.4142857142857145
 40
-0.4000000000000001
 40
-0.3857142857142858
 40
-0.3714285714285715
 40
-0.3571428571428572
 40
-0.3428571428571429
 40
-0.3285714285714286
 40
-0.3142857142857143
 40
-0.3
 40
-0.2857142857142858
 40
-0.2714285714285714
 40
-0.2571428571428572
 40
-0.2428571428571429
 40
-0.2285714285714286
 40
-0.2142857142857143
 40
-0.2
 40
-0.1857142857142857
 40
-0.1714285714285715
 40
-0.1571428571428572
 40
-0.1428571428571429
 40
-0.1285714285714286
 40
-0.1142857142857143
 40
-0.1
 40
-0.0857142857142858
 40
-0.0714285714285714
 40
-0.0571428571428571
 40
-0.0428571428571429
 40
-0.0285714285714286
 40
-0.0142857142857143
 40
0.0
 40
0.0
 40
0.0
 40
0.0
 40
0.0
 40
0.0
 10
83.36527531331467
 20
256.0890417981327
 30
0.0
 41
1.0
 10
83.36705540221009
 20
256.0870982909055
 30
0.0
 41
1.0
 10
83.37061861574147
 20
256.0832169994428
 30
0.0
 41
1.0
 10
83.37597254325828
 20
256.0774122312269
 30
0.0
 41
1.0
 10
83.38312933377801
 20
256.0697068896334
 30
0.0
 41
1.0
 10
83.3921057205589
 20
256.0601325504331
 30
0.0
 41
1.0
 10
83.4011125388206
 20
256.0506157011705
 30
0.0
 41
1.0
 10
83.41014980837554
 20
256.0411565602399
 30
0.0
 41
1.0
 10
83.41921752179496
 20
256.0317554144631
 30
0.0
 41
1.0
 10
83.42831562814808
 20
256.0224126224448
 30
0.0
 41
1.0
 10
83.43744404449536
 20
256.0131285969937
 30
0.0
 41
1.0
 10
83.44660266928441
 20
256.0039037859151
 30
0.0
 41
1.0
 10
83.45579139507117
 20
255.9947386525191
 30
0.0
 41
1.0
 10
83.46501012070438
 20
255.9856336569892
 30
0.0
 41
1.0
 10
83.4742587650553
 20
255.9765892339255
 30
0.0
 41
1.0
 10
83.48353726441928
 20
255.9676058013975
 30
0.0
 41
1.0
 10
83.4928455671743
 20
255.9586837746374
 30
0.0
 41
1.0
 10
83.5021836290989
 20
255.9498235780738
 30
0.0
 41
1.0
 10
83.51155140846913
 20
255.9410256566934
 30
0.0
 41
1.0
 10
83.52094886034137
 20
255.9322904896562
 30
0.0
 41
1.0
 10
83.53037593635326
 20
255.9236185843356
 30
0.0
 41
1.0
 10
83.53983258584776
 20
255.9150104657056
 30
0.0
 41
1.0
 10
83.54931875622424
 20
255.9064666662107
 30
0.0
 41
1.0
 10
83.55883439362969
 20
255.8979877165366
 30
0.0
 41
1.0
 10
83.56837944269136
 20
255.8895741315346
 30
0.0
 41
1.0
 10
83.57795385017926
 20
255.8812264234948
 30
0.0
 41
1.0
 10
83.58755756957634
 20
255.8729451230783
 30
0.0
 41
1.0
 10
83.59719056549511
 20
255.8647307985729
 30
0.0
 41
1.0
 10
83.60685281715996
 20
255.8565840724368
 30
0.0
 41
1.0
 10
83.61654432412796
 20
255.8485056461386
 30
0.0
 41
1.0
 10
83.62626509895198
 20
255.840496276599
 30
0.0
 41
1.0
 10
83.63601515548907
 20
255.8325567362408
 30
0.0
 41
1.0
 10
83.64579449743359
 20
255.8246877746997
 30
0.0
 41
1.0
 10
83.65560310877844
 20
255.8168900866358
 30
0.0
 41
1.0
 10
83.6654409375169
 20
255.8091642577819
 30
0.0
 41
1.0
 10
83.67530791380431
 20
255.801510823495
 30
0.0
 41
1.0
 10
83.68520398079544
 20
255.7939303688499
 30
0.0
 41
1.0
 10
83.69512912350637
 20
255.7864236222931
 30
0.0
 41
1.0
 10
83.70508339313255
 20
255.7789915349258
 30
0.0
 41
1.0
 10
83.71506694634172
 20
255.7716354078739
 30
0.0
 41
1.0
 10
83.72508000570633
 20
255.7643567668365
 30
0.0
 41
1.0
 10
83.73512278988801
 20
255.7571571396002
 30
0.0
 41
1.0
 10
83.74519544787744
 20
255.7500378467994
 30
0.0
 41
1.0
 10
83.75529800354343
 20
255.7429998256375
 30
0.0
 41
1.0
 10
83.76543026426952
 20
255.7360433389522
 30
0.0
 41
1.0
 10
83.77559191836372
 20
255.7291682877594
 30
0.0
 41
1.0
 10
83.78578270283743
 20
255.7223747488533
 30
0.0
 41
1.0
 10
83.79600256057619
 20
255.7156634784897
 30
0.0
 41
1.0
 10
83.80625177432467
 20
255.7090363422785
 30
0.0
 41
1.0
 10
83.81653118102168
 20
255.702497001389
 30
0.0
 41
1.0
 10
83.82684194040848
 20
255.6960501772291
 30
0.0
 41
1.0
 10
83.83718515215605
 20
255.6897004331568
 30
0.0
 41
1.0
 10
83.84756149515942
 20
255.6834510267236
 30
0.0
 41
1.0
 10
83.85797091797668
 20
255.6773029256565
 30
0.0
 41
1.0
 10
83.86841214982997
 20
255.6712532502897
 30
0.0
 41
1.0
 10
83.87888329274028
 20
255.665297171784
 30
0.0
 41
1.0
 10
83.88938272571795
 20
255.659430808053
 30
0.0
 41
1.0
 10
83.89990996042433
 20
255.6536539642329
 30
0.0
 41
1.0
 10
83.91046639293382
 20
255.6479725421059
 30
0.0
 41
1.0
 10
83.92105642610658
 20
255.642402131577
 30
0.0
 41
1.0
 10
83.9316860007848
 20
255.6369633397689
 30
0.0
 41
1.0
 10
83.94236054688372
 20
255.6316752734219
 30
0.0
 41
1.0
 10
83.95308302833109
 20
255.6265493141618
 30
0.0
 41
1.0
 10
83.9638521807492
 20
255.6215835235489
 30
0.0
 41
1.0
 10
83.97466004320994
 20
255.61675475845
 30
0.0
 41
1.0
 10
83.985495903833
 20
255.6120315693233
 30
0.0
 41
1.0
 10
83.99635124284941
 20
255.6073903252882
 30
0.0
 41
1.0
 10
84.00722444573602
 20
255.6028306065564
 30
0.0
 41
1.0
 10
84.01812535000955
 20
255.5983900315887
 30
0.0
 41
1.0
 10
84.02908060487517
 20
255.5941617898479
 30
0.0
 41
1.0
 10
84.04012605440948
 20
255.5902690661787
 30
0.0
 41
1.0
 10
84.04906365466741
 20
255.5875225528116
 30
0.0
 41
1.0
 10
84.0558366624573
 20
255.5857131867315
 30
0.0
 41
1.0
 10
84.06038466991232
 20
255.5846238533313
 30
0.0
 41
1.0
 10
84.0626668409377
 20
255.5841084145141
 30
0.0
 41
1.0
  0
ARC
  5
6CD
330
70
100
AcDbEntity
  8
Visible
100
AcDbCircle
 10
88.647151
 20
254.555486
 30
0.0
 40
5.499999999998583
100
AcDbArc
 50
160.190287
 51
163.809713
  0
SPLINE
  5
6CE
330
70
100
AcDbEntity
  8
Visible
100
AcDbSpline
210
0.0
220
0.0
230
1.0
 70
    12
 71
     5
 72
    81
 73
    75
 74
     0
 42
0.000000001
 43
0.0000000001
 40
0.0
 40
0.0
 40
0.0
 40
0.0
 40
0.0
 40
0.0
 40
0.0142857142857143
 40
0.0285714285714286
 40
0.0428571428571429
 40
0.0571428571428571
 40
0.0714285714285714
 40
0.0857142857142858
 40
0.1
 40
0.1142857142857143
 40
0.1285714285714286
 40
0.1428571428571429
 40
0.1571428571428572
 40
0.1714285714285715
 40
0.1857142857142857
 40
0.2
 40
0.2142857142857143
 40
0.2285714285714286
 40
0.2428571428571429
 40
0.2571428571428572
 40
0.2714285714285714
 40
0.2857142857142858
 40
0.3
 40
0.3142857142857143
 40
0.3285714285714286
 40
0.3428571428571429
 40
0.3571428571428572
 40
0.3714285714285715
 40
0.3857142857142858
 40
0.4000000000000001
 40
0.4142857142857145
 40
0.4285714285714287
 40
0.442857142857143
 40
0.4571428571428572
 40
0.4714285714285716
 40
0.4857142857142859
 40
0.5000000000000001
 40
0.5142857142857144
 40
0.5285714285714286
 40
0.5428571428571428
 40
0.5571428571428571
 40
0.5714285714285713
 40
0.5857142857142855
 40
0.5999999999999998
 40
0.614285714285714
 40
0.6285714285714282
 40
0.6428571428571425
 40
0.6571428571428567
 40
0.6714285714285709
 40
0.6857142857142852
 40
0.6999999999999994
 40
0.7142857142857137
 40
0.7285714285714279
 40
0.7428571428571421
 40
0.7571428571428564
 40
0.7714285714285706
 40
0.7857142857142848
 40
0.7999999999999991
 40
0.8142857142857133
 40
0.8285714285714275
 40
0.8428571428571418
 40
0.857142857142856
 40
0.8714285714285702
 40
0.8857142857142845
 40
0.8999999999999987
 40
0.9142857142857129
 40
0.9285714285714272
 40
0.9428571428571414
 40
0.9571428571428556
 40
0.9714285714285699
 40
0.9857142857142841
 40
1.0
 40
1.0
 40
1.0
 40
1.0
 40
1.0
 40
1.0
 10
84.33361631827848
 20
256.4180051603334
 30
0.0
 41
1.0
 10
84.3314670357995
 20
256.4189295880424
 30
0.0
 41
1.0
 10
84.32714732637123
 20
256.4207215505184
 30
0.0
 41
1.0
 10
84.32060432926755
 20
256.4232388167038
 30
0.0
 41
1.0
 10
84.31175929871733
 20
256.4262702303367
 30
0.0
 41
1.0
 10
84.30053525677067
 20
256.4296133030748
 30
0.0
 41
1.0
 10
84.28918697126755
 20
256.4326319208949
 30
0.0
 41
1.0
 10
84.27775784997903
 20
256.4354468110505
 30
0.0
 41
1.0
 10
84.26628110863475
 20
256.4381490294081
 30
0.0
 41
1.0
 10
84.25477090009463
 20
256.4407747922914
 30
0.0
 41
1.0
 10
84.24322828378899
 20
256.4433228110902
 30
0.0
 41
1.0
 10
84.23164626247398
 20
256.4457689602277
 30
0.0
 41
1.0
 10
84.22001501666455
 20
256.4480815002016
 30
0.0
 41
1.0
 10
84.20832738369517
 20
256.4502370285108
 30
0.0
 41
1.0
 10
84.19658324708143
 20
256.4522332337401
 30
0.0
 41
1.0
 10
84.18478689890889
 20
256.4540810659719
 30
0.0
 41
1.0
 10
84.17294517694335
 20
256.4557991745087
 30
0.0
 41
1.0
 10
84.16106538750501
 20
256.4574077228026
 30
0.0
 41
1.0
 10
84.14915313212167
 20
256.4589219112859
 30
0.0
 41
1.0
 10
84.13721075032572
 20
256.4603473351935
 30
0.0
 41
1.0
 10
84.12523852265257
 20
256.46168354984
 30
0.0
 41
1.0
 10
84.1132354786796
 20
256.462926461757
 30
0.0
 41
1.0
 10
84.10120031558198
 20
256.4640710487274
 30
0.0
 41
1.0
 10
84.08913236881653
 20
256.4651142341081
 30
0.0
 41
1.0
 10
84.07703224881425
 20
256.4660567705705
 30
0.0
 41
1.0
 10
84.06490132108046
 20
256.4669016925736
 30
0.0
 41
1.0
 10
84.05274137823562
 20
256.4676533383199
 30
0.0
 41
1.0
 10
84.04055425720434
 20
256.4683162091906
 30
0.0
 41
1.0
 10
84.02834143286964
 20
256.4688937590718
 30
0.0
 41
1.0
 10
84.01610377306406
 20
256.4693876634683
 30
0.0
 41
1.0
 10
84.00384176851094
 20
256.4697985006314
 30
0.0
 41
1.0
 10
83.99155567711114
 20
256.4701261781092
 30
0.0
 41
1.0
 10
83.97924569284715
 20
256.470370432613
 30
0.0
 41
1.0
 10
83.96691212603945
 20
256.4705313635659
 30
0.0
 41
1.0
 10
83.954555508255
 20
256.4706097432136
 30
0.0
 41
1.0
 10
83.94217649520397
 20
256.4706067275429
 30
0.0
 41
1.0
 10
83.92977580799835
 20
256.4705236810869
 30
0.0
 41
1.0
 10
83.9173541633554
 20
256.4703619689863
 30
0.0
 41
1.0
 10
83.904912199313
 20
256.4701227359619
 30
0.0
 41
1.0
 10
83.89245043349365
 20
256.4698067815625
 30
0.0
 41
1.0
 10
83.8799693061901
 20
256.4694146863049
 30
0.0
 41
1.0
 10
83.86746920729093
 20
256.4689468901133
 30
0.0
 41
1.0
 10
83.85495050797544
 20
256.4684037850475
 30
0.0
 41
1.0
 10
83.8424135946043
 20
256.4677858144051
 30
0.0
 41
1.0
 10
83.82985888843723
 20
256.4670935307686
 30
0.0
 41
1.0
 10
83.81728682711036
 20
256.4663275427792
 30
0.0
 41
1.0
 10
83.80469785343303
 20
256.4654884834845
 30
0.0
 41
1.0
 10
83.79209240215368
 20
256.4645769726249
 30
0.0
 41
1.0
 10
83.77947088594828
 20
256.4635935774395
 30
0.0
 41
1.0
 10
83.76683368749217
 20
256.4625387892947
 30
0.0
 41
1.0
 10
83.75418116944638
 20
256.4614130471482
 30
0.0
 41
1.0
 10
83.74151368136063
 20
256.4602167529683
 30
0.0
 41
1.0
 10
83.72883156741409
 20
256.4589502899207
 30
0.0
 41
1.0
 10
83.71613517502556
 20
256.4576140419813
 30
0.0
 41
1.0
 10
83.70342485969468
 20
256.4562084068284
 30
0.0
 41
1.0
 10
83.69070097693656
 20
256.4547337843023
 30
0.0
 41
1.0
 10
83.67796387630733
 20
256.4531905693402
 30
0.0
 41
1.0
 10
83.66521389515947
 20
256.451579143989
 30
0.0
 41
1.0
 10
83.65245135149507
 20
256.4498998694798
 30
0.0
 41
1.0
 10
83.63967654062708
 20
256.44815308129
 30
0.0
 41
1.0
 10
83.62688974780486
 20
256.4463390967967
 30
0.0
 41
1.0
 10
83.61409125885712
 20
256.4444582215874
 30
0.0
 41
1.0
 10
83.60128137105949
 20
256.4425107564421
 30
0.0
 41
1.0
 10
83.58846040549542
 20
256.4404970052728
 30
0.0
 41
1.0
 10
83.57562871448863
 20
256.4384172809232
 30
0.0
 41
1.0
 10
83.56278665729041
 20
256.4362718950633
 30
0.0
 41
1.0
 10
83.54993457926957
 20
256.434061150283
 30
0.0
 41
1.0
 10
83.5370727901718
 20
256.4317853318034
 30
0.0
 41
1.0
 10
83.5242015419808
 20
256.4294446998037
 30
0.0
 41
1.0
 10
83.5113210092968
 20
256.4270394819614
 30
0.0
 41
1.0
 10
83.4984313044606
 20
256.4245698666064
 30
0.0
 41
1.0
 10
83.48811225315239
 20
256.4225427702313
 30
0.0
 41
1.0
 10
83.48036887765465
 20
256.4209935737326
 30
0.0
 41
1.0
 10
83.47520481147148
 20
256.4199479473436
 30
0.0
 41
1.0
 10
83.47262232441698
 20
256.4194219269684
 30
0.0
 41
1.0
  0
SPLINE
  5
6CF
330
70
100
AcDbEntity
  8
Visible
100
AcDbSpline
210
0.0
220
0.0
230
1.0
 70
    12
 71
     5
 72
    81
 73
    75
 74
     0
 42
0.000000001
 43
0.0000000001
 40
-1.0
 40
-1.0
 40
-1.0
 40
-1.0
 40
-1.0
 40
-1.0
 40
-0.9857142857142841
 40
-0.9714285714285699
 40
-0.9571428571428556
 40
-0.9428571428571414
 40
-0.9285714285714272
 40
-0.9142857142857129
 40
-0.8999999999999987
 40
-0.8857142857142845
 40
-0.8714285714285702
 40
-0.857142857142856
 40
-0.8428571428571418
 40
-0.8285714285714275
 40
-0.8142857142857133
 40
-0.7999999999999991
 40
-0.7857142857142848
 40
-0.7714285714285706
 40
-0.7571428571428564
 40
-0.7428571428571421
 40
-0.7285714285714279
 40
-0.7142857142857137
 40
-0.6999999999999994
 40
-0.6857142857142852
 40
-0.6714285714285709
 40
-0.6571428571428567
 40
-0.6428571428571425
 40
-0.6285714285714282
 40
-0.614285714285714
 40
-0.5999999999999998
 40
-0.5857142857142855
 40
-0.5714285714285713
 40
-0.5571428571428571
 40
-0.5428571428571428
 40
-0.5285714285714286
 40
-0.5142857142857144
 40
-0.5000000000000001
 40
-0.4857142857142859
 40
-0.4714285714285716
 40
-0.4571428571428572
 40
-0.442857142857143
 40
-0.4285714285714287
 40
-0.4142857142857145
 40
-0.4000000000000001
 40
-0.3857142857142858
 40
-0.3714285714285715
 40
-0.3571428571428572
 40
-0.3428571428571429
 40
-0.3285714285714286
 40
-0.3142857142857143
 40
-0.3
 40
-0.2857142857142858
 40
-0.2714285714285714
 40
-0.2571428571428572
 40
-0.2428571428571429
 40
-0.2285714285714286
 40
-0.2142857142857143
 40
-0.2
 40
-0.1857142857142857
 40
-0.1714285714285715
 40
-0.1571428571428572
 40
-0.1428571428571429
 40
-0.1285714285714286
 40
-0.1142857142857143
 40
-0.1
 40
-0.0857142857142858
 40
-0.0714285714285714
 40
-0.0571428571428571
 40
-0.0428571428571429
 40
-0.0285714285714286
 40
-0.0142857142857143
 40
0.0
 40
0.0
 40
0.0
 40
0.0
 40
0.0
 40
0.0
 10
84.09768346021156
 20
257.6461734786608
 30
0.0
 41
1.0
 10
84.09877584859259
 20
257.6437750157274
 30
0.0
 41
1.0
 10
84.10096528101894
 20
257.6389825946544
 30
0.0
 41
1.0
 10
84.10426339664445
 20
257.6318074774281
 30
0.0
 41
1.0
 10
84.10868882740397
 20
257.6222676921989
 30
0.0
 41
1.0
 10
84.11426724502144
 20
257.6103880984501
 30
0.0
 41
1.0
 10
84.11989237006492
 20
257.5985537770357
 30
0.0
 41
1.0
 10
84.12556428886546
 20
257.5867649295396
 30
0.0
 41
1.0
 10
84.13128308298928
 20
257.5750218310422
 30
0.0
 41
1.0
 10
84.13704881481317
 20
257.5633248383328
 30
0.0
 41
1.0
 10
84.14286153302418
 20
257.5516743696471
 30
0.0
 41
1.0
 10
84.14872127941725
 20
257.5400708822544
 30
0.0
 41
1.0
 10
84.15462809497785
 20
257.5285148499897
 30
0.0
 41
1.0
 10
84.16058202571003
 20
257.5170067417739
 30
0.0
 41
1.0
 10
84.16658312875643
 20
257.5055469960034
 30
0.0
 41
1.0
 10
84.17263147271842
 20
257.4941360299736
 30
0.0
 41
1.0
 10
84.17872713681664
 20
257.4827742545449
 30
0.0
 41
1.0
 10
84.18487021014788
 20
257.4714620870373
 30
0.0
 41
1.0
 10
84.19106079053927
 20
257.4601999635543
 30
0.0
 41
1.0
 10
84.19729898331571
 20
257.4489883536899
 30
0.0
 41
1.0
 10
84.20358489926911
 20
257.4378277549313
 30
0.0
 41
1.0
 10
84.2099186524465
 20
257.4267186822117
 30
0.0
 41
1.0
 10
84.21630035735779
 20
257.4156616581704
 30
0.0
 41
1.0
 10
84.22273012677488
 20
257.4046572041607
 30
0.0
 41
1.0
 10
84.2292080671341
 20
257.3937058269466
 30
0.0
 41
1.0
 10
84.23573428611689
 20
257.3828080301946
 30
0.0
 41
1.0
 10
84.24230890346553
 20
257.3719643329669
 30
0.0
 41
1.0
 10
84.24893206113575
 20
257.3611752866745
 30
0.0
 41
1.0
 10
84.25560393171963
 20
257.350441489727
 30
0.0
 41
1.0
 10
84.26232473156051
 20
257.3397636094005
 30
0.0
 41
1.0
 10
84.26909470649844
 20
257.3291423616893
 30
0.0
 41
1.0
 10
84.2759141084034
 20
257.3185784769294
 30
0.0
 41
1.0
 10
84.28278317244076
 20
257.308072666925
 30
0.0
 41
1.0
 10
84.28970209804811
 20
257.2976255972826
 30
0.0
 41
1.0
 10
84.29667101676386
 20
257.2872378411403
 30
0.0
 41
1.0
 10
84.30369002759835
 20
257.2769099292327
 30
0.0
 41
1.0
 10
84.31075925728601
 20
257.2666424355684
 30
0.0
 41
1.0
 10
84.31787891667772
 20
257.2564360575707
 30
0.0
 41
1.0
 10
84.32504934837016
 20
257.2462916839686
 30
0.0
 41
1.0
 10
84.33227110343432
 20
257.2362105037955
 30
0.0
 41
1.0
 10
84.33954486501443
 20
257.226193899297
 30
0.0
 41
1.0
 10
84.34687131318332
 20
257.2162432559171
 30
0.0
 41
1.0
 10
84.35425099773693
 20
257.2063597836095
 30
0.0
 41
1.0
 10
84.36168423098752
 20
257.1965443663339
 30
0.0
 41
1.0
 10
84.36917091096892
 20
257.1867973135868
 30
0.0
 41
1.0
 10
84.37671071065597
 20
257.1771186275437
 30
0.0
 41
1.0
 10
84.38430340366267
 20
257.1675084625094
 30
0.0
 41
1.0
 10
84.39194916936413
 20
257.1579675553758
 30
0.0
 41
1.0
 10
84.39964885317385
 20
257.1484975930707
 30
0.0
 41
1.0
 10
84.40740438242938
 20
257.1391017989445
 30
0.0
 41
1.0
 10
84.41521831910632
 20
257.1297843049424
 30
0.0
 41
1.0
 10
84.42309311921054
 20
257.1205491112587
 30
0.0
 41
1.0
 10
84.43103043504743
 20
257.1113991062202
 30
0.0
 41
1.0
 10
84.43903051673443
 20
257.1023352260854
 30
0.0
 41
1.0
 10
84.44709126582802
 20
257.0933551248217
 30
0.0
 41
1.0
 10
84.45520938504888
 20
257.084454796437
 30
0.0
 41
1.0
 10
84.46338213311083
 20
257.0756310497627
 30
0.0
 41
1.0
 10
84.47160898536276
 20
257.0668838503753
 30
0.0
 41
1.0
 10
84.47989309330024
 20
257.0582183797951
 30
0.0
 41
1.0
 10
84.48824346183846
 20
257.049648104342
 30
0.0
 41
1.0
 10
84.49667210900315
 20
257.0411907867328
 30
0.0
 41
1.0
 10
84.50519010326116
 20
257.0328629206224
 30
0.0
 41
1.0
 10
84.5138037805882
 20
257.024674414678
 30
0.0
 41
1.0
 10
84.52251133947994
 20
257.0166238160445
 30
0.0
 41
1.0
 10
84.53129805702337
 20
257.0086915743587
 30
0.0
 41
1.0
 10
84.54014402717076
 20
257.0008510894804
 30
0.0
 41
1.0
 10
84.54903384479711
 20
256.9930825198617
 30
0.0
 41
1.0
 10
84.55796584467861
 20
256.985385965173
 30
0.0
 41
1.0
 10
84.56696100759108
 20
256.9777941627408
 30
0.0
 41
1.0
 10
84.57607347556495
 20
256.9703875059486
 30
0.0
 41
1.0
 10
84.58537540455109
 20
256.9632720741201
 30
0.0
 41
1.0
 10
84.59302684821068
 20
256.9578981143168
 30
0.0
 41
1.0
 10
84.59890923653711
 20
256.9540843304058
 30
0.0
 41
1.0
 10
84.60289802612988
 20
256.9516429011828
 30
0.0
 41
1.0
 10
84.60490922040026
 20
256.9504474601063
 30
0.0
 41
1.0
  0
ARC
  5
6D0
330
70
100
AcDbEntity
  8
Visible
100
AcDbCircle
 10
88.647151
 20
254.555486
 30
0.0
 40
5.499999999998583
100
AcDbArc
 50
142.190287
 51
145.809713
  0
SPLINE
  5
6D1
330
70
100
AcDbEntity
  8
Visible
100
AcDbSpline
210
0.0
220
0.0
230
1.0
 70
    12
 71
     5
 72
    81
 73
    75
 74
     0
 42
0.000000001
 43
0.0000000001
 40
0.0
 40
0.0
 40
0.0
 40
0.0
 40
0.0
 40
0.0
 40
0.0142857142857143
 40
0.0285714285714286
 40
0.0428571428571429
 40
0.0571428571428571
 40
0.0714285714285714
 40
0.0857142857142858
 40
0.1
 40
0.1142857142857143
 40
0.1285714285714286
 40
0.1428571428571429
 40
0.1571428571428572
 40
0.1714285714285715
 40
0.1857142857142857
 40
0.2
 40
0.2142857142857143
 40
0.2285714285714286
 40
0.2428571428571429
 40
0.2571428571428572
 40
0.2714285714285714
 40
0.2857142857142858
 40
0.3
 40
0.3142857142857143
 40
0.3285714285714286
 40
0.3428571428571429
 40
0.3571428571428572
 40
0.3714285714285715
 40
0.3857142857142858
 40
0.4000000000000001
 40
0.4142857142857145
 40
0.4285714285714287
 40
0.442857142857143
 40
0.4571428571428572
 40
0.4714285714285716
 40
0.4857142857142859
 40
0.5000000000000001
 40
0.5142857142857144
 40
0.5285714285714286
 40
0.5428571428571428
 40
0.5571428571428571
 40
0.5714285714285713
 40
0.5857142857142855
 40
0.5999999999999998
 40
0.614285714285714
 40
0.6285714285714282
 40
0.6428571428571425
 40
0.6571428571428567
 40
0.6714285714285709
 40
0.6857142857142852
 40
0.6999999999999994
 40
0.7142857142857137
 40
0.7285714285714279
 40
0.7428571428571421
 40
0.7571428571428564
 40
0.7714285714285706
 40
0.7857142857142848
 40
0.7999999999999991
 40
0.8142857142857133
 40
0.8285714285714275
 40
0.8428571428571418
 40
0.857142857142856
 40
0.8714285714285702
 40
0.8857142857142845
 40
0.8999999999999987
 40
0.9142857142857129
 40
0.9285714285714272
 40
0.9428571428571414
 40
0.9571428571428556
 40
0.9714285714285699
 40
0.9857142857142841
 40
1.0
 40
1.0
 40
1.0
 40
1.0
 40
1.0
 40
1.0
 10
85.12028575242494
 20
257.65980240102
 30
0.0
 41
1.0
 10
85.11852732719034
 20
257.6613457488274
 30
0.0
 41
1.0
 10
85.11497278624757
 20
257.6643848700414
 30
0.0
 41
1.0
 10
85.10952790424743
 20
257.6688008297497
 30
0.0
 41
1.0
 10
85.10205253863478
 20
257.6744171401943
 30
0.0
 41
1.0
 10
85.09241090669183
 20
257.6810650110137
 30
0.0
 41
1.0
 10
85.0825508500211
 20
257.6874427002394
 30
0.0
 41
1.0
 10
85.07255095863911
 20
257.6936516125734
 30
0.0
 41
1.0
 10
85.0624709603935
 20
257.6997680830664
 30
0.0
 41
1.0
 10
85.05233550691173
 20
257.7058221820144
 30
0.0
 41
1.0
 10
85.04214520756978
 20
257.7118123564951
 30
0.0
 41
1.0
 10
85.03188595238043
 20
257.7177178239872
 30
0.0
 41
1.0
 10
85.02153859441296
 20
257.7235114328196
 30
0.0
 41
1.0
 10
85.01108908979677
 20
257.7291731392752
 30
0.0
 41
1.0
 10
85.00053661348283
 20
257.7347007810649
 30
0.0
 41
1.0
 10
84.98988863124669
 20
257.7401034460072
 30
0.0
 41
1.0
 10
84.97915740914322
 20
257.7453967576566
 30
0.0
 41
1.0
 10
84.96835612674386
 20
257.7505976348184
 30
0.0
 41
1.0
 10
84.95749480861196
 20
257.7557188029977
 30
0.0
 41
1.0
 10
84.94657740879665
 20
257.7607648606218
 30
0.0
 41
1.0
 10
84.93560405668814
 20
257.7657352980805
 30
0.0
 41
1.0
 10
84.92457256440685
 20
257.7706265221304
 30
0.0
 41
1.0
 10
84.91348014094365
 20
257.7754341589534
 30
0.0
 41
1.0
 10
84.90232520354494
 20
257.780155487846
 30
0.0
 41
1.0
 10
84.89110856535353
 20
257.7847910360051
 30
0.0
 41
1.0
 10
84.87983246274144
 20
257.7893432674082
 30
0.0
 41
1.0
 10
84.86849994117074
 20
257.7938157539839
 30
0.0
 41
1.0
 10
84.85711413866283
 20
257.7982122091553
 30
0.0
 41
1.0
 10
84.84567752522526
 20
257.8025354620022
 30
0.0
 41
1.0
 10
84.83419144397521
 20
257.8067868378475
 30
0.0
 41
1.0
 10
84.82265654030744
 20
257.8109667350009
 30
0.0
 41
1.0
 10
84.81107303093086
 20
257.8150749858387
 30
0.0
 41
1.0
 10
84.79944101897308
 20
257.8191112800141
 30
0.0
 41
1.0
 10
84.78776083029243
 20
257.8230756161911
 30
0.0
 41
1.0
 10
84.7760332090711
 20
257.8269685645537
 30
0.0
 41
1.0
 10
84.76425913615003
 20
257.8307910218864
 30
0.0
 41
1.0
 10
84.75243971901091
 20
257.8345440631019
 30
0.0
 41
1.0
 10
84.74057606114275
 20
257.8382287650484
 30
0.0
 41
1.0
 10
84.72866912309473
 20
257.8418460192543
 30
0.0
 41
1.0
 10
84.71671964422876
 20
257.8453964261807
 30
0.0
 41
1.0
 10
84.70472822267765
 20
257.848880401878
 30
0.0
 41
1.0
 10
84.69269536519277
 20
257.8522982442519
 30
0.0
 41
1.0
 10
84.68062154593827
 20
257.8556502114761
 30
0.0
 41
1.0
 10
84.66850726935081
 20
257.8589366057586
 30
0.0
 41
1.0
 10
84.65635310683229
 20
257.8621578224602
 30
0.0
 41
1.0
 10
84.64415966267825
 20
257.8653143051952
 30
0.0
 41
1.0
 10
84.63192755364707
 20
257.8684065191946
 30
0.0
 41
1.0
 10
84.619657384721
 20
257.8714349195179
 30
0.0
 41
1.0
 10
84.6073497236639
 20
257.8743999181215
 30
0.0
 41
1.0
 10
84.59500508626206
 20
257.8773018640677
 30
0.0
 41
1.0
 10
84.58262395307338
 20
257.8801410627611
 30
0.0
 41
1.0
 10
84.57020678075242
 20
257.88291778848
 30
0.0
 41
1.0
 10
84.55775401503798
 20
257.8856322992806
 30
0.0
 41
1.0
 10
84.54526610500215
 20
257.8882848529856
 30
0.0
 41
1.0
 10
84.53274351163145
 20
257.8908757179543
 30
0.0
 41
1.0
 10
84.52018669660175
 20
257.8934051645993
 30
0.0
 41
1.0
 10
84.50759611440025
 20
257.8958734605067
 30
0.0
 41
1.0
 10
84.49497220392823
 20
257.8982808647788
 30
0.0
 41
1.0
 10
84.48231537925039
 20
257.9006276226973
 30
0.0
 41
1.0
 10
84.46962602489383
 20
257.9029139620652
 30
0.0
 41
1.0
 10
84.45690451022164
 20
257.9051400965782
 30
0.0
 41
1.0
 10
84.44415120150461
 20
257.9073062285406
 30
0.0
 41
1.0
 10
84.43136647441589
 20
257.9094125521497
 30
0.0
 41
1.0
 10
84.41855072823727
 20
257.9114592572223
 30
0.0
 41
1.0
 10
84.40570439472322
 20
257.9134465324141
 30
0.0
 41
1.0
 10
84.39282791185087
 20
257.9153745631292
 30
0.0
 41
1.0
 10
84.37992170159487
 20
257.9172435304217
 30
0.0
 41
1.0
 10
84.36698614667511
 20
257.9190536098358
 30
0.0
 41
1.0
 10
84.35402156714463
 20
257.9208049709505
 30
0.0
 41
1.0
 10
84.34102819941381
 20
257.9224977763443
 30
0.0
 41
1.0
 10
84.32800620852232
 20
257.9241321704158
 30
0.0
 41
1.0
 10
84.31756580030469
 20
257.9253930494187
 30
0.0
 41
1.0
 10
84.30972268453297
 20
257.9263125106163
 30
0.0
 41
1.0
 10
84.30448824941596
 20
257.9269138450363
 30
0.0
 41
1.0
 10
84.30186960903938
 20
257.9272116023185
 30
0.0
 41
1.0
  0
SPLINE
  5
6D2
330
70
100
AcDbEntity
  8
Visible
100
AcDbSpline
210
0.0
220
0.0
230
1.0
 70
    12
 71
     5
 72
    81
 73
    75
 74
     0
 42
0.000000001
 43
0.0000000001
 40
-1.0
 40
-1.0
 40
-1.0
 40
-1.0
 40
-1.0
 40
-1.0
 40
-0.9857142857142841
 40
-0.9714285714285699
 40
-0.9571428571428556
 40
-0.9428571428571414
 40
-0.9285714285714272
 40
-0.9142857142857129
 40
-0.8999999999999987
 40
-0.8857142857142845
 40
-0.8714285714285702
 40
-0.857142857142856
 40
-0.8428571428571418
 40
-0.8285714285714275
 40
-0.8142857142857133
 40
-0.7999999999999991
 40
-0.7857142857142848
 40
-0.7714285714285706
 40
-0.7571428571428564
 40
-0.7428571428571421
 40
-0.7285714285714279
 40
-0.7142857142857137
 40
-0.6999999999999994
 40
-0.6857142857142852
 40
-0.6714285714285709
 40
-0.6571428571428567
 40
-0.6428571428571425
 40
-0.6285714285714282
 40
-0.614285714285714
 40
-0.5999999999999998
 40
-0.5857142857142855
 40
-0.5714285714285713
 40
-0.5571428571428571
 40
-0.5428571428571428
 40
-0.5285714285714286
 40
-0.5142857142857144
 40
-0.5000000000000001
 40
-0.4857142857142859
 40
-0.4714285714285716
 40
-0.4571428571428572
 40
-0.442857142857143
 40
-0.4285714285714287
 40
-0.4142857142857145
 40
-0.4000000000000001
 40
-0.3857142857142858
 40
-0.3714285714285715
 40
-0.3571428571428572
 40
-0.3428571428571429
 40
-0.3285714285714286
 40
-0.3142857142857143
 40
-0.3
 40
-0.2857142857142858
 40
-0.2714285714285714
 40
-0.2571428571428572
 40
-0.2428571428571429
 40
-0.2285714285714286
 40
-0.2142857142857143
 40
-0.2
 40
-0.1857142857142857
 40
-0.1714285714285715
 40
-0.1571428571428572
 40
-0.1428571428571429
 40
-0.1285714285714286
 40
-0.1142857142857143
 40
-0.1
 40
-0.0857142857142858
 40
-0.0714285714285714
 40
-0.0571428571428571
 40
-0.0428571428571429
 40
-0.0285714285714286
 40
-0.0142857142857143
 40
0.0
 40
0.0
 40
0.0
 40
0.0
 40
0.0
 40
0.0
 10
85.27542515266759
 20
258.9007671459467
 30
0.0
 41
1.0
 10
85.27572290994976
 20
258.8981485055701
 30
0.0
 41
1.0
 10
85.27632424436978
 20
258.8929140704522
 30
0.0
 41
1.0
 10
85.27724370556644
 20
258.8850709546814
 30
0.0
 41
1.0
 10
85.27850458457033
 20
258.8746305464629
 30
0.0
 41
1.0
 10
85.28013897864093
 20
258.8616085555714
 30
0.0
 41
1.0
 10
85.2818317840347
 20
258.8486151878405
 30
0.0
 41
1.0
 10
85.28358314514935
 20
258.8356506083101
 30
0.0
 41
1.0
 10
85.28539322456344
 20
258.8227150533903
 30
0.0
 41
1.0
 10
85.28726219185591
 20
258.8098088431343
 30
0.0
 41
1.0
 10
85.28919022257104
 20
258.7969323602629
 30
0.0
 41
1.0
 10
85.29117749776379
 20
258.7840860267479
 30
0.0
 41
1.0
 10
85.29322420283643
 20
258.7712702805693
 30
0.0
 41
1.0
 10
85.29533052644456
 20
258.7584855534806
 30
0.0
 41
1.0
 10
85.29749665840791
 20
258.7457322447644
 30
0.0
 41
1.0
 10
85.29972279291996
 20
258.7330107300922
 30
0.0
 41
1.0
 10
85.30200913228782
 20
258.7203213757357
 30
0.0
 41
1.0
 10
85.30435589020635
 20
258.7076645510578
 30
0.0
 41
1.0
 10
85.30676329447851
 20
258.6950406405858
 30
0.0
 41
1.0
 10
85.30923159038593
 20
258.6824500583844
 30
0.0
 41
1.0
 10
85.31176103703092
 20
258.6698932433537
 30
0.0
 41
1.0
 10
85.31435190200046
 20
258.6573706499839
 30
0.0
 41
1.0
 10
85.3170044557055
 20
258.6448827399472
 30
0.0
 41
1.0
 10
85.31971896650521
 20
258.6324299742337
 30
0.0
 41
1.0
 10
85.32249569222495
 20
258.6200128019127
 30
0.0
 41
1.0
 10
85.32533489091747
 20
258.6076316687231
 30
0.0
 41
1.0
 10
85.32823683686457
 20
258.5952870313222
 30
0.0
 41
1.0
 10
85.33120183546817
 20
258.5829793702642
 30
0.0
 41
1.0
 10
85.33423023579144
 20
258.5707092013381
 30
0.0
 41
1.0
 10
85.33732244979001
 20
258.5584770923069
 30
0.0
 41
1.0
 10
85.340478932525
 20
258.5462836481529
 30
0.0
 41
1.0
 10
85.34370014922751
 20
258.5341294856344
 30
0.0
 41
1.0
 10
85.34698654350995
 20
258.5220152090478
 30
0.0
 41
1.0
 10
85.35033851073331
 20
258.5099413897933
 30
0.0
 41
1.0
 10
85.35375635310812
 20
258.4979085323075
 30
0.0
 41
1.0
 10
85.35724032880443
 20
258.4859171107573
 30
0.0
 41
1.0
 10
85.36079073573182
 20
258.4739676318914
 30
0.0
 41
1.0
 10
85.36440798993771
 20
258.4620606938424
 30
0.0
 41
1.0
 10
85.36809269188324
 20
258.4501970359743
 30
0.0
 41
1.0
 10
85.37184573309877
 20
258.4383776188352
 30
0.0
 41
1.0
 10
85.3756681904324
 20
258.4266035459141
 30
0.0
 41
1.0
 10
85.379561138795
 20
258.4148759246937
 30
0.0
 41
1.0
 10
85.38352547497106
 20
258.4031957360121
 30
0.0
 41
1.0
 10
85.38756176914739
 20
258.3915637240543
 30
0.0
 41
1.0
 10
85.3916700199843
 20
258.3799802146777
 30
0.0
 41
1.0
 10
85.39584991713764
 20
258.3684453110099
 30
0.0
 41
1.0
 10
85.40010129298389
 20
258.3569592297599
 30
0.0
 41
1.0
 10
85.4044245458299
 20
258.3455226163223
 30
0.0
 41
1.0
 10
85.40882100100224
 20
258.3341368138154
 30
0.0
 41
1.0
 10
85.41329348757699
 20
258.3228042922447
 30
0.0
 41
1.0
 10
85.41784571898096
 20
258.3115281896326
 30
0.0
 41
1.0
 10
85.42248126714003
 20
258.3003115514411
 30
0.0
 41
1.0
 10
85.42720259603175
 20
258.2891566140415
 30
0.0
 41
1.0
 10
85.43201023285565
 20
258.2780641905783
 30
0.0
 41
1.0
 10
85.43690145690561
 20
258.267032698297
 30
0.0
 41
1.0
 10
85.44187189436343
 20
258.2560593461885
 30
0.0
 41
1.0
 10
85.44691795198833
 20
258.2451419463732
 30
0.0
 41
1.0
 10
85.45203912016678
 20
258.2342806282413
 30
0.0
 41
1.0
 10
85.45723999732855
 20
258.2234793458429
 30
0.0
 41
1.0
 10
85.46253330897888
 20
258.2127481237394
 30
0.0
 41
1.0
 10
85.46793597392024
 20
258.2021001415033
 30
0.0
 41
1.0
 10
85.47346361570999
 20
258.1915476651884
 30
0.0
 41
1.0
 10
85.4791253221656
 20
258.1810981605731
 30
0.0
 41
1.0
 10
85.48491893099891
 20
258.1707508026056
 30
0.0
 41
1.0
 10
85.49082439849099
 20
258.1604915474154
 30
0.0
 41
1.0
 10
85.49681457297083
 20
258.1503012480744
 30
0.0
 41
1.0
 10
85.5028686719188
 20
258.1401657945917
 30
0.0
 41
1.0
 10
85.50898514241271
 20
258.1300857963461
 30
0.0
 41
1.0
 10
85.51519405474573
 20
258.120085904965
 30
0.0
 41
1.0
 10
85.52157174397143
 20
258.1102258482943
 30
0.0
 41
1.0
 10
85.52821961479095
 20
258.1005842163504
 30
0.0
 41
1.0
 10
85.53383592523642
 20
258.0931088507386
 30
0.0
 41
1.0
 10
85.53825188494375
 20
258.0876639687376
 30
0.0
 41
1.0
 10
85.54129100615773
 20
258.0841094277957
 30
0.0
 41
1.0
 10
85.54283435396611
 20
258.0823510025612
 30
0.0
 41
1.0
  0
ARC
  5
6D3
330
70
100
AcDbEntity
  8
Visible
100
AcDbCircle
 10
88.647151
 20
254.555486
 30
0.0
 40
5.499999999998584
100
AcDbArc
 50
124.190287
 51
127.809713
  0
SPLINE
  5
6D4
330
70
100
AcDbEntity
  8
Visible
100
AcDbSpline
210
0.0
220
0.0
230
1.0
 70
    12
 71
     5
 72
    81
 73
    75
 74
     0
 42
0.000000001
 43
0.0000000001
 40
0.0
 40
0.0
 40
0.0
 40
0.0
 40
0.0
 40
0.0
 40
0.0142857142857143
 40
0.0285714285714286
 40
0.0428571428571429
 40
0.0571428571428571
 40
0.0714285714285714
 40
0.0857142857142858
 40
0.1
 40
0.1142857142857143
 40
0.1285714285714286
 40
0.1428571428571429
 40
0.1571428571428572
 40
0.1714285714285715
 40
0.1857142857142857
 40
0.2
 40
0.2142857142857143
 40
0.2285714285714286
 40
0.2428571428571429
 40
0.2571428571428572
 40
0.2714285714285714
 40
0.2857142857142858
 40
0.3
 40
0.3142857142857143
 40
0.3285714285714286
 40
0.3428571428571429
 40
0.3571428571428572
 40
0.3714285714285715
 40
0.3857142857142858
 40
0.4000000000000001
 40
0.4142857142857145
 40
0.4285714285714287
 40
0.442857142857143
 40
0.4571428571428572
 40
0.4714285714285716
 40
0.4857142857142859
 40
0.5000000000000001
 40
0.5142857142857144
 40
0.5285714285714286
 40
0.5428571428571428
 40
0.5571428571428571
 40
0.5714285714285713
 40
0.5857142857142855
 40
0.5999999999999998
 40
0.614285714285714
 40
0.6285714285714282
 40
0.6428571428571425
 40
0.6571428571428567
 40
0.6714285714285709
 40
0.6857142857142852
 40
0.6999999999999994
 40
0.7142857142857137
 40
0.7285714285714279
 40
0.7428571428571421
 40
0.7571428571428564
 40
0.7714285714285706
 40
0.7857142857142848
 40
0.7999999999999991
 40
0.8142857142857133
 40
0.8285714285714275
 40
0.8428571428571418
 40
0.857142857142856
 40
0.8714285714285702
 40
0.8857142857142845
 40
0.8999999999999987
 40
0.9142857142857129
 40
0.9285714285714272
 40
0.9428571428571414
 40
0.9571428571428556
 40
0.9714285714285699
 40
0.9857142857142841
 40
1.0
 40
1.0
 40
1.0
 40
1.0
 40
1.0
 40
1.0
 10
86.25218929487891
 20
258.5977275345849
 30
0.0
 41
1.0
 10
86.25099385380236
 20
258.5997387288562
 30
0.0
 41
1.0
 10
86.24855242458034
 20
258.603727518449
 30
0.0
 41
1.0
 10
86.24473864066931
 20
258.6096099067745
 30
0.0
 41
1.0
 10
86.23936468086503
 20
258.6172613504341
 30
0.0
 41
1.0
 10
86.23224924903752
 20
258.6265632794211
 30
0.0
 41
1.0
 10
86.22484259224529
 20
258.635675747395
 30
0.0
 41
1.0
 10
86.21725078981217
 20
258.6446709103075
 30
0.0
 41
1.0
 10
86.20955423512441
 20
258.6536029101881
 30
0.0
 41
1.0
 10
86.20178566550476
 20
258.6624927278144
 30
0.0
 41
1.0
 10
86.19394518062746
 20
258.6713386979618
 30
0.0
 41
1.0
 10
86.18601293894153
 20
258.6801254155052
 30
0.0
 41
1.0
 10
86.1779623403081
 20
258.6888329743979
 30
0.0
 41
1.0
 10
86.16977383436278
 20
258.697446651724
 30
0.0
 41
1.0
 10
86.16144596825325
 20
258.705964645982
 30
0.0
 41
1.0
 10
86.15298865064415
 20
258.7143932931476
 30
0.0
 41
1.0
 10
86.14441837519098
 20
258.7227436616849
 30
0.0
 41
1.0
 10
86.13575290460994
 20
258.7310277696224
 30
0.0
 41
1.0
 10
86.12700570522338
 20
258.7392546218743
 30
0.0
 41
1.0
 10
86.11818195854812
 20
258.7474273699372
 30
0.0
 41
1.0
 10
86.10928163016343
 20
258.7555454891572
 30
0.0
 41
1.0
 10
86.10030152889976
 20
258.7636062382507
 30
0.0
 41
1.0
 10
86.09123764876494
 20
258.7716063199386
 30
0.0
 41
1.0
 10
86.08208764372648
 20
258.7795436357747
 30
0.0
 41
1.0
 10
86.07285245004277
 20
258.7874184358788
 30
0.0
 41
1.0
 10
86.06353495604162
 20
258.7952323725567
 30
0.0
 41
1.0
 10
86.05413916191446
 20
258.8029879018122
 30
0.0
 41
1.0
 10
86.04466919960941
 20
258.810687585621
 30
0.0
 41
1.0
 10
86.03512829247575
 20
258.8183333513234
 30
0.0
 41
1.0
 10
86.02551812744241
 20
258.8259260443292
 30
0.0
 41
1.0
 10
86.0158394413993
 20
258.8334658440162
 30
0.0
 41
1.0
 10
86.00609238865127
 20
258.8409525239977
 30
0.0
 41
1.0
 10
85.99627697137567
 20
258.8483857572492
 30
0.0
 41
1.0
 10
85.98639349906898
 20
258.8557654418027
 30
0.0
 41
1.0
 10
85.97644285568822
 20
258.8630918899708
 30
0.0
 41
1.0
 10
85.96642625118965
 20
258.8703656515518
 30
0.0
 41
1.0
 10
85.95634507101658
 20
258.877587406615
 30
0.0
 41
1.0
 10
85.94620069741541
 20
258.8847578383083
 30
0.0
 41
1.0
 10
85.93599431941674
 20
258.8918774977001
 30
0.0
 41
1.0
 10
85.92572682575246
 20
258.8989467273868
 30
0.0
 41
1.0
 10
85.91539891384583
 20
258.9059657382213
 30
0.0
 41
1.0
 10
85.90501115770257
 20
258.9129346569371
 30
0.0
 41
1.0
 10
85.89456408806018
 20
258.9198535825444
 30
0.0
 41
1.0
 10
85.88405827805582
 20
258.9267226465818
 30
0.0
 41
1.0
 10
85.87349439329591
 20
258.9335420484876
 30
0.0
 41
1.0
 10
85.86287314558466
 20
258.9403120234247
 30
0.0
 41
1.0
 10
85.85219526525817
 20
258.9470328232656
 30
0.0
 41
1.0
 10
85.84146146831153
 20
258.9537046938494
 30
0.0
 41
1.0
 10
85.83067242201833
 20
258.9603278515197
 30
0.0
 41
1.0
 10
85.81982872479148
 20
258.9669024688683
 30
0.0
 41
1.0
 10
85.80893092803853
 20
258.973428687852
 30
0.0
 41
1.0
 10
85.7979795508254
 20
258.9799066282103
 30
0.0
 41
1.0
 10
85.78697509681569
 20
258.9863363976283
 30
0.0
 41
1.0
 10
85.77591807277441
 20
258.9927181025396
 30
0.0
 41
1.0
 10
85.76480900005391
 20
258.9990518557161
 30
0.0
 41
1.0
 10
85.75364840129532
 20
259.0053377716704
 30
0.0
 41
1.0
 10
85.74243679143092
 20
259.0115759644459
 30
0.0
 41
1.0
 10
85.73117466794792
 20
259.0177665448382
 30
0.0
 41
1.0
 10
85.71986250044119
 20
259.0239096181686
 30
0.0
 41
1.0
 10
85.70850072501253
 20
259.0300052822668
 30
0.0
 41
1.0
 10
85.69708975898265
 20
259.0360536262297
 30
0.0
 41
1.0
 10
85.68563001321217
 20
259.0420547292751
 30
0.0
 41
1.0
 10
85.67412190499544
 20
259.0480086600082
 30
0.0
 41
1.0
 10
85.66256587273164
 20
259.0539154755688
 30
0.0
 41
1.0
 10
85.65096238533806
 20
259.0597752219619
 30
0.0
 41
1.0
 10
85.63931191665323
 20
259.065587940172
 30
0.0
 41
1.0
 10
85.62761492394384
 20
259.0713536719968
 30
0.0
 41
1.0
 10
85.61587182544554
 20
259.0770724661197
 30
0.0
 41
1.0
 10
85.60408297794948
 20
259.0827443849203
 30
0.0
 41
1.0
 10
85.59224865653595
 20
259.0883695099638
 30
0.0
 41
1.0
 10
85.5803690627863
 20
259.0939479275812
 30
0.0
 41
1.0
 10
85.570829277558
 20
259.0983733583416
 30
0.0
 41
1.0
 10
85.56365416033168
 20
259.1016714739662
 30
0.0
 41
1.0
 10
85.55886173925864
 20
259.1038609063926
 30
0.0
 41
1.0
 10
85.5564632763253
 20
259.1049532947745
 30
0.0
 41
1.0
  0
SPLINE
  5
6D5
330
70
100
AcDbEntity
  8
Visible
100
AcDbSpline
210
0.0
220
0.0
230
1.0
 70
    12
 71
     5
 72
    81
 73
    75
 74
     0
 42
0.000000001
 43
0.0000000001
 40
-1.0
 40
-1.0
 40
-1.0
 40
-1.0
 40
-1.0
 40
-1.0
 40
-0.9857142857142841
 40
-0.9714285714285699
 40
-0.9571428571428556
 40
-0.9428571428571414
 40
-0.9285714285714272
 40
-0.9142857142857129
 40
-0.8999999999999987
 40
-0.8857142857142845
 40
-0.8714285714285702
 40
-0.857142857142856
 40
-0.8428571428571418
 40
-0.8285714285714275
 40
-0.8142857142857133
 40
-0.7999999999999991
 40
-0.7857142857142848
 40
-0.7714285714285706
 40
-0.7571428571428564
 40
-0.7428571428571421
 40
-0.7285714285714279
 40
-0.7142857142857137
 40
-0.6999999999999994
 40
-0.6857142857142852
 40
-0.6714285714285709
 40
-0.6571428571428567
 40
-0.6428571428571425
 40
-0.6285714285714282
 40
-0.614285714285714
 40
-0.5999999999999998
 40
-0.5857142857142855
 40
-0.5714285714285713
 40
-0.5571428571428571
 40
-0.5428571428571428
 40
-0.5285714285714286
 40
-0.5142857142857144
 40
-0.5000000000000001
 40
-0.4857142857142859
 40
-0.4714285714285716
 40
-0.4571428571428572
 40
-0.442857142857143
 40
-0.4285714285714287
 40
-0.4142857142857145
 40
-0.4000000000000001
 40
-0.3857142857142858
 40
-0.3714285714285715
 40
-0.3571428571428572
 40
-0.3428571428571429
 40
-0.3285714285714286
 40
-0.3142857142857143
 40
-0.3
 40
-0.2857142857142858
 40
-0.2714285714285714
 40
-0.2571428571428572
 40
-0.2428571428571429
 40
-0.2285714285714286
 40
-0.2142857142857143
 40
-0.2
 40
-0.1857142857142857
 40
-0.1714285714285715
 40
-0.1571428571428572
 40
-0.1428571428571429
 40
-0.1285714285714286
 40
-0.1142857142857143
 40
-0.1
 40
-0.0857142857142858
 40
-0.0714285714285714
 40
-0.0571428571428571
 40
-0.0428571428571429
 40
-0.0285714285714286
 40
-0.0142857142857143
 40
0.0
 40
0.0
 40
0.0
 40
0.0
 40
0.0
 40
0.0
 10
86.78321482801676
 20
259.7300144305682
 30
0.0
 41
1.0
 10
86.78268880764154
 20
259.7274319435137
 30
0.0
 41
1.0
 10
86.78164318125345
 20
259.7222678773314
 30
0.0
 41
1.0
 10
86.78009398475387
 20
259.7145245018328
 30
0.0
 41
1.0
 10
86.77806688837881
 20
259.7042054505255
 30
0.0
 41
1.0
 10
86.77559727302378
 20
259.6913157456884
 30
0.0
 41
1.0
 10
86.77319205518143
 20
259.6784352130053
 30
0.0
 41
1.0
 10
86.77085142318265
 20
259.6655639648134
 30
0.0
 41
1.0
 10
86.76857560470216
 20
259.6527021757156
 30
0.0
 41
1.0
 10
86.76636485992275
 20
259.6398500976957
 30
0.0
 41
1.0
 10
86.76421947406288
 20
259.6270080404965
 30
0.0
 41
1.0
 10
86.76213974971233
 20
259.6141763494898
 30
0.0
 41
1.0
 10
86.76012599854402
 20
259.6013553839266
 30
0.0
 41
1.0
 10
86.75817853339868
 20
259.5885454961281
 30
0.0
 41
1.0
 10
86.75629765818849
 20
259.5757470071803
 30
0.0
 41
1.0
 10
86.75448367369609
 20
259.5629602143581
 30
0.0
 41
1.0
 10
86.75273688550623
 20
259.5501854034901
 30
0.0
 41
1.0
 10
86.7510576109962
 20
259.5374228598266
 30
0.0
 41
1.0
 10
86.74944618564586
 20
259.5246728786788
 30
0.0
 41
1.0
 10
86.74790297068284
 20
259.5119357780486
 30
0.0
 41
1.0
 10
86.74642834815768
 20
259.4992118952914
 30
0.0
 41
1.0
 10
86.74502271300481
 20
259.4865015799596
 30
0.0
 41
1.0
 10
86.74368646506536
 20
259.473805187572
 30
0.0
 41
1.0
 10
86.74242000201775
 20
259.4611230736246
 30
0.0
 41
1.0
 10
86.74122370783697
 20
259.4484555855388
 30
0.0
 41
1.0
 10
86.74009796569043
 20
259.4358030674939
 30
0.0
 41
1.0
 10
86.7390431775466
 20
259.4231658690378
 30
0.0
 41
1.0
 10
86.73805978236122
 20
259.4105443528315
 30
0.0
 41
1.0
 10
86.73714827150069
 20
259.397938901553
 30
0.0
 41
1.0
 10
86.73630921220592
 20
259.3853499278748
 30
0.0
 41
1.0
 10
86.7355432242166
 20
259.3727778665479
 30
0.0
 41
1.0
 10
86.73485094058106
 20
259.3602231603818
 30
0.0
 41
1.0
 10
86.7342329699386
 20
259.3476862470097
 30
0.0
 41
1.0
 10
86.73368986487185
 20
259.3351675476943
 30
0.0
 41
1.0
 10
86.73322206868034
 20
259.322667448796
 30
0.0
 41
1.0
 10
86.73282997342358
 20
259.3101863214924
 30
0.0
 41
1.0
 10
86.73251401902325
 20
259.2977245556731
 30
0.0
 41
1.0
 10
86.73227478599892
 20
259.2852825916298
 30
0.0
 41
1.0
 10
86.73211307389919
 20
259.2728609469868
 30
0.0
 41
1.0
 10
86.73203002744321
 20
259.2604602597821
 30
0.0
 41
1.0
 10
86.73202701177251
 20
259.2480812467311
 30
0.0
 41
1.0
 10
86.73210539141928
 20
259.2357246289457
 30
0.0
 41
1.0
 10
86.73226632237311
 20
259.223391062139
 30
0.0
 41
1.0
 10
86.73251057687684
 20
259.211081077874
 30
0.0
 41
1.0
 10
86.73283825435465
 20
259.1987949864742
 30
0.0
 41
1.0
 10
86.73324909151778
 20
259.1865329819211
 30
0.0
 41
1.0
 10
86.73374299591342
 20
259.1742953221155
 30
0.0
 41
1.0
 10
86.73432054579462
 20
259.1620824977808
 30
0.0
 41
1.0
 10
86.73498341666528
 20
259.1498953767496
 30
0.0
 41
1.0
 10
86.73573506241245
 20
259.1377354339047
 30
0.0
 41
1.0
 10
86.73657998441468
 20
259.1256045061718
 30
0.0
 41
1.0
 10
86.73752252087707
 20
259.1135043861696
 30
0.0
 41
1.0
 10
86.73856570625867
 20
259.1014364394032
 30
0.0
 41
1.0
 10
86.73971029322819
 20
259.0894012763056
 30
0.0
 41
1.0
 10
86.74095320514515
 20
259.0773982323326
 30
0.0
 41
1.0
 10
86.74228941979164
 20
259.0654260046595
 30
0.0
 41
1.0
 10
86.74371484370022
 20
259.0534836228644
 30
0.0
 41
1.0
 10
86.74522903218349
 20
259.0415713674811
 30
0.0
 41
1.0
 10
86.74683758047649
 20
259.0296915780427
 30
0.0
 41
1.0
 10
86.7485556890133
 20
259.0178498560763
 30
0.0
 41
1.0
 10
86.75040352124506
 20
259.0060535079037
 30
0.0
 41
1.0
 10
86.75239972647522
 20
258.99430937129
 30
0.0
 41
1.0
 10
86.75455525478355
 20
258.9826217383206
 30
0.0
 41
1.0
 10
86.75686779475837
 20
258.9709904925112
 30
0.0
 41
1.0
 10
86.75931394389499
 20
258.9594084711962
 30
0.0
 41
1.0
 10
86.76186196269373
 20
258.9478658548915
 30
0.0
 41
1.0
 10
86.76448772557705
 20
258.9363556463504
 30
0.0
 41
1.0
 10
86.76718994393558
 20
258.9248789050062
 30
0.0
 41
1.0
 10
86.77000483409029
 20
258.9134497837185
 30
0.0
 41
1.0
 10
86.77302345191128
 20
258.9021014982154
 30
0.0
 41
1.0
 10
86.77636652464935
 20
258.8908774562678
 30
0.0
 41
1.0
 10
86.77939793828228
 20
258.8820324257176
 30
0.0
 41
1.0
 10
86.78191520446763
 20
258.875489428614
 30
0.0
 41
1.0
 10
86.78370716694372
 20
258.8711697191857
 30
0.0
 41
1.0
 10
86.78463159465264
 20
258.8690204367067
 30
0.0
 41
1.0
  0
ARC
  5
6D6
330
70
100
AcDbEntity
  8
Visible
100
AcDbCircle
 10
88.647151
 20
254.555486
 30
0.0
 40
5.499999999998582
100
AcDbArc
 50
106.190287
 51
109.809713
  0
SPLINE
  5
6D7
330
70
100
AcDbEntity
  8
Visible
100
AcDbSpline
210
0.0
220
0.0
230
1.0
 70
    12
 71
     5
 72
    81
 73
    75
 74
     0
 42
0.000000001
 43
0.0000000001
 40
0.0
 40
0.0
 40
0.0
 40
0.0
 40
0.0
 40
0.0
 40
0.0142857142857143
 40
0.0285714285714286
 40
0.0428571428571429
 40
0.0571428571428571
 40
0.0714285714285714
 40
0.0857142857142858
 40
0.1
 40
0.1142857142857143
 40
0.1285714285714286
 40
0.1428571428571429
 40
0.1571428571428572
 40
0.1714285714285715
 40
0.1857142857142857
 40
0.2
 40
0.2142857142857143
 40
0.2285714285714286
 40
0.2428571428571429
 40
0.2571428571428572
 40
0.2714285714285714
 40
0.2857142857142858
 40
0.3
 40
0.3142857142857143
 40
0.3285714285714286
 40
0.3428571428571429
 40
0.3571428571428572
 40
0.3714285714285715
 40
0.3857142857142858
 40
0.4000000000000001
 40
0.4142857142857145
 40
0.4285714285714287
 40
0.442857142857143
 40
0.4571428571428572
 40
0.4714285714285716
 40
0.4857142857142859
 40
0.5000000000000001
 40
0.5142857142857144
 40
0.5285714285714286
 40
0.5428571428571428
 40
0.5571428571428571
 40
0.5714285714285713
 40
0.5857142857142855
 40
0.5999999999999998
 40
0.614285714285714
 40
0.6285714285714282
 40
0.6428571428571425
 40
0.6571428571428567
 40
0.6714285714285709
 40
0.6857142857142852
 40
0.6999999999999994
 40
0.7142857142857137
 40
0.7285714285714279
 40
0.7428571428571421
 40
0.7571428571428564
 40
0.7714285714285706
 40
0.7857142857142848
 40
0.7999999999999991
 40
0.8142857142857133
 40
0.8285714285714275
 40
0.8428571428571418
 40
0.857142857142856
 40
0.8714285714285702
 40
0.8857142857142845
 40
0.8999999999999987
 40
0.9142857142857129
 40
0.9285714285714272
 40
0.9428571428571414
 40
0.9571428571428556
 40
0.9714285714285699
 40
0.9857142857142841
 40
1.0
 40
1.0
 40
1.0
 40
1.0
 40
1.0
 40
1.0
 10
87.61852834047203
 20
259.1399699140484
 30
0.0
 41
1.0
 10
87.61801290165385
 20
259.1422520850729
 30
0.0
 41
1.0
 10
87.61692356825461
 20
259.1468000925279
 30
0.0
 41
1.0
 10
87.61511420217448
 20
259.1535731003187
 30
0.0
 41
1.0
 10
87.61236768880644
 20
259.1625107005766
 30
0.0
 41
1.0
 10
87.60847496513816
 20
259.17355615011
 30
0.0
 41
1.0
 10
87.60424672339651
 20
259.1845114049765
 30
0.0
 41
1.0
 10
87.59980614842971
 20
259.1954123092492
 30
0.0
 41
1.0
 10
87.59524642969699
 20
259.2062855121358
 30
0.0
 41
1.0
 10
87.59060518566185
 20
259.2171408511531
 30
0.0
 41
1.0
 10
87.58588199653514
 20
259.2279767117761
 30
0.0
 41
1.0
 10
87.58105323143718
 20
259.2387845742369
 30
0.0
 41
1.0
 10
87.57608744082336
 20
259.249553726655
 30
0.0
 41
1.0
 10
87.57096148156415
 20
259.2602762081015
 30
0.0
 41
1.0
 10
87.56567341521714
 20
259.2709507542013
 30
0.0
 41
1.0
 10
87.56023462340818
 20
259.2815803288786
 30
0.0
 41
1.0
 10
87.55466421287929
 20
259.2921703620514
 30
0.0
 41
1.0
 10
87.54898279075314
 20
259.3027267945609
 30
0.0
 41
1.0
 10
87.54320594693217
 20
259.3132540292672
 30
0.0
 41
1.0
 10
87.53733958320117
 20
259.3237534622449
 30
0.0
 41
1.0
 10
87.53138350469544
 20
259.3342246051561
 30
0.0
 41
1.0
 10
87.5253338293287
 20
259.3446658370094
 30
0.0
 41
1.0
 10
87.51918572826161
 20
259.3550752598257
 30
0.0
 41
1.0
 10
87.51293632182841
 20
259.3654516028291
 30
0.0
 41
1.0
 10
87.50658657775602
 20
259.3757948145776
 30
0.0
 41
1.0
 10
87.50013975359706
 20
259.3861055739635
 30
0.0
 41
1.0
 10
87.49360041270756
 20
259.3963849806605
 30
0.0
 41
1.0
 10
87.48697327649642
 20
259.406634194409
 30
0.0
 41
1.0
 10
87.48026200613276
 20
259.4168540521478
 30
0.0
 41
1.0
 10
87.47346846722667
 20
259.4270448366224
 30
0.0
 41
1.0
 10
87.46659341603299
 20
259.4372064907166
 30
0.0
 41
1.0
 10
87.45963692934855
 20
259.4473387514427
 30
0.0
 41
1.0
 10
87.45259890818671
 20
259.4574413071077
 30
0.0
 41
1.0
 10
87.44547961538501
 20
259.4675139650972
 30
0.0
 41
1.0
 10
87.43827998814959
 20
259.4775567492789
 30
0.0
 41
1.0
 10
87.43100134711131
 20
259.4875698086434
 30
0.0
 41
1.0
 10
87.42364522005937
 20
259.4975533618526
 30
0.0
 41
1.0
 10
87.41621313269206
 20
259.5075076314797
 30
0.0
 41
1.0
 10
87.40870638613614
 20
259.5174327741897
 30
0.0
 41
1.0
 10
87.40112593149024
 20
259.5273288411809
 30
0.0
 41
1.0
 10
87.39347249720323
 20
259.5371958174692
 30
0.0
 41
1.0
 10
87.38574666834939
 20
259.5470336462067
 30
0.0
 41
1.0
 10
87.37794898028552
 20
259.5568422575525
 30
0.0
 41
1.0
 10
87.37008001874437
 20
259.566621599497
 30
0.0
 41
1.0
 10
87.3621404783862
 20
259.5763716560332
 30
0.0
 41
1.0
 10
87.35413110884655
 20
259.5860924308572
 30
0.0
 41
1.0
 10
87.34605268254927
 20
259.5957839378252
 30
0.0
 41
1.0
 10
87.33790595641222
 20
259.605446189491
 30
0.0
 41
1.0
 10
87.32969163190773
 20
259.6150791854088
 30
0.0
 41
1.0
 10
87.32141033149128
 20
259.6246829048059
 30
0.0
 41
1.0
 10
87.31306262345151
 20
259.6342573122947
 30
0.0
 41
1.0
 10
87.30464903844859
 20
259.6438023613555
 30
0.0
 41
1.0
 10
87.29617008877449
 20
259.6533179987609
 30
0.0
 41
1.0
 10
87.28762628928052
 20
259.6628041691383
 30
0.0
 41
1.0
 10
87.27901817064958
 20
259.6722608186319
 30
0.0
 41
1.0
 10
87.27034626532987
 20
259.6816878946447
 30
0.0
 41
1.0
 10
87.26161109829172
 20
259.6910853465169
 30
0.0
 41
1.0
 10
87.25281317691225
 20
259.7004531258872
 30
0.0
 41
1.0
 10
87.24395298034778
 20
259.7097911878109
 30
0.0
 41
1.0
 10
87.23503095358774
 20
259.7190994905659
 30
0.0
 41
1.0
 10
87.22604752106054
 20
259.7283779899299
 30
0.0
 41
1.0
 10
87.2170030979969
 20
259.7376266342817
 30
0.0
 41
1.0
 10
87.20789810246698
 20
259.746845359914
 30
0.0
 41
1.0
 10
87.19873296907008
 20
259.7560340857008
 30
0.0
 41
1.0
 10
87.18950815799145
 20
259.7651927104907
 30
0.0
 41
1.0
 10
87.1802241325413
 20
259.774321126838
 30
0.0
 41
1.0
 10
87.17088134052209
 20
259.7834192331911
 30
0.0
 41
1.0
 10
87.16148019474621
 20
259.7924869466096
 30
0.0
 41
1.0
 10
87.15202105381559
 20
259.8015242161655
 30
0.0
 41
1.0
 10
87.142504204553
 20
259.8105310344272
 30
0.0
 41
1.0
 10
87.13292986535179
 20
259.8195074212072
 30
0.0
 41
1.0
 10
87.12522452375834
 20
259.8266642117269
 30
0.0
 41
1.0
 10
87.11941975554237
 20
259.8320181392437
 30
0.0
 41
1.0
 10
87.1155384640806
 20
259.8355813527751
 30
0.0
 41
1.0
 10
87.11359495685247
 20
259.8373614416705
 30
0.0
 41
1.0
  0
SPLINE
  5
6D8
330
70
100
AcDbEntity
  8
Visible
100
AcDbSpline
210
0.0
220
0.0
230
1.0
 70
    12
 71
     5
 72
    81
 73
    75
 74
     0
 42
0.000000001
 43
0.0000000001
 40
-1.0
 40
-1.0
 40
-1.0
 40
-1.0
 40
-1.0
 40
-1.0
 40
-0.9857142857142841
 40
-0.9714285714285699
 40
-0.9571428571428556
 40
-0.9428571428571414
 40
-0.9285714285714272
 40
-0.9142857142857129
 40
-0.8999999999999987
 40
-0.8857142857142845
 40
-0.8714285714285702
 40
-0.857142857142856
 40
-0.8428571428571418
 40
-0.8285714285714275
 40
-0.8142857142857133
 40
-0.7999999999999991
 40
-0.7857142857142848
 40
-0.7714285714285706
 40
-0.7571428571428564
 40
-0.7428571428571421
 40
-0.7285714285714279
 40
-0.7142857142857137
 40
-0.6999999999999994
 40
-0.6857142857142852
 40
-0.6714285714285709
 40
-0.6571428571428567
 40
-0.6428571428571425
 40
-0.6285714285714282
 40
-0.614285714285714
 40
-0.5999999999999998
 40
-0.5857142857142855
 40
-0.5714285714285713
 40
-0.5571428571428571
 40
-0.5428571428571428
 40
-0.5285714285714286
 40
-0.5142857142857144
 40
-0.5000000000000001
 40
-0.4857142857142859
 40
-0.4714285714285716
 40
-0.4571428571428572
 40
-0.442857142857143
 40
-0.4285714285714287
 40
-0.4142857142857145
 40
-0.4000000000000001
 40
-0.3857142857142858
 40
-0.3714285714285715
 40
-0.3571428571428572
 40
-0.3428571428571429
 40
-0.3285714285714286
 40
-0.3142857142857143
 40
-0.3
 40
-0.2857142857142858
 40
-0.2714285714285714
 40
-0.2571428571428572
 40
-0.2428571428571429
 40
-0.2285714285714286
 40
-0.2142857142857143
 40
-0.2
 40
-0.1857142857142857
 40
-0.1714285714285715
 40
-0.1571428571428572
 40
-0.1428571428571429
 40
-0.1285714285714286
 40
-0.1142857142857143
 40
-0.1
 40
-0.0857142857142858
 40
-0.0714285714285714
 40
-0.0571428571428571
 40
-0.0428571428571429
 40
-0.0285714285714286
 40
-0.0142857142857143
 40
0.0
 40
0.0
 40
0.0
 40
0.0
 40
0.0
 40
0.0
 10
88.47345952744763
 20
260.0527428306013
 30
0.0
 41
1.0
 10
88.47216121995552
 20
260.0504492886957
 30
0.0
 41
1.0
 10
88.46957098595339
 20
260.0458610862261
 30
0.0
 41
1.0
 10
88.46570477790555
 20
260.0389754265461
 30
0.0
 41
1.0
 10
88.46058813246873
 20
260.0297878327874
 30
0.0
 41
1.0
 10
88.4542562508459
 20
260.0182921481237
 30
0.0
 41
1.0
 10
88.44798844924843
 20
260.0067852867696
 30
0.0
 41
1.0
 10
88.44178494150311
 20
259.9952672973695
 30
0.0
 41
1.0
 10
88.43564599809814
 20
259.9837382756232
 30
0.0
 41
1.0
 10
88.42957194434802
 20
259.9721983807813
 30
0.0
 41
1.0
 10
88.42356314722929
 20
259.9606478192909
 30
0.0
 41
1.0
 10
88.41762000124617
 20
259.9490868261109
 30
0.0
 41
1.0
 10
88.4117429138314
 20
259.9375156466003
 30
0.0
 41
1.0
 10
88.40593229138903
 20
259.9259345191622
 30
0.0
 41
1.0
 10
88.40018852217781
 20
259.914343655254
 30
0.0
 41
1.0
 10
88.39451198411916
 20
259.9027432446537
 30
0.0
 41
1.0
 10
88.38890305617042
 20
259.8911334647701
 30
0.0
 41
1.0
 10
88.38336212832201
 20
259.8795144888154
 30
0.0
 41
1.0
 10
88.37788961088881
 20
259.8678864939802
 30
0.0
 41
1.0
 10
88.37248594568881
 20
259.8562496710774
 30
0.0
 41
1.0
 10
88.36715160032055
 20
259.8446042228888
 30
0.0
 41
1.0
 10
88.36188705840777
 20
259.8329503598188
 30
0.0
 41
1.0
 10
88.35669281008268
 20
259.8212882964272
 30
0.0
 41
1.0
 10
88.35156934341375
 20
259.8096182479221
 30
0.0
 41
1.0
 10
88.34651713094444
 20
259.797940426065
 30
0.0
 41
1.0
 10
88.34153664344194
 20
259.7862550397849
 30
0.0
 41
1.0
 10
88.33662837122028
 20
259.7745622973071
 30
0.0
 41
1.0
 10
88.33179284381822
 20
259.7628624078989
 30
0.0
 41
1.0
 10
88.32703064680845
 20
259.7511555836654
 30
0.0
 41
1.0
 10
88.32234244719074
 20
259.7394420417968
 30
0.0
 41
1.0
 10
88.31772896871735
 20
259.7277220042552
 30
0.0
 41
1.0
 10
88.31319095028993
 20
259.7159956965533
 30
0.0
 41
1.0
 10
88.30872910599465
 20
259.7042633468281
 30
0.0
 41
1.0
 10
88.30434409154623
 20
259.6925251849634
 30
0.0
 41
1.0
 10
88.30003644793851
 20
259.6807814414242
 30
0.0
 41
1.0
 10
88.29580666274342
 20
259.6690323480698
 30
0.0
 41
1.0
 10
88.29165527483473
 20
259.6572781397617
 30
0.0
 41
1.0
 10
88.28758297237527
 20
259.6455190558536
 30
0.0
 41
1.0
 10
88.28359067573547
 20
259.6337553415597
 30
0.0
 41
1.0
 10
88.27967967077439
 20
259.6219872499532
 30
0.0
 41
1.0
 10
88.27585147729497
 20
259.6102150408187
 30
0.0
 41
1.0
 10
88.27210761588048
 20
259.5984389783125
 30
0.0
 41
1.0
 10
88.26844938856721
 20
259.586659328832
 30
0.0
 41
1.0
 10
88.26487769406686
 20
259.5748763592883
 30
0.0
 41
1.0
 10
88.26139272283034
 20
259.5630903340934
 30
0.0
 41
1.0
 10
88.2579942843995
 20
259.5513015190954
 30
0.0
 41
1.0
 10
88.25468237054247
 20
259.5395101881413
 30
0.0
 41
1.0
 10
88.25145768285166
 20
259.5277166292472
 30
0.0
 41
1.0
 10
88.24832208300177
 20
259.5159211500113
 30
0.0
 41
1.0
 10
88.24527931159719
 20
259.5041240858218
 30
0.0
 41
1.0
 10
88.24233421734698
 20
259.4923257926939
 30
0.0
 41
1.0
 10
88.23949148007613
 20
259.4805266349331
 30
0.0
 41
1.0
 10
88.23675440769239
 20
259.4687269735123
 30
0.0
 41
1.0
 10
88.23412390466183
 20
259.4569271563987
 30
0.0
 41
1.0
 10
88.23159683956783
 20
259.4451275023075
 30
0.0
 41
1.0
 10
88.22916803340286
 20
259.4333283241303
 30
0.0
 41
1.0
 10
88.22683329317078
 20
259.4215299638918
 30
0.0
 41
1.0
 10
88.22459228264051
 20
259.4097328258113
 30
0.0
 41
1.0
 10
88.22245104615012
 20
259.3979374058954
 30
0.0
 41
1.0
 10
88.22042577114007
 20
259.3861443343194
 30
0.0
 41
1.0
 10
88.21853789196756
 20
259.3743543289593
 30
0.0
 41
1.0
 10
88.21680725816168
 20
259.3625681299636
 30
0.0
 41
1.0
 10
88.21524561019487
 20
259.3507864355897
 30
0.0
 41
1.0
 10
88.21385071378518
 20
259.3390098493173
 30
0.0
 41
1.0
 10
88.21259809844651
 20
259.3272387908192
 30
0.0
 41
1.0
 10
88.21145454373072
 20
259.3154737292561
 30
0.0
 41
1.0
 10
88.21039494258275
 20
259.3037154650665
 30
0.0
 41
1.0
 10
88.20941839684564
 20
259.2919654040297
 30
0.0
 41
1.0
 10
88.20856372376146
 20
259.2802258148577
 30
0.0
 41
1.0
 10
88.20792778683244
 20
259.2685001497748
 30
0.0
 41
1.0
 10
88.20763881823769
 20
259.256792385253
 30
0.0
 41
1.0
 10
88.20778859917117
 20
259.2474435029817
 30
0.0
 41
1.0
 10
88.20816076428036
 20
259.2404428649197
 30
0.0
 41
1.0
 10
88.20853015824559
 20
259.2357808302604
 30
0.0
 41
1.0
 10
88.20874517643096
 20
259.2334510772817
 30
0.0
 41
1.0
  0
ARC
  5
6D9
330
70
100
AcDbEntity
  8
Visible
100
AcDbCircle
 10
88.647151
 20
254.555486
 30
0.0
 40
5.499999999998582
100
AcDbArc
 50
88.190287
 51
91.809713
  0
SPLINE
  5
6DA
330
70
100
AcDbEntity
  8
Visible
100
AcDbSpline
210
0.0
220
0.0
230
1.0
 70
    12
 71
     5
 72
    81
 73
    75
 74
     0
 42
0.000000001
 43
0.0000000001
 40
0.0
 40
0.0
 40
0.0
 40
0.0
 40
0.0
 40
0.0
 40
0.0142857142857143
 40
0.0285714285714286
 40
0.0428571428571429
 40
0.0571428571428571
 40
0.0714285714285714
 40
0.0857142857142858
 40
0.1
 40
0.1142857142857143
 40
0.1285714285714286
 40
0.1428571428571429
 40
0.1571428571428572
 40
0.1714285714285715
 40
0.1857142857142857
 40
0.2
 40
0.2142857142857143
 40
0.2285714285714286
 40
0.2428571428571429
 40
0.2571428571428572
 40
0.2714285714285714
 40
0.2857142857142858
 40
0.3
 40
0.3142857142857143
 40
0.3285714285714286
 40
0.3428571428571429
 40
0.3571428571428572
 40
0.3714285714285715
 40
0.3857142857142858
 40
0.4000000000000001
 40
0.4142857142857145
 40
0.4285714285714287
 40
0.442857142857143
 40
0.4571428571428572
 40
0.4714285714285716
 40
0.4857142857142859
 40
0.5000000000000001
 40
0.5142857142857144
 40
0.5285714285714286
 40
0.5428571428571428
 40
0.5571428571428571
 40
0.5714285714285713
 40
0.5857142857142855
 40
0.5999999999999998
 40
0.614285714285714
 40
0.6285714285714282
 40
0.6428571428571425
 40
0.6571428571428567
 40
0.6714285714285709
 40
0.6857142857142852
 40
0.6999999999999994
 40
0.7142857142857137
 40
0.7285714285714279
 40
0.7428571428571421
 40
0.7571428571428564
 40
0.7714285714285706
 40
0.7857142857142848
 40
0.7999999999999991
 40
0.8142857142857133
 40
0.8285714285714275
 40
0.8428571428571418
 40
0.857142857142856
 40
0.8714285714285702
 40
0.8857142857142845
 40
0.8999999999999987
 40
0.9142857142857129
 40
0.9285714285714272
 40
0.9428571428571414
 40
0.9571428571428556
 40
0.9714285714285699
 40
0.9857142857142841
 40
1.0
 40
1.0
 40
1.0
 40
1.0
 40
1.0
 40
1.0
 10
89.08555610357508
 20
259.2334510772817
 30
0.0
 41
1.0
 10
89.08577112175953
 20
259.2357808302604
 30
0.0
 41
1.0
 10
89.08614051572568
 20
259.2404428649197
 30
0.0
 41
1.0
 10
89.08651268083486
 20
259.2474435029817
 30
0.0
 41
1.0
 10
89.08666246176835
 20
259.256792385253
 30
0.0
 41
1.0
 10
89.08637349317359
 20
259.2685001497748
 30
0.0
 41
1.0
 10
89.08573755624365
 20
259.2802258148577
 30
0.0
 41
1.0
 10
89.08488288315949
 20
259.2919654040297
 30
0.0
 41
1.0
 10
89.08390633742238
 20
259.3037154650665
 30
0.0
 41
1.0
 10
89.08284673627532
 20
259.3154737292561
 30
0.0
 41
1.0
 10
89.08170318155953
 20
259.3272387908192
 30
0.0
 41
1.0
 10
89.08045056621995
 20
259.3390098493173
 30
0.0
 41
1.0
 10
89.07905566981117
 20
259.3507864355897
 30
0.0
 41
1.0
 10
89.07749402184435
 20
259.3625681299636
 30
0.0
 41
1.0
 10
89.07576338803847
 20
259.3743543289593
 30
0.0
 41
1.0
 10
89.07387550886596
 20
259.3861443343194
 30
0.0
 41
1.0
 10
89.07185023385592
 20
259.3979374058954
 30
0.0
 41
1.0
 10
89.06970899736553
 20
259.4097328258113
 30
0.0
 41
1.0
 10
89.06746798683434
 20
259.4215299638918
 30
0.0
 41
1.0
 10
89.06513324660318
 20
259.4333283241303
 30
0.0
 41
1.0
 10
89.06270444043821
 20
259.4451275023075
 30
0.0
 41
1.0
 10
89.06017737534421
 20
259.4569271563987
 30
0.0
 41
1.0
 10
89.05754687231274
 20
259.4687269735123
 30
0.0
 41
1.0
 10
89.0548097999299
 20
259.4805266349331
 30
0.0
 41
1.0
 10
89.05196706265906
 20
259.4923257926939
 30
0.0
 41
1.0
 10
89.04902196840884
 20
259.5041240858218
 30
0.0
 41
1.0
 10
89.04597919700426
 20
259.5159211500113
 30
0.0
 41
1.0
 10
89.04284359715438
 20
259.5277166292472
 30
0.0
 41
1.0
 10
89.03961890946357
 20
259.5395101881413
 30
0.0
 41
1.0
 10
89.03630699560654
 20
259.5513015190954
 30
0.0
 41
1.0
 10
89.03290855717569
 20
259.5630903340934
 30
0.0
 41
1.0
 10
89.02942358593918
 20
259.5748763592883
 30
0.0
 41
1.0
 10
89.02585189143792
 20
259.586659328832
 30
0.0
 41
1.0
 10
89.02219366412555
 20
259.5984389783125
 30
0.0
 41
1.0
 10
89.01844980271107
 20
259.6102150408187
 30
0.0
 41
1.0
 10
89.01462160923165
 20
259.6219872499532
 30
0.0
 41
1.0
 10
89.01071060427057
 20
259.6337553415597
 30
0.0
 41
1.0
 10
89.00671830763076
 20
259.6455190558536
 30
0.0
 41
1.0
 10
89.00264600517131
 20
259.6572781397617
 30
0.0
 41
1.0
 10
88.99849461726262
 20
259.6690323480698
 30
0.0
 41
1.0
 10
88.99426483206752
 20
259.6807814414242
 30
0.0
 41
1.0
 10
88.98995718845981
 20
259.6925251849634
 30
0.0
 41
1.0
 10
88.98557217401139
 20
259.7042633468281
 30
0.0
 41
1.0
 10
88.98111032971611
 20
259.7159956965533
 30
0.0
 41
1.0
 10
88.97657231128869
 20
259.7277220042552
 30
0.0
 41
1.0
 10
88.97195883281529
 20
259.7394420417968
 30
0.0
 41
1.0
 10
88.96727063319758
 20
259.7511555836654
 30
0.0
 41
1.0
 10
88.96250843618691
 20
259.7628624078989
 30
0.0
 41
1.0
 10
88.95767290878575
 20
259.7745622973071
 30
0.0
 41
1.0
 10
88.9527646365641
 20
259.7862550397849
 30
0.0
 41
1.0
 10
88.94778414906159
 20
259.797940426065
 30
0.0
 41
1.0
 10
88.94273193659136
 20
259.8096182479221
 30
0.0
 41
1.0
 10
88.93760846992336
 20
259.8212882964272
 30
0.0
 41
1.0
 10
88.93241422159826
 20
259.8329503598188
 30
0.0
 41
1.0
 10
88.92714967968549
 20
259.8446042228888
 30
0.0
 41
1.0
 10
88.9218153343163
 20
259.8562496710774
 30
0.0
 41
1.0
 10
88.91641166911723
 20
259.8678864939802
 30
0.0
 41
1.0
 10
88.91093915168402
 20
259.8795144888154
 30
0.0
 41
1.0
 10
88.90539822383471
 20
259.8911334647701
 30
0.0
 41
1.0
 10
88.89978929588687
 20
259.9027432446537
 30
0.0
 41
1.0
 10
88.89411275782823
 20
259.914343655254
 30
0.0
 41
1.0
 10
88.88836898861701
 20
259.9259345191622
 30
0.0
 41
1.0
 10
88.88255836617373
 20
259.9375156466003
 30
0.0
 41
1.0
 10
88.87668127875986
 20
259.9490868261109
 30
0.0
 41
1.0
 10
88.87073813277675
 20
259.9606478192909
 30
0.0
 41
1.0
 10
88.86472933565801
 20
259.9721983807813
 30
0.0
 41
1.0
 10
88.85865528190789
 20
259.9837382756232
 30
0.0
 41
1.0
 10
88.85251633850293
 20
259.9952672973695
 30
0.0
 41
1.0
 10
88.8463128307576
 20
260.0067852867696
 30
0.0
 41
1.0
 10
88.84004502916013
 20
260.0182921481237
 30
0.0
 41
1.0
 10
88.8337131475373
 20
260.0297878327874
 30
0.0
 41
1.0
 10
88.82859650210049
 20
260.0389754265461
 30
0.0
 41
1.0
 10
88.82473029405174
 20
260.0458610862261
 30
0.0
 41
1.0
 10
88.82214006005051
 20
260.0504492886957
 30
0.0
 41
1.0
 10
88.8208417525575
 20
260.0527428306013
 30
0.0
 41
1.0
  0
SPLINE
  5
6DB
330
70
100
AcDbEntity
  8
Visible
100
AcDbSpline
210
0.0
220
0.0
230
1.0
 70
    12
 71
     5
 72
    81
 73
    75
 74
     0
 42
0.000000001
 43
0.0000000001
 40
-1.0
 40
-1.0
 40
-1.0
 40
-1.0
 40
-1.0
 40
-1.0
 40
-0.9857142857142841
 40
-0.9714285714285699
 40
-0.9571428571428556
 40
-0.9428571428571414
 40
-0.9285714285714272
 40
-0.9142857142857129
 40
-0.8999999999999987
 40
-0.8857142857142845
 40
-0.8714285714285702
 40
-0.857142857142856
 40
-0.8428571428571418
 40
-0.8285714285714275
 40
-0.8142857142857133
 40
-0.7999999999999991
 40
-0.7857142857142848
 40
-0.7714285714285706
 40
-0.7571428571428564
 40
-0.7428571428571421
 40
-0.7285714285714279
 40
-0.7142857142857137
 40
-0.6999999999999994
 40
-0.6857142857142852
 40
-0.6714285714285709
 40
-0.6571428571428567
 40
-0.6428571428571425
 40
-0.6285714285714282
 40
-0.614285714285714
 40
-0.5999999999999998
 40
-0.5857142857142855
 40
-0.5714285714285713
 40
-0.5571428571428571
 40
-0.5428571428571428
 40
-0.5285714285714286
 40
-0.5142857142857144
 40
-0.5000000000000001
 40
-0.4857142857142859
 40
-0.4714285714285716
 40
-0.4571428571428572
 40
-0.442857142857143
 40
-0.4285714285714287
 40
-0.4142857142857145
 40
-0.4000000000000001
 40
-0.3857142857142858
 40
-0.3714285714285715
 40
-0.3571428571428572
 40
-0.3428571428571429
 40
-0.3285714285714286
 40
-0.3142857142857143
 40
-0.3
 40
-0.2857142857142858
 40
-0.2714285714285714
 40
-0.2571428571428572
 40
-0.2428571428571429
 40
-0.2285714285714286
 40
-0.2142857142857143
 40
-0.2
 40
-0.1857142857142857
 40
-0.1714285714285715
 40
-0.1571428571428572
 40
-0.1428571428571429
 40
-0.1285714285714286
 40
-0.1142857142857143
 40
-0.1
 40
-0.0857142857142858
 40
-0.0714285714285714
 40
-0.0571428571428571
 40
-0.0428571428571429
 40
-0.0285714285714286
 40
-0.0142857142857143
 40
0.0
 40
0.0
 40
0.0
 40
0.0
 40
0.0
 40
0.0
 10
90.18070632315357
 20
259.8373614416705
 30
0.0
 41
1.0
 10
90.17876281592544
 20
259.8355813527751
 30
0.0
 41
1.0
 10
90.17488152446276
 20
259.8320181392437
 30
0.0
 41
1.0
 10
90.16907675624679
 20
259.8266642117269
 30
0.0
 41
1.0
 10
90.16137141465424
 20
259.8195074212072
 30
0.0
 41
1.0
 10
90.15179707545303
 20
259.8105310344272
 30
0.0
 41
1.0
 10
90.14228022619045
 20
259.8015242161655
 30
0.0
 41
1.0
 10
90.13282108525983
 20
259.7924869466096
 30
0.0
 41
1.0
 10
90.12341993948302
 20
259.7834192331911
 30
0.0
 41
1.0
 10
90.11407714746473
 20
259.774321126838
 30
0.0
 41
1.0
 10
90.10479312201368
 20
259.7651927104907
 30
0.0
 41
1.0
 10
90.09556831093505
 20
259.7560340857008
 30
0.0
 41
1.0
 10
90.08640317753906
 20
259.746845359914
 30
0.0
 41
1.0
 10
90.07729818200914
 20
259.7376266342817
 30
0.0
 41
1.0
 10
90.0682537589455
 20
259.7283779899299
 30
0.0
 41
1.0
 10
90.05927032641739
 20
259.7190994905659
 30
0.0
 41
1.0
 10
90.05034829965735
 20
259.7097911878109
 30
0.0
 41
1.0
 10
90.04148810309379
 20
259.7004531258872
 30
0.0
 41
1.0
 10
90.03269018171431
 20
259.6910853465169
 30
0.0
 41
1.0
 10
90.02395501467617
 20
259.6816878946447
 30
0.0
 41
1.0
 10
90.01528310935645
 20
259.6722608186319
 30
0.0
 41
1.0
 10
90.00667499072552
 20
259.6628041691383
 30
0.0
 41
1.0
 10
89.99813119123064
 20
259.6533179987609
 30
0.0
 41
1.0
 10
89.98965224155654
 20
259.6438023613555
 30
0.0
 41
1.0
 10
89.98123865655452
 20
259.6342573122947
 30
0.0
 41
1.0
 10
89.97289094851476
 20
259.6246829048059
 30
0.0
 41
1.0
 10
89.96460964809831
 20
259.6150791854088
 30
0.0
 41
1.0
 10
89.95639532359382
 20
259.605446189491
 30
0.0
 41
1.0
 10
89.94824859745676
 20
259.5957839378252
 30
0.0
 41
1.0
 10
89.94017017115856
 20
259.5860924308572
 30
0.0
 41
1.0
 10
89.93216080161891
 20
259.5763716560332
 30
0.0
 41
1.0
 10
89.92422126126076
 20
259.566621599497
 30
0.0
 41
1.0
 10
89.91635229972052
 20
259.5568422575525
 30
0.0
 41
1.0
 10
89.90855461165665
 20
259.5470336462067
 30
0.0
 41
1.0
 10
89.90082878280281
 20
259.5371958174692
 30
0.0
 41
1.0
 10
89.89317534851489
 20
259.5273288411809
 30
0.0
 41
1.0
 10
89.8855948938699
 20
259.5174327741897
 30
0.0
 41
1.0
 10
89.87808814731398
 20
259.5075076314797
 30
0.0
 41
1.0
 10
89.87065605994576
 20
259.4975533618526
 30
0.0
 41
1.0
 10
89.86329993289473
 20
259.4875698086434
 30
0.0
 41
1.0
 10
89.85602129185645
 20
259.4775567492789
 30
0.0
 41
1.0
 10
89.84882166462012
 20
259.4675139650972
 30
0.0
 41
1.0
 10
89.84170237181933
 20
259.4574413071077
 30
0.0
 41
1.0
 10
89.83466435065748
 20
259.4473387514427
 30
0.0
 41
1.0
 10
89.82770786397214
 20
259.4372064907166
 30
0.0
 41
1.0
 10
89.82083281277937
 20
259.4270448366224
 30
0.0
 41
1.0
 10
89.81403927387328
 20
259.4168540521478
 30
0.0
 41
1.0
 10
89.80732800350962
 20
259.406634194409
 30
0.0
 41
1.0
 10
89.80070086729847
 20
259.3963849806605
 30
0.0
 41
1.0
 10
89.79416152640897
 20
259.3861055739635
 30
0.0
 41
1.0
 10
89.78771470225002
 20
259.3757948145776
 30
0.0
 41
1.0
 10
89.7813649581767
 20
259.3654516028291
 30
0.0
 41
1.0
 10
89.77511555174443
 20
259.3550752598257
 30
0.0
 41
1.0
 10
89.76896745067643
 20
259.3446658370094
 30
0.0
 41
1.0
 10
89.76291777531059
 20
259.3342246051561
 30
0.0
 41
1.0
 10
89.75696169680395
 20
259.3237534622449
 30
0.0
 41
1.0
 10
89.75109533307294
 20
259.3132540292672
 30
0.0
 41
1.0
 10
89.74531848925289
 20
259.3027267945609
 30
0.0
 41
1.0
 10
89.73963706712675
 20
259.2921703620514
 30
0.0
 41
1.0
 10
89.73406665659785
 20
259.2815803288786
 30
0.0
 41
1.0
 10
89.7286278647889
 20
259.2709507542013
 30
0.0
 41
1.0
 10
89.72333979844188
 20
259.2602762081015
 30
0.0
 41
1.0
 10
89.71821383918177
 20
259.249553726655
 30
0.0
 41
1.0
 10
89.71324804856886
 20
259.2387845742369
 30
0.0
 41
1.0
 10
89.70841928347089
 20
259.2279767117761
 30
0.0
 41
1.0
 10
89.70369609434328
 20
259.2171408511531
 30
0.0
 41
1.0
 10
89.69905485030812
 20
259.2062855121358
 30
0.0
 41
1.0
 10
89.69449513157632
 20
259.1954123092492
 30
0.0
 41
1.0
 10
89.69005455660953
 20
259.1845114049765
 30
0.0
 41
1.0
 10
89.68582631486787
 20
259.17355615011
 30
0.0
 41
1.0
 10
89.68193359119869
 20
259.1625107005766
 30
0.0
 41
1.0
 10
89.67918707783155
 20
259.1535731003187
 30
0.0
 41
1.0
 10
89.67737771175142
 20
259.1468000925279
 30
0.0
 41
1.0
 10
89.67628837835126
 20
259.1422520850729
 30
0.0
 41
1.0
 10
89.675772939534
 20
259.1399699140484
 30
0.0
 41
1.0
  0
ARC
  5
6DC
330
70
100
AcDbEntity
  8
Visible
100
AcDbCircle
 10
88.647151
 20
254.555486
 30
0.0
 40
5.499999999998584
100
AcDbArc
 50
70.190287
 51
73.809713
  0
SPLINE
  5
6DD
330
70
100
AcDbEntity
  8
Visible
100
AcDbSpline
210
0.0
220
0.0
230
1.0
 70
    12
 71
     5
 72
    81
 73
    75
 74
     0
 42
0.000000001
 43
0.0000000001
 40
0.0
 40
0.0
 40
0.0
 40
0.0
 40
0.0
 40
0.0
 40
0.0142857142857143
 40
0.0285714285714286
 40
0.0428571428571429
 40
0.0571428571428571
 40
0.0714285714285714
 40
0.0857142857142858
 40
0.1
 40
0.1142857142857143
 40
0.1285714285714286
 40
0.1428571428571429
 40
0.1571428571428572
 40
0.1714285714285715
 40
0.1857142857142857
 40
0.2
 40
0.2142857142857143
 40
0.2285714285714286
 40
0.2428571428571429
 40
0.2571428571428572
 40
0.2714285714285714
 40
0.2857142857142858
 40
0.3
 40
0.3142857142857143
 40
0.3285714285714286
 40
0.3428571428571429
 40
0.3571428571428572
 40
0.3714285714285715
 40
0.3857142857142858
 40
0.4000000000000001
 40
0.4142857142857145
 40
0.4285714285714287
 40
0.442857142857143
 40
0.4571428571428572
 40
0.4714285714285716
 40
0.4857142857142859
 40
0.5000000000000001
 40
0.5142857142857144
 40
0.5285714285714286
 40
0.5428571428571428
 40
0.5571428571428571
 40
0.5714285714285713
 40
0.5857142857142855
 40
0.5999999999999998
 40
0.614285714285714
 40
0.6285714285714282
 40
0.6428571428571425
 40
0.6571428571428567
 40
0.6714285714285709
 40
0.6857142857142852
 40
0.6999999999999994
 40
0.7142857142857137
 40
0.7285714285714279
 40
0.7428571428571421
 40
0.7571428571428564
 40
0.7714285714285706
 40
0.7857142857142848
 40
0.7999999999999991
 40
0.8142857142857133
 40
0.8285714285714275
 40
0.8428571428571418
 40
0.857142857142856
 40
0.8714285714285702
 40
0.8857142857142845
 40
0.8999999999999987
 40
0.9142857142857129
 40
0.9285714285714272
 40
0.9428571428571414
 40
0.9571428571428556
 40
0.9714285714285699
 40
0.9857142857142841
 40
1.0
 40
1.0
 40
1.0
 40
1.0
 40
1.0
 40
1.0
 10
90.50966968535339
 20
258.8690204367067
 30
0.0
 41
1.0
 10
90.51059411306232
 20
258.8711697191857
 30
0.0
 41
1.0
 10
90.51238607553841
 20
258.875489428614
 30
0.0
 41
1.0
 10
90.51490334172376
 20
258.8820324257176
 30
0.0
 41
1.0
 10
90.51793475535669
 20
258.8908774562678
 30
0.0
 41
1.0
 10
90.52127782809476
 20
258.9021014982154
 30
0.0
 41
1.0
 10
90.52429644591484
 20
258.9134497837185
 30
0.0
 41
1.0
 10
90.52711133607045
 20
258.9248789050062
 30
0.0
 41
1.0
 10
90.52981355442899
 20
258.9363556463504
 30
0.0
 41
1.0
 10
90.5324393173123
 20
258.9478658548915
 30
0.0
 41
1.0
 10
90.53498733611105
 20
258.9594084711962
 30
0.0
 41
1.0
 10
90.53743348524767
 20
258.9709904925112
 30
0.0
 41
1.0
 10
90.53974602522158
 20
258.9826217383206
 30
0.0
 41
1.0
 10
90.54190155353081
 20
258.99430937129
 30
0.0
 41
1.0
 10
90.54389775876098
 20
259.0060535079037
 30
0.0
 41
1.0
 10
90.54574559099274
 20
259.0178498560763
 30
0.0
 41
1.0
 10
90.54746369952955
 20
259.0296915780427
 30
0.0
 41
1.0
 10
90.54907224782255
 20
259.0415713674811
 30
0.0
 41
1.0
 10
90.55058643630582
 20
259.0534836228644
 30
0.0
 41
1.0
 10
90.55201186021349
 20
259.0654260046595
 30
0.0
 41
1.0
 10
90.55334807486088
 20
259.0773982323326
 30
0.0
 41
1.0
 10
90.55459098677784
 20
259.0894012763056
 30
0.0
 41
1.0
 10
90.55573557374737
 20
259.1014364394032
 30
0.0
 41
1.0
 10
90.55677875912897
 20
259.1135043861696
 30
0.0
 41
1.0
 10
90.55772129559045
 20
259.1256045061718
 30
0.0
 41
1.0
 10
90.55856621759359
 20
259.1377354339047
 30
0.0
 41
1.0
 10
90.55931786334076
 20
259.1498953767496
 30
0.0
 41
1.0
 10
90.55998073421051
 20
259.1620824977808
 30
0.0
 41
1.0
 10
90.56055828409171
 20
259.1742953221155
 30
0.0
 41
1.0
 10
90.56105218848825
 20
259.1865329819211
 30
0.0
 41
1.0
 10
90.56146302565139
 20
259.1987949864742
 30
0.0
 41
1.0
 10
90.5617907031292
 20
259.211081077874
 30
0.0
 41
1.0
 10
90.56203495763293
 20
259.223391062139
 30
0.0
 41
1.0
 10
90.56219588858676
 20
259.2357246289457
 30
0.0
 41
1.0
 10
90.56227426823353
 20
259.2480812467311
 30
0.0
 41
1.0
 10
90.56227125256283
 20
259.2604602597821
 30
0.0
 41
1.0
 10
90.56218820610684
 20
259.2728609469868
 30
0.0
 41
1.0
 10
90.56202649400711
 20
259.2852825916298
 30
0.0
 41
1.0
 10
90.56178726098279
 20
259.2977245556731
 30
0.0
 41
1.0
 10
90.56147130658246
 20
259.3101863214924
 30
0.0
 41
1.0
 10
90.5610792113257
 20
259.322667448796
 30
0.0
 41
1.0
 10
90.56061141513328
 20
259.3351675476943
 30
0.0
 41
1.0
 10
90.56006831006744
 20
259.3476862470097
 30
0.0
 41
1.0
 10
90.55945033942498
 20
259.3602231603818
 30
0.0
 41
1.0
 10
90.55875805578944
 20
259.3727778665479
 30
0.0
 41
1.0
 10
90.55799206779921
 20
259.3853499278748
 30
0.0
 41
1.0
 10
90.55715300850534
 20
259.397938901553
 30
0.0
 41
1.0
 10
90.55624149764481
 20
259.4105443528315
 30
0.0
 41
1.0
 10
90.55525810245944
 20
259.4231658690378
 30
0.0
 41
1.0
 10
90.55420331431561
 20
259.4358030674939
 30
0.0
 41
1.0
 10
90.55307757216814
 20
259.4484555855388
 30
0.0
 41
1.0
 10
90.55188127798828
 20
259.4611230736246
 30
0.0
 41
1.0
 10
90.55061481494067
 20
259.473805187572
 30
0.0
 41
1.0
 10
90.54927856700123
 20
259.4865015799596
 30
0.0
 41
1.0
 10
90.54787293184835
 20
259.4992118952914
 30
0.0
 41
1.0
 10
90.5463983093232
 20
259.5119357780486
 30
0.0
 41
1.0
 10
90.54485509436018
 20
259.5246728786788
 30
0.0
 41
1.0
 10
90.54324366900983
 20
259.5374228598266
 30
0.0
 41
1.0
 10
90.54156439449981
 20
259.5501854034901
 30
0.0
 41
1.0
 10
90.53981760630994
 20
259.5629602143581
 30
0.0
 41
1.0
 10
90.53800362181664
 20
259.5757470071803
 30
0.0
 41
1.0
 10
90.53612274660736
 20
259.5885454961281
 30
0.0
 41
1.0
 10
90.53417528146201
 20
259.6013553839266
 30
0.0
 41
1.0
 10
90.53216153029371
 20
259.6141763494898
 30
0.0
 41
1.0
 10
90.53008180594316
 20
259.6270080404965
 30
0.0
 41
1.0
 10
90.52793642008328
 20
259.6398500976957
 30
0.0
 41
1.0
 10
90.52572567530388
 20
259.6527021757156
 30
0.0
 41
1.0
 10
90.52344985682339
 20
259.6655639648134
 30
0.0
 41
1.0
 10
90.5211092248237
 20
259.6784352130053
 30
0.0
 41
1.0
 10
90.51870400698225
 20
259.6913157456884
 30
0.0
 41
1.0
 10
90.51623439162723
 20
259.7042054505255
 30
0.0
 41
1.0
 10
90.51420729525217
 20
259.7145245018328
 30
0.0
 41
1.0
 10
90.51265809875259
 20
259.7222678773314
 30
0.0
 41
1.0
 10
90.51161247236359
 20
259.7274319435137
 30
0.0
 41
1.0
 10
90.51108645198928
 20
259.7300144305682
 30
0.0
 41
1.0
  0
SPLINE
  5
6DE
330
70
100
AcDbEntity
  8
Visible
100
AcDbSpline
210
0.0
220
0.0
230
1.0
 70
    12
 71
     5
 72
    81
 73
    75
 74
     0
 42
0.000000001
 43
0.0000000001
 40
-1.0
 40
-1.0
 40
-1.0
 40
-1.0
 40
-1.0
 40
-1.0
 40
-0.9857142857142841
 40
-0.9714285714285699
 40
-0.9571428571428556
 40
-0.9428571428571414
 40
-0.9285714285714272
 40
-0.9142857142857129
 40
-0.8999999999999987
 40
-0.8857142857142845
 40
-0.8714285714285702
 40
-0.857142857142856
 40
-0.8428571428571418
 40
-0.8285714285714275
 40
-0.8142857142857133
 40
-0.7999999999999991
 40
-0.7857142857142848
 40
-0.7714285714285706
 40
-0.7571428571428564
 40
-0.7428571428571421
 40
-0.7285714285714279
 40
-0.7142857142857137
 40
-0.6999999999999994
 40
-0.6857142857142852
 40
-0.6714285714285709
 40
-0.6571428571428567
 40
-0.6428571428571425
 40
-0.6285714285714282
 40
-0.614285714285714
 40
-0.5999999999999998
 40
-0.5857142857142855
 40
-0.5714285714285713
 40
-0.5571428571428571
 40
-0.5428571428571428
 40
-0.5285714285714286
 40
-0.5142857142857144
 40
-0.5000000000000001
 40
-0.4857142857142859
 40
-0.4714285714285716
 40
-0.4571428571428572
 40
-0.442857142857143
 40
-0.4285714285714287
 40
-0.4142857142857145
 40
-0.4000000000000001
 40
-0.3857142857142858
 40
-0.3714285714285715
 40
-0.3571428571428572
 40
-0.3428571428571429
 40
-0.3285714285714286
 40
-0.3142857142857143
 40
-0.3
 40
-0.2857142857142858
 40
-0.2714285714285714
 40
-0.2571428571428572
 40
-0.2428571428571429
 40
-0.2285714285714286
 40
-0.2142857142857143
 40
-0.2
 40
-0.1857142857142857
 40
-0.1714285714285715
 40
-0.1571428571428572
 40
-0.1428571428571429
 40
-0.1285714285714286
 40
-0.1142857142857143
 40
-0.1
 40
-0.0857142857142858
 40
-0.0714285714285714
 40
-0.0571428571428571
 40
-0.0428571428571429
 40
-0.0285714285714286
 40
-0.0142857142857143
 40
0.0
 40
0.0
 40
0.0
 40
0.0
 40
0.0
 40
0.0
 10
91.73783800368074
 20
259.1049532947745
 30
0.0
 41
1.0
 10
91.73543954074739
 20
259.1038609063926
 30
0.0
 41
1.0
 10
91.73064711967436
 20
259.1016714739662
 30
0.0
 41
1.0
 10
91.72347200244804
 20
259.0983733583416
 30
0.0
 41
1.0
 10
91.71393221721974
 20
259.0939479275812
 30
0.0
 41
1.0
 10
91.70205262347009
 20
259.0883695099638
 30
0.0
 41
1.0
 10
91.69021830205656
 20
259.0827443849203
 30
0.0
 41
1.0
 10
91.67842945456049
 20
259.0770724661197
 30
0.0
 41
1.0
 10
91.66668635606219
 20
259.0713536719968
 30
0.0
 41
1.0
 10
91.6549893633528
 20
259.065587940172
 30
0.0
 41
1.0
 10
91.64333889466707
 20
259.0597752219619
 30
0.0
 41
1.0
 10
91.6317354072744
 20
259.0539154755688
 30
0.0
 41
1.0
 10
91.6201793750106
 20
259.0480086600082
 30
0.0
 41
1.0
 10
91.60867126679386
 20
259.0420547292751
 30
0.0
 41
1.0
 10
91.59721152102338
 20
259.0360536262297
 30
0.0
 41
1.0
 10
91.58580055499351
 20
259.0300052822668
 30
0.0
 41
1.0
 10
91.57443877956485
 20
259.0239096181686
 30
0.0
 41
1.0
 10
91.56312661205811
 20
259.0177665448382
 30
0.0
 41
1.0
 10
91.55186448857511
 20
259.0115759644459
 30
0.0
 41
1.0
 10
91.54065287871071
 20
259.0053377716704
 30
0.0
 41
1.0
 10
91.52949227995213
 20
258.9990518557161
 30
0.0
 41
1.0
 10
91.51838320723163
 20
258.9927181025396
 30
0.0
 41
1.0
 10
91.50732618319034
 20
258.9863363976283
 30
0.0
 41
1.0
 10
91.49632172918064
 20
258.9799066282103
 30
0.0
 41
1.0
 10
91.48537035196659
 20
258.973428687852
 30
0.0
 41
1.0
 10
91.47447255521456
 20
258.9669024688683
 30
0.0
 41
1.0
 10
91.4636288579868
 20
258.9603278515197
 30
0.0
 41
1.0
 10
91.4528398116945
 20
258.9537046938494
 30
0.0
 41
1.0
 10
91.44210601474696
 20
258.9470328232656
 30
0.0
 41
1.0
 10
91.43142813442137
 20
258.9403120234247
 30
0.0
 41
1.0
 10
91.42080688671013
 20
258.9335420484876
 30
0.0
 41
1.0
 10
91.41024300195022
 20
258.9267226465818
 30
0.0
 41
1.0
 10
91.39973719194495
 20
258.9198535825444
 30
0.0
 41
1.0
 10
91.38929012230347
 20
258.9129346569371
 30
0.0
 41
1.0
 10
91.37890236616021
 20
258.9059657382213
 30
0.0
 41
1.0
 10
91.36857445425267
 20
258.8989467273868
 30
0.0
 41
1.0
 10
91.35830696058837
 20
258.8918774977001
 30
0.0
 41
1.0
 10
91.34810058259063
 20
258.8847578383083
 30
0.0
 41
1.0
 10
91.33795620898945
 20
258.877587406615
 30
0.0
 41
1.0
 10
91.32787502881638
 20
258.8703656515518
 30
0.0
 41
1.0
 10
91.31785842431781
 20
258.8630918899708
 30
0.0
 41
1.0
 10
91.30790778093706
 20
258.8557654418027
 30
0.0
 41
1.0
 10
91.29802430863037
 20
258.8483857572492
 30
0.0
 41
1.0
 10
91.28820889135477
 20
258.8409525239977
 30
0.0
 41
1.0
 10
91.27846183860674
 20
258.8334658440162
 30
0.0
 41
1.0
 10
91.26878315256362
 20
258.8259260443292
 30
0.0
 41
1.0
 10
91.25917298752938
 20
258.8183333513234
 30
0.0
 41
1.0
 10
91.24963208039662
 20
258.810687585621
 30
0.0
 41
1.0
 10
91.24016211809157
 20
258.8029879018122
 30
0.0
 41
1.0
 10
91.23076632396442
 20
258.7952323725567
 30
0.0
 41
1.0
 10
91.22144882996327
 20
258.7874184358788
 30
0.0
 41
1.0
 10
91.21221363627956
 20
258.7795436357747
 30
0.0
 41
1.0
 10
91.20306363124109
 20
258.7716063199386
 30
0.0
 41
1.0
 10
91.19399975110537
 20
258.7636062382507
 30
0.0
 41
1.0
 10
91.1850196498417
 20
258.7555454891572
 30
0.0
 41
1.0
 10
91.17611932145701
 20
258.7474273699372
 30
0.0
 41
1.0
 10
91.16729557478265
 20
258.7392546218743
 30
0.0
 41
1.0
 10
91.15854837539609
 20
258.7310277696224
 30
0.0
 41
1.0
 10
91.14988290481505
 20
258.7227436616849
 30
0.0
 41
1.0
 10
91.14131262936188
 20
258.7143932931476
 30
0.0
 41
1.0
 10
91.13285531175279
 20
258.705964645982
 30
0.0
 41
1.0
 10
91.12452744564325
 20
258.697446651724
 30
0.0
 41
1.0
 10
91.11633893969793
 20
258.6888329743979
 30
0.0
 41
1.0
 10
91.10828834106451
 20
258.6801254155052
 30
0.0
 41
1.0
 10
91.10035609937858
 20
258.6713386979618
 30
0.0
 41
1.0
 10
91.09251561450037
 20
258.6624927278144
 30
0.0
 41
1.0
 10
91.08474704488163
 20
258.6536029101881
 30
0.0
 41
1.0
 10
91.07705049019386
 20
258.6446709103075
 30
0.0
 41
1.0
 10
91.06945868776074
 20
258.635675747395
 30
0.0
 41
1.0
 10
91.06205203096852
 20
258.6265632794211
 30
0.0
 41
1.0
 10
91.05493659914101
 20
258.6172613504341
 30
0.0
 41
1.0
 10
91.04956263933672
 20
258.6096099067745
 30
0.0
 41
1.0
 10
91.0457488554257
 20
258.603727518449
 30
0.0
 41
1.0
 10
91.04330742620367
 20
258.5997387288562
 30
0.0
 41
1.0
 10
91.0421119851262
 20
258.5977275345849
 30
0.0
 41
1.0
  0
ARC
  5
6DF
330
70
100
AcDbEntity
  8
Visible
100
AcDbCircle
 10
88.647151
 20
254.555486
 30
0.0
 40
5.499999999998583
100
AcDbArc
 50
52.190287
 51
55.809713
  0
SPLINE
  5
6E0
330
70
100
AcDbEntity
  8
Visible
100
AcDbSpline
210
0.0
220
0.0
230
1.0
 70
    12
 71
     5
 72
    81
 73
    75
 74
     0
 42
0.000000001
 43
0.0000000001
 40
0.0
 40
0.0
 40
0.0
 40
0.0
 40
0.0
 40
0.0
 40
0.0142857142857143
 40
0.0285714285714286
 40
0.0428571428571429
 40
0.0571428571428571
 40
0.0714285714285714
 40
0.0857142857142858
 40
0.1
 40
0.1142857142857143
 40
0.1285714285714286
 40
0.1428571428571429
 40
0.1571428571428572
 40
0.1714285714285715
 40
0.1857142857142857
 40
0.2
 40
0.2142857142857143
 40
0.2285714285714286
 40
0.2428571428571429
 40
0.2571428571428572
 40
0.2714285714285714
 40
0.2857142857142858
 40
0.3
 40
0.3142857142857143
 40
0.3285714285714286
 40
0.3428571428571429
 40
0.3571428571428572
 40
0.3714285714285715
 40
0.3857142857142858
 40
0.4000000000000001
 40
0.4142857142857145
 40
0.4285714285714287
 40
0.442857142857143
 40
0.4571428571428572
 40
0.4714285714285716
 40
0.4857142857142859
 40
0.5000000000000001
 40
0.5142857142857144
 40
0.5285714285714286
 40
0.5428571428571428
 40
0.5571428571428571
 40
0.5714285714285713
 40
0.5857142857142855
 40
0.5999999999999998
 40
0.614285714285714
 40
0.6285714285714282
 40
0.6428571428571425
 40
0.6571428571428567
 40
0.6714285714285709
 40
0.6857142857142852
 40
0.6999999999999994
 40
0.7142857142857137
 40
0.7285714285714279
 40
0.7428571428571421
 40
0.7571428571428564
 40
0.7714285714285706
 40
0.7857142857142848
 40
0.7999999999999991
 40
0.8142857142857133
 40
0.8285714285714275
 40
0.8428571428571418
 40
0.857142857142856
 40
0.8714285714285702
 40
0.8857142857142845
 40
0.8999999999999987
 40
0.9142857142857129
 40
0.9285714285714272
 40
0.9428571428571414
 40
0.9571428571428556
 40
0.9714285714285699
 40
0.9857142857142841
 40
1.0
 40
1.0
 40
1.0
 40
1.0
 40
1.0
 40
1.0
 10
91.75146692603993
 20
258.0823510025612
 30
0.0
 41
1.0
 10
91.75301027384831
 20
258.0841094277957
 30
0.0
 41
1.0
 10
91.75604939506229
 20
258.0876639687376
 30
0.0
 41
1.0
 10
91.76046535476961
 20
258.0931088507386
 30
0.0
 41
1.0
 10
91.76608166521509
 20
258.1005842163504
 30
0.0
 41
1.0
 10
91.77272953603369
 20
258.1102258482943
 30
0.0
 41
1.0
 10
91.7791072252603
 20
258.120085904965
 30
0.0
 41
1.0
 10
91.78531613759332
 20
258.1300857963461
 30
0.0
 41
1.0
 10
91.79143260808723
 20
258.1401657945917
 30
0.0
 41
1.0
 10
91.79748670703521
 20
258.1503012480744
 30
0.0
 41
1.0
 10
91.80347688151504
 20
258.1604915474154
 30
0.0
 41
1.0
 10
91.80938234900713
 20
258.1707508026056
 30
0.0
 41
1.0
 10
91.81517595783953
 20
258.1810981605731
 30
0.0
 41
1.0
 10
91.82083766429514
 20
258.1915476651884
 30
0.0
 41
1.0
 10
91.82636530608489
 20
258.2021001415033
 30
0.0
 41
1.0
 10
91.83176797102715
 20
258.2127481237394
 30
0.0
 41
1.0
 10
91.83706128267658
 20
258.2234793458429
 30
0.0
 41
1.0
 10
91.84226215983926
 20
258.2342806282413
 30
0.0
 41
1.0
 10
91.84738332801771
 20
258.2451419463732
 30
0.0
 41
1.0
 10
91.85242938564261
 20
258.2560593461885
 30
0.0
 41
1.0
 10
91.85739982310042
 20
258.267032698297
 30
0.0
 41
1.0
 10
91.86229104715039
 20
258.2780641905783
 30
0.0
 41
1.0
 10
91.86709868397338
 20
258.2891566140415
 30
0.0
 41
1.0
 10
91.87182001286601
 20
258.3003115514411
 30
0.0
 41
1.0
 10
91.87645556102507
 20
258.3115281896326
 30
0.0
 41
1.0
 10
91.88100779242814
 20
258.3228042922447
 30
0.0
 41
1.0
 10
91.88548027900379
 20
258.3341368138154
 30
0.0
 41
1.0
 10
91.88987673417614
 20
258.3455226163223
 30
0.0
 41
1.0
 10
91.89419998702215
 20
258.3569592297599
 30
0.0
 41
1.0
 10
91.89845136286839
 20
258.3684453110099
 30
0.0
 41
1.0
 10
91.90263126002173
 20
258.3799802146777
 30
0.0
 41
1.0
 10
91.90673951085864
 20
258.3915637240543
 30
0.0
 41
1.0
 10
91.91077580503497
 20
258.4031957360121
 30
0.0
 41
1.0
 10
91.91474014121103
 20
258.4148759246937
 30
0.0
 41
1.0
 10
91.91863308957364
 20
258.4266035459141
 30
0.0
 41
1.0
 10
91.92245554690726
 20
258.4383776188352
 30
0.0
 41
1.0
 10
91.92620858812189
 20
258.4501970359743
 30
0.0
 41
1.0
 10
91.92989329006833
 20
258.4620606938424
 30
0.0
 41
1.0
 10
91.93351054427422
 20
258.4739676318914
 30
0.0
 41
1.0
 10
91.93706095120161
 20
258.4859171107573
 30
0.0
 41
1.0
 10
91.94054492689792
 20
258.4979085323075
 30
0.0
 41
1.0
 10
91.94396276927273
 20
258.5099413897933
 30
0.0
 41
1.0
 10
91.94731473649609
 20
258.5220152090478
 30
0.0
 41
1.0
 10
91.95060113077852
 20
258.5341294856344
 30
0.0
 41
1.0
 10
91.95382234748013
 20
258.5462836481529
 30
0.0
 41
1.0
 10
91.95697883021603
 20
258.5584770923069
 30
0.0
 41
1.0
 10
91.96007104421459
 20
258.5707092013381
 30
0.0
 41
1.0
 10
91.96309944453787
 20
258.5829793702642
 30
0.0
 41
1.0
 10
91.96606444314147
 20
258.5952870313222
 30
0.0
 41
1.0
 10
91.96896638908766
 20
258.6076316687231
 30
0.0
 41
1.0
 10
91.97180558778109
 20
258.6200128019127
 30
0.0
 41
1.0
 10
91.97458231349992
 20
258.6324299742337
 30
0.0
 41
1.0
 10
91.97729682430054
 20
258.6448827399472
 30
0.0
 41
1.0
 10
91.97994937800558
 20
258.6573706499839
 30
0.0
 41
1.0
 10
91.98254024297511
 20
258.6698932433537
 30
0.0
 41
1.0
 10
91.9850696896192
 20
258.6824500583844
 30
0.0
 41
1.0
 10
91.98753798552662
 20
258.6950406405858
 30
0.0
 41
1.0
 10
91.98994538979878
 20
258.7076645510578
 30
0.0
 41
1.0
 10
91.99229214771822
 20
258.7203213757357
 30
0.0
 41
1.0
 10
91.99457848708517
 20
258.7330107300922
 30
0.0
 41
1.0
 10
91.99680462159813
 20
258.7457322447644
 30
0.0
 41
1.0
 10
91.99897075356147
 20
258.7584855534806
 30
0.0
 41
1.0
 10
92.00107707716961
 20
258.7712702805693
 30
0.0
 41
1.0
 10
92.00312378224225
 20
258.7840860267479
 30
0.0
 41
1.0
 10
92.00511105743499
 20
258.7969323602629
 30
0.0
 41
1.0
 10
92.00703908815013
 20
258.8098088431343
 30
0.0
 41
1.0
 10
92.00890805544259
 20
258.8227150533903
 30
0.0
 41
1.0
 10
92.01071813485668
 20
258.8356506083101
 30
0.0
 41
1.0
 10
92.01246949597134
 20
258.8486151878405
 30
0.0
 41
1.0
 10
92.0141623013651
 20
258.8616085555714
 30
0.0
 41
1.0
 10
92.01579669543571
 20
258.8746305464629
 30
0.0
 41
1.0
 10
92.0170575744396
 20
258.8850709546814
 30
0.0
 41
1.0
 10
92.01797703563626
 20
258.8929140704522
 30
0.0
 41
1.0
 10
92.01857837005627
 20
258.8981485055701
 30
0.0
 41
1.0
 10
92.01887612733845
 20
258.9007671459467
 30
0.0
 41
1.0
  0
SPLINE
  5
6E1
330
70
100
AcDbEntity
  8
Visible
100
AcDbSpline
210
0.0
220
0.0
230
1.0
 70
    12
 71
     5
 72
    81
 73
    75
 74
     0
 42
0.000000001
 43
0.0000000001
 40
-1.0
 40
-1.0
 40
-1.0
 40
-1.0
 40
-1.0
 40
-1.0
 40
-0.9857142857142841
 40
-0.9714285714285699
 40
-0.9571428571428556
 40
-0.9428571428571414
 40
-0.9285714285714272
 40
-0.9142857142857129
 40
-0.8999999999999987
 40
-0.8857142857142845
 40
-0.8714285714285702
 40
-0.857142857142856
 40
-0.8428571428571418
 40
-0.8285714285714275
 40
-0.8142857142857133
 40
-0.7999999999999991
 40
-0.7857142857142848
 40
-0.7714285714285706
 40
-0.7571428571428564
 40
-0.7428571428571421
 40
-0.7285714285714279
 40
-0.7142857142857137
 40
-0.6999999999999994
 40
-0.6857142857142852
 40
-0.6714285714285709
 40
-0.6571428571428567
 40
-0.6428571428571425
 40
-0.6285714285714282
 40
-0.614285714285714
 40
-0.5999999999999998
 40
-0.5857142857142855
 40
-0.5714285714285713
 40
-0.5571428571428571
 40
-0.5428571428571428
 40
-0.5285714285714286
 40
-0.5142857142857144
 40
-0.5000000000000001
 40
-0.4857142857142859
 40
-0.4714285714285716
 40
-0.4571428571428572
 40
-0.442857142857143
 40
-0.4285714285714287
 40
-0.4142857142857145
 40
-0.4000000000000001
 40
-0.3857142857142858
 40
-0.3714285714285715
 40
-0.3571428571428572
 40
-0.3428571428571429
 40
-0.3285714285714286
 40
-0.3142857142857143
 40
-0.3
 40
-0.2857142857142858
 40
-0.2714285714285714
 40
-0.2571428571428572
 40
-0.2428571428571429
 40
-0.2285714285714286
 40
-0.2142857142857143
 40
-0.2
 40
-0.1857142857142857
 40
-0.1714285714285715
 40
-0.1571428571428572
 40
-0.1428571428571429
 40
-0.1285714285714286
 40
-0.1142857142857143
 40
-0.1
 40
-0.0857142857142858
 40
-0.0714285714285714
 40
-0.0571428571428571
 40
-0.0428571428571429
 40
-0.0285714285714286
 40
-0.0142857142857143
 40
0.0
 40
0.0
 40
0.0
 40
0.0
 40
0.0
 40
0.0
 10
92.99243167096665
 20
257.9272116023185
 30
0.0
 41
1.0
 10
92.98981303059008
 20
257.9269138450363
 30
0.0
 41
1.0
 10
92.98457859547216
 20
257.9263125106163
 30
0.0
 41
1.0
 10
92.97673547970134
 20
257.9253930494187
 30
0.0
 41
1.0
 10
92.96629507148372
 20
257.9241321704158
 30
0.0
 41
1.0
 10
92.95327308059132
 20
257.9224977763443
 30
0.0
 41
1.0
 10
92.94027971286141
 20
257.9208049709505
 30
0.0
 41
1.0
 10
92.92731513333
 20
257.9190536098358
 30
0.0
 41
1.0
 10
92.91437957841116
 20
257.9172435304217
 30
0.0
 41
1.0
 10
92.90147336815426
 20
257.9153745631292
 30
0.0
 41
1.0
 10
92.88859688528281
 20
257.9134465324141
 30
0.0
 41
1.0
 10
92.87575055176786
 20
257.9114592572223
 30
0.0
 41
1.0
 10
92.86293480559015
 20
257.9094125521497
 30
0.0
 41
1.0
 10
92.85015007850052
 20
257.9073062285406
 30
0.0
 41
1.0
 10
92.8373967697844
 20
257.9051400965782
 30
0.0
 41
1.0
 10
92.8246752551122
 20
257.9029139620652
 30
0.0
 41
1.0
 10
92.81198590075565
 20
257.9006276226973
 30
0.0
 41
1.0
 10
92.79932907607781
 20
257.8982808647788
 30
0.0
 41
1.0
 10
92.78670516560579
 20
257.8958734605067
 30
0.0
 41
1.0
 10
92.77411458340429
 20
257.8934051645993
 30
0.0
 41
1.0
 10
92.76155776837459
 20
257.8908757179543
 30
0.0
 41
1.0
 10
92.74903517500389
 20
257.8882848529856
 30
0.0
 41
1.0
 10
92.73654726496806
 20
257.8856322992806
 30
0.0
 41
1.0
 10
92.72409449925362
 20
257.88291778848
 30
0.0
 41
1.0
 10
92.71167732693266
 20
257.8801410627611
 30
0.0
 41
1.0
 10
92.69929619374398
 20
257.8773018640677
 30
0.0
 41
1.0
 10
92.68695155634214
 20
257.8743999181215
 30
0.0
 41
1.0
 10
92.67464389528413
 20
257.8714349195179
 30
0.0
 41
1.0
 10
92.66237372635897
 20
257.8684065191946
 30
0.0
 41
1.0
 10
92.65014161732779
 20
257.8653143051952
 30
0.0
 41
1.0
 10
92.63794817317284
 20
257.8621578224602
 30
0.0
 41
1.0
 10
92.62579401065432
 20
257.8589366057586
 30
0.0
 41
1.0
 10
92.61367973406777
 20
257.8556502114761
 30
0.0
 41
1.0
 10
92.60160591481326
 20
257.8522982442519
 30
0.0
 41
1.0
 10
92.58957305732838
 20
257.848880401878
 30
0.0
 41
1.0
 10
92.57758163577728
 20
257.8453964261807
 30
0.0
 41
1.0
 10
92.5656321569113
 20
257.8418460192543
 30
0.0
 41
1.0
 10
92.55372521886238
 20
257.8382287650484
 30
0.0
 41
1.0
 10
92.54186156099512
 20
257.8345440631019
 30
0.0
 41
1.0
 10
92.53004214385601
 20
257.8307910218864
 30
0.0
 41
1.0
 10
92.51826807093493
 20
257.8269685645537
 30
0.0
 41
1.0
 10
92.5065404497136
 20
257.8230756161911
 30
0.0
 41
1.0
 10
92.49486026103204
 20
257.8191112800141
 30
0.0
 41
1.0
 10
92.48322824907427
 20
257.8150749858387
 30
0.0
 41
1.0
 10
92.4716447396986
 20
257.8109667350009
 30
0.0
 41
1.0
 10
92.46010983603083
 20
257.8067868378475
 30
0.0
 41
1.0
 10
92.44862375478078
 20
257.8025354620022
 30
0.0
 41
1.0
 10
92.4371871413432
 20
257.7982122091553
 30
0.0
 41
1.0
 10
92.4258013388353
 20
257.7938157539839
 30
0.0
 41
1.0
 10
92.4144688172646
 20
257.7893432674082
 30
0.0
 41
1.0
 10
92.40319271465251
 20
257.7847910360051
 30
0.0
 41
1.0
 10
92.3919760764611
 20
257.780155487846
 30
0.0
 41
1.0
 10
92.38082113906239
 20
257.7754341589534
 30
0.0
 41
1.0
 10
92.36972871559919
 20
257.7706265221304
 30
0.0
 41
1.0
 10
92.3586972233179
 20
257.7657352980805
 30
0.0
 41
1.0
 10
92.34772387120846
 20
257.7607648606218
 30
0.0
 41
1.0
 10
92.33680647139408
 20
257.7557188029977
 30
0.0
 41
1.0
 10
92.32594515326127
 20
257.7505976348184
 30
0.0
 41
1.0
 10
92.31514387086281
 20
257.7453967576566
 30
0.0
 41
1.0
 10
92.30441264875935
 20
257.7401034460072
 30
0.0
 41
1.0
 10
92.2937646665232
 20
257.7347007810649
 30
0.0
 41
1.0
 10
92.28321219020926
 20
257.7291731392752
 30
0.0
 41
1.0
 10
92.27276268559307
 20
257.7235114328196
 30
0.0
 41
1.0
 10
92.26241532762561
 20
257.7177178239872
 30
0.0
 41
1.0
 10
92.25215607243535
 20
257.7118123564951
 30
0.0
 41
1.0
 10
92.24196577309431
 20
257.7058221820144
 30
0.0
 41
1.0
 10
92.23183031961253
 20
257.6997680830664
 30
0.0
 41
1.0
 10
92.22175032136602
 20
257.6936516125734
 30
0.0
 41
1.0
 10
92.21175042998494
 20
257.6874427002394
 30
0.0
 41
1.0
 10
92.20189037331421
 20
257.6810650110137
 30
0.0
 41
1.0
 10
92.19224874137125
 20
257.6744171401943
 30
0.0
 41
1.0
 10
92.1847733757586
 20
257.6688008297497
 30
0.0
 41
1.0
 10
92.17932849375756
 20
257.6643848700414
 30
0.0
 41
1.0
 10
92.17577395281569
 20
257.6613457488274
 30
0.0
 41
1.0
 10
92.1740155275811
 20
257.65980240102
 30
0.0
 41
1.0
  0
ARC
  5
6E2
330
70
100
AcDbEntity
  8
Visible
100
AcDbCircle
 10
88.647151
 20
254.555486
 30
0.0
 40
5.499999999998584
100
AcDbArc
 50
34.190287
 51
37.809713
  0
SPLINE
  5
6E3
330
70
100
AcDbEntity
  8
Visible
100
AcDbSpline
210
0.0
220
0.0
230
1.0
 70
    12
 71
     5
 72
    81
 73
    75
 74
     0
 42
0.000000001
 43
0.0000000001
 40
0.0
 40
0.0
 40
0.0
 40
0.0
 40
0.0
 40
0.0
 40
0.0142857142857143
 40
0.0285714285714286
 40
0.0428571428571429
 40
0.0571428571428571
 40
0.0714285714285714
 40
0.0857142857142858
 40
0.1
 40
0.1142857142857143
 40
0.1285714285714286
 40
0.1428571428571429
 40
0.1571428571428572
 40
0.1714285714285715
 40
0.1857142857142857
 40
0.2
 40
0.2142857142857143
 40
0.2285714285714286
 40
0.2428571428571429
 40
0.2571428571428572
 40
0.2714285714285714
 40
0.2857142857142858
 40
0.3
 40
0.3142857142857143
 40
0.3285714285714286
 40
0.3428571428571429
 40
0.3571428571428572
 40
0.3714285714285715
 40
0.3857142857142858
 40
0.4000000000000001
 40
0.4142857142857145
 40
0.4285714285714287
 40
0.442857142857143
 40
0.4571428571428572
 40
0.4714285714285716
 40
0.4857142857142859
 40
0.5000000000000001
 40
0.5142857142857144
 40
0.5285714285714286
 40
0.5428571428571428
 40
0.5571428571428571
 40
0.5714285714285713
 40
0.5857142857142855
 40
0.5999999999999998
 40
0.614285714285714
 40
0.6285714285714282
 40
0.6428571428571425
 40
0.6571428571428567
 40
0.6714285714285709
 40
0.6857142857142852
 40
0.6999999999999994
 40
0.7142857142857137
 40
0.7285714285714279
 40
0.7428571428571421
 40
0.7571428571428564
 40
0.7714285714285706
 40
0.7857142857142848
 40
0.7999999999999991
 40
0.8142857142857133
 40
0.8285714285714275
 40
0.8428571428571418
 40
0.857142857142856
 40
0.8714285714285702
 40
0.8857142857142845
 40
0.8999999999999987
 40
0.9142857142857129
 40
0.9285714285714272
 40
0.9428571428571414
 40
0.9571428571428556
 40
0.9714285714285699
 40
0.9857142857142841
 40
1.0
 40
1.0
 40
1.0
 40
1.0
 40
1.0
 40
1.0
 10
92.68939205960577
 20
256.9504474601063
 30
0.0
 41
1.0
 10
92.69140325387615
 20
256.9516429011828
 30
0.0
 41
1.0
 10
92.69539204346893
 20
256.9540843304058
 30
0.0
 41
1.0
 10
92.70127443179536
 20
256.9578981143168
 30
0.0
 41
1.0
 10
92.70892587545494
 20
256.9632720741201
 30
0.0
 41
1.0
 10
92.71822780444109
 20
256.9703875059486
 30
0.0
 41
1.0
 10
92.72734027241495
 20
256.9777941627408
 30
0.0
 41
1.0
 10
92.73633543532742
 20
256.985385965173
 30
0.0
 41
1.0
 10
92.745267435208
 20
256.9930825198617
 30
0.0
 41
1.0
 10
92.75415725283528
 20
257.0008510894804
 30
0.0
 41
1.0
 10
92.76300322298267
 20
257.0086915743587
 30
0.0
 41
1.0
 10
92.77178994052519
 20
257.0166238160445
 30
0.0
 41
1.0
 10
92.78049749941784
 20
257.024674414678
 30
0.0
 41
1.0
 10
92.78911117674487
 20
257.0328629206224
 30
0.0
 41
1.0
 10
92.79762917100288
 20
257.0411907867328
 30
0.0
 41
1.0
 10
92.80605781816758
 20
257.049648104342
 30
0.0
 41
1.0
 10
92.81440818670489
 20
257.0582183797951
 30
0.0
 41
1.0
 10
92.82269229464327
 20
257.0668838503753
 30
0.0
 41
1.0
 10
92.8309191468943
 20
257.0756310497627
 30
0.0
 41
1.0
 10
92.83909189495716
 20
257.084454796437
 30
0.0
 41
1.0
 10
92.84721001417802
 20
257.0933551248217
 30
0.0
 41
1.0
 10
92.85527076327161
 20
257.1023352260854
 30
0.0
 41
1.0
 10
92.8632708449586
 20
257.1113991062202
 30
0.0
 41
1.0
 10
92.87120816079459
 20
257.1205491112587
 30
0.0
 41
1.0
 10
92.87908296089881
 20
257.1297843049424
 30
0.0
 41
1.0
 10
92.88689689757665
 20
257.1391017989445
 30
0.0
 41
1.0
 10
92.89465242683219
 20
257.1484975930707
 30
0.0
 41
1.0
 10
92.90235211064191
 20
257.1579675553758
 30
0.0
 41
1.0
 10
92.90999787634337
 20
257.1675084625094
 30
0.0
 41
1.0
 10
92.91759056935006
 20
257.1771186275437
 30
0.0
 41
1.0
 10
92.92513036903619
 20
257.1867973135868
 30
0.0
 41
1.0
 10
92.93261704901761
 20
257.1965443663339
 30
0.0
 41
1.0
 10
92.9400502822691
 20
257.2063597836095
 30
0.0
 41
1.0
 10
92.94742996682272
 20
257.2162432559171
 30
0.0
 41
1.0
 10
92.95475641499161
 20
257.226193899297
 30
0.0
 41
1.0
 10
92.96203017657171
 20
257.2362105037955
 30
0.0
 41
1.0
 10
92.96925193163497
 20
257.2462916839686
 30
0.0
 41
1.0
 10
92.97642236332832
 20
257.2564360575707
 30
0.0
 41
1.0
 10
92.98354202272003
 20
257.2666424355684
 30
0.0
 41
1.0
 10
92.99061125240768
 20
257.2769099292327
 30
0.0
 41
1.0
 10
92.99763026324217
 20
257.2872378411403
 30
0.0
 41
1.0
 10
93.00459918195793
 20
257.2976255972826
 30
0.0
 41
1.0
 10
93.01151810756527
 20
257.308072666925
 30
0.0
 41
1.0
 10
93.01838717160171
 20
257.3185784769294
 30
0.0
 41
1.0
 10
93.02520657350759
 20
257.3291423616893
 30
0.0
 41
1.0
 10
93.03197654844552
 20
257.3397636094005
 30
0.0
 41
1.0
 10
93.03869734828641
 20
257.350441489727
 30
0.0
 41
1.0
 10
93.04536921886938
 20
257.3611752866745
 30
0.0
 41
1.0
 10
93.05199237654051
 20
257.3719643329669
 30
0.0
 41
1.0
 10
93.05856699388915
 20
257.3828080301946
 30
0.0
 41
1.0
 10
93.06509321287194
 20
257.3937058269466
 30
0.0
 41
1.0
 10
93.07157115323025
 20
257.4046572041607
 30
0.0
 41
1.0
 10
93.07800092264825
 20
257.4156616581704
 30
0.0
 41
1.0
 10
93.08438262755954
 20
257.4267186822117
 30
0.0
 41
1.0
 10
93.09071638073692
 20
257.4378277549313
 30
0.0
 41
1.0
 10
93.09700229669033
 20
257.4489883536899
 30
0.0
 41
1.0
 10
93.10324048946677
 20
257.4601999635543
 30
0.0
 41
1.0
 10
93.10943106985815
 20
257.4714620870373
 30
0.0
 41
1.0
 10
93.1155741431894
 20
257.4827742545449
 30
0.0
 41
1.0
 10
93.12166980728671
 20
257.4941360299736
 30
0.0
 41
1.0
 10
93.1277181512496
 20
257.5055469960034
 30
0.0
 41
1.0
 10
93.13371925429601
 20
257.5170067417739
 30
0.0
 41
1.0
 10
93.13967318502818
 20
257.5285148499897
 30
0.0
 41
1.0
 10
93.14558000058879
 20
257.5400708822544
 30
0.0
 41
1.0
 10
93.15143974698186
 20
257.5516743696471
 30
0.0
 41
1.0
 10
93.15725246519196
 20
257.5633248383328
 30
0.0
 41
1.0
 10
93.16301819701676
 20
257.5750218310422
 30
0.0
 41
1.0
 10
93.16873699114058
 20
257.5867649295396
 30
0.0
 41
1.0
 10
93.17440890994111
 20
257.5985537770357
 30
0.0
 41
1.0
 10
93.1800340349846
 20
257.6103880984501
 30
0.0
 41
1.0
 10
93.18561245260207
 20
257.6222676921989
 30
0.0
 41
1.0
 10
93.19003788336159
 20
257.6318074774281
 30
0.0
 41
1.0
 10
93.1933359989871
 20
257.6389825946544
 30
0.0
 41
1.0
 10
93.19552543141254
 20
257.6437750157274
 30
0.0
 41
1.0
 10
93.19661781979448
 20
257.6461734786608
 30
0.0
 41
1.0
  0
SPLINE
  5
6E4
330
70
100
AcDbEntity
  8
Visible
100
AcDbSpline
210
0.0
220
0.0
230
1.0
 70
    12
 71
     5
 72
    81
 73
    75
 74
     0
 42
0.000000001
 43
0.0000000001
 40
-1.0
 40
-1.0
 40
-1.0
 40
-1.0
 40
-1.0
 40
-1.0
 40
-0.9857142857142841
 40
-0.9714285714285699
 40
-0.9571428571428556
 40
-0.9428571428571414
 40
-0.9285714285714272
 40
-0.9142857142857129
 40
-0.8999999999999987
 40
-0.8857142857142845
 40
-0.8714285714285702
 40
-0.857142857142856
 40
-0.8428571428571418
 40
-0.8285714285714275
 40
-0.8142857142857133
 40
-0.7999999999999991
 40
-0.7857142857142848
 40
-0.7714285714285706
 40
-0.7571428571428564
 40
-0.7428571428571421
 40
-0.7285714285714279
 40
-0.7142857142857137
 40
-0.6999999999999994
 40
-0.6857142857142852
 40
-0.6714285714285709
 40
-0.6571428571428567
 40
-0.6428571428571425
 40
-0.6285714285714282
 40
-0.614285714285714
 40
-0.5999999999999998
 40
-0.5857142857142855
 40
-0.5714285714285713
 40
-0.5571428571428571
 40
-0.5428571428571428
 40
-0.5285714285714286
 40
-0.5142857142857144
 40
-0.5000000000000001
 40
-0.4857142857142859
 40
-0.4714285714285716
 40
-0.4571428571428572
 40
-0.442857142857143
 40
-0.4285714285714287
 40
-0.4142857142857145
 40
-0.4000000000000001
 40
-0.3857142857142858
 40
-0.3714285714285715
 40
-0.3571428571428572
 40
-0.3428571428571429
 40
-0.3285714285714286
 40
-0.3142857142857143
 40
-0.3
 40
-0.2857142857142858
 40
-0.2714285714285714
 40
-0.2571428571428572
 40
-0.2428571428571429
 40
-0.2285714285714286
 40
-0.2142857142857143
 40
-0.2
 40
-0.1857142857142857
 40
-0.1714285714285715
 40
-0.1571428571428572
 40
-0.1428571428571429
 40
-0.1285714285714286
 40
-0.1142857142857143
 40
-0.1
 40
-0.0857142857142858
 40
-0.0714285714285714
 40
-0.0571428571428571
 40
-0.0428571428571429
 40
-0.0285714285714286
 40
-0.0142857142857143
 40
0.0
 40
0.0
 40
0.0
 40
0.0
 40
0.0
 40
0.0
 10
93.82167895558813
 20
256.4194219269684
 30
0.0
 41
1.0
 10
93.81909646853456
 20
256.4199479473436
 30
0.0
 41
1.0
 10
93.81393240235139
 20
256.4209935737326
 30
0.0
 41
1.0
 10
93.80618902685364
 20
256.4225427702313
 30
0.0
 41
1.0
 10
93.79586997554543
 20
256.4245698666064
 30
0.0
 41
1.0
 10
93.78298027070924
 20
256.4270394819614
 30
0.0
 41
1.0
 10
93.77009973802524
 20
256.4294446998037
 30
0.0
 41
1.0
 10
93.75722848983423
 20
256.4317853318034
 30
0.0
 41
1.0
 10
93.74436670073555
 20
256.434061150283
 30
0.0
 41
1.0
 10
93.73151462271563
 20
256.4362718950633
 30
0.0
 41
1.0
 10
93.71867256551741
 20
256.4384172809232
 30
0.0
 41
1.0
 10
93.7058408745097
 20
256.4404970052728
 30
0.0
 41
1.0
 10
93.69301990894655
 20
256.4425107564421
 30
0.0
 41
1.0
 10
93.68021002114801
 20
256.4444582215874
 30
0.0
 41
1.0
 10
93.66741153220118
 20
256.4463390967967
 30
0.0
 41
1.0
 10
93.65462473937805
 20
256.44815308129
 30
0.0
 41
1.0
 10
93.64184992851097
 20
256.4498998694798
 30
0.0
 41
1.0
 10
93.62908738484657
 20
256.451579143989
 30
0.0
 41
1.0
 10
93.61633740369871
 20
256.4531905693402
 30
0.0
 41
1.0
 10
93.60360030306948
 20
256.4547337843023
 30
0.0
 41
1.0
 10
93.59087642031136
 20
256.4562084068284
 30
0.0
 41
1.0
 10
93.57816610498048
 20
256.4576140419813
 30
0.0
 41
1.0
 10
93.56546971259195
 20
256.4589502899207
 30
0.0
 41
1.0
 10
93.55278759864541
 20
256.4602167529683
 30
0.0
 41
1.0
 10
93.54012011055965
 20
256.4614130471482
 30
0.0
 41
1.0
 10
93.52746759251386
 20
256.4625387892947
 30
0.0
 41
1.0
 10
93.51483039405776
 20
256.4635935774395
 30
0.0
 41
1.0
 10
93.50220887785145
 20
256.4645769726249
 30
0.0
 41
1.0
 10
93.48960342657301
 20
256.4654884834845
 30
0.0
 41
1.0
 10
93.47701445289567
 20
256.4663275427792
 30
0.0
 41
1.0
 10
93.4644423915688
 20
256.4670935307686
 30
0.0
 41
1.0
 10
93.45188768540173
 20
256.4677858144051
 30
0.0
 41
1.0
 10
93.4393507720306
 20
256.4684037850475
 30
0.0
 41
1.0
 10
93.42683207271511
 20
256.4689468901133
 30
0.0
 41
1.0
 10
93.41433197381594
 20
256.4694146863049
 30
0.0
 41
1.0
 10
93.40185084651238
 20
256.4698067815625
 30
0.0
 41
1.0
 10
93.38938908069303
 20
256.4701227359619
 30
0.0
 41
1.0
 10
93.37694711665063
 20
256.4703619689863
 30
0.0
 41
1.0
 10
93.36452547200678
 20
256.4705236810869
 30
0.0
 41
1.0
 10
93.35212478480206
 20
256.4706067275429
 30
0.0
 41
1.0
 10
93.33974577175103
 20
256.4706097432136
 30
0.0
 41
1.0
 10
93.32738915396566
 20
256.4705313635659
 30
0.0
 41
1.0
 10
93.31505558715889
 20
256.470370432613
 30
0.0
 41
1.0
 10
93.30274560289399
 20
256.4701261781092
 30
0.0
 41
1.0
 10
93.2904595114951
 20
256.4697985006314
 30
0.0
 41
1.0
 10
93.27819750694107
 20
256.4693876634683
 30
0.0
 41
1.0
 10
93.26595984713549
 20
256.4688937590718
 30
0.0
 41
1.0
 10
93.2537470228017
 20
256.4683162091906
 30
0.0
 41
1.0
 10
93.24155990176951
 20
256.4676533383199
 30
0.0
 41
1.0
 10
93.22939995892557
 20
256.4669016925736
 30
0.0
 41
1.0
 10
93.21726903119179
 20
256.4660567705705
 30
0.0
 41
1.0
 10
93.2051689111895
 20
256.4651142341081
 30
0.0
 41
1.0
 10
93.19310096442313
 20
256.4640710487274
 30
0.0
 41
1.0
 10
93.18106580132644
 20
256.462926461757
 30
0.0
 41
1.0
 10
93.16906275735254
 20
256.46168354984
 30
0.0
 41
1.0
 10
93.15709052968031
 20
256.4603473351935
 30
0.0
 41
1.0
 10
93.14514814788436
 20
256.4589219112859
 30
0.0
 41
1.0
 10
93.13323589250103
 20
256.4574077228026
 30
0.0
 41
1.0
 10
93.12135610306269
 20
256.4557991745087
 30
0.0
 41
1.0
 10
93.10951438109714
 20
256.4540810659719
 30
0.0
 41
1.0
 10
93.09771803292369
 20
256.4522332337401
 30
0.0
 41
1.0
 10
93.08597389630994
 20
256.4502370285108
 30
0.0
 41
1.0
 10
93.07428626334148
 20
256.4480815002016
 30
0.0
 41
1.0
 10
93.06265501753205
 20
256.4457689602277
 30
0.0
 41
1.0
 10
93.05107299621614
 20
256.4433228110902
 30
0.0
 41
1.0
 10
93.0395303799114
 20
256.4407747922914
 30
0.0
 41
1.0
 10
93.02802017137128
 20
256.4381490294081
 30
0.0
 41
1.0
 10
93.016543430027
 20
256.4354468110505
 30
0.0
 41
1.0
 10
93.00511430873848
 20
256.4326319208949
 30
0.0
 41
1.0
 10
92.99376602323537
 20
256.4296133030748
 30
0.0
 41
1.0
 10
92.98254198128871
 20
256.4262702303367
 30
0.0
 41
1.0
 10
92.97369695073758
 20
256.4232388167038
 30
0.0
 41
1.0
 10
92.96715395363481
 20
256.4207215505184
 30
0.0
 41
1.0
 10
92.96283424420563
 20
256.4189295880424
 30
0.0
 41
1.0
 10
92.96068496172756
 20
256.4180051603334
 30
0.0
 41
1.0
  0
ARC
  5
6E5
330
70
100
AcDbEntity
  8
Visible
100
AcDbCircle
 10
88.647151
 20
254.555486
 30
0.0
 40
5.499999999998583
100
AcDbArc
 50
16.190287
 51
19.809713
  0
SPLINE
  5
6E6
330
70
100
AcDbEntity
  8
Visible
100
AcDbSpline
210
0.0
220
0.0
230
1.0
 70
    12
 71
     5
 72
    81
 73
    75
 74
     0
 42
0.000000001
 43
0.0000000001
 40
0.0
 40
0.0
 40
0.0
 40
0.0
 40
0.0
 40
0.0
 40
0.0142857142857143
 40
0.0285714285714286
 40
0.0428571428571429
 40
0.0571428571428571
 40
0.0714285714285714
 40
0.0857142857142858
 40
0.1
 40
0.1142857142857143
 40
0.1285714285714286
 40
0.1428571428571429
 40
0.1571428571428572
 40
0.1714285714285715
 40
0.1857142857142857
 40
0.2
 40
0.2142857142857143
 40
0.2285714285714286
 40
0.2428571428571429
 40
0.2571428571428572
 40
0.2714285714285714
 40
0.2857142857142858
 40
0.3
 40
0.3142857142857143
 40
0.3285714285714286
 40
0.3428571428571429
 40
0.3571428571428572
 40
0.3714285714285715
 40
0.3857142857142858
 40
0.4000000000000001
 40
0.4142857142857145
 40
0.4285714285714287
 40
0.442857142857143
 40
0.4571428571428572
 40
0.4714285714285716
 40
0.4857142857142859
 40
0.5000000000000001
 40
0.5142857142857144
 40
0.5285714285714286
 40
0.5428571428571428
 40
0.5571428571428571
 40
0.5714285714285713
 40
0.5857142857142855
 40
0.5999999999999998
 40
0.614285714285714
 40
0.6285714285714282
 40
0.6428571428571425
 40
0.6571428571428567
 40
0.6714285714285709
 40
0.6857142857142852
 40
0.6999999999999994
 40
0.7142857142857137
 40
0.7285714285714279
 40
0.7428571428571421
 40
0.7571428571428564
 40
0.7714285714285706
 40
0.7857142857142848
 40
0.7999999999999991
 40
0.8142857142857133
 40
0.8285714285714275
 40
0.8428571428571418
 40
0.857142857142856
 40
0.8714285714285702
 40
0.8857142857142845
 40
0.8999999999999987
 40
0.9142857142857129
 40
0.9285714285714272
 40
0.9428571428571414
 40
0.9571428571428556
 40
0.9714285714285699
 40
0.9857142857142841
 40
1.0
 40
1.0
 40
1.0
 40
1.0
 40
1.0
 40
1.0
 10
93.23163443906834
 20
255.5841084145141
 30
0.0
 41
1.0
 10
93.23391661009372
 20
255.5846238533313
 30
0.0
 41
1.0
 10
93.23846461754783
 20
255.5857131867315
 30
0.0
 41
1.0
 10
93.24523762533862
 20
255.5875225528116
 30
0.0
 41
1.0
 10
93.25417522559655
 20
255.5902690661787
 30
0.0
 41
1.0
 10
93.26522067512996
 20
255.5941617898479
 30
0.0
 41
1.0
 10
93.27617592999649
 20
255.5983900315887
 30
0.0
 41
1.0
 10
93.28707683427001
 20
255.6028306065564
 30
0.0
 41
1.0
 10
93.29795003715663
 20
255.6073903252882
 30
0.0
 41
1.0
 10
93.30880537617304
 20
255.6120315693233
 30
0.0
 41
1.0
 10
93.31964123679609
 20
255.61675475845
 30
0.0
 41
1.0
 10
93.33044909925684
 20
255.6215835235489
 30
0.0
 41
1.0
 10
93.34121825167494
 20
255.6265493141618
 30
0.0
 41
1.0
 10
93.35194073312141
 20
255.6316752734219
 30
0.0
 41
1.0
 10
93.36261527922124
 20
255.6369633397689
 30
0.0
 41
1.0
 10
93.37324485389945
 20
255.642402131577
 30
0.0
 41
1.0
 10
93.38383488707131
 20
255.6479725421059
 30
0.0
 41
1.0
 10
93.39439131958171
 20
255.6536539642329
 30
0.0
 41
1.0
 10
93.40491855428808
 20
255.659430808053
 30
0.0
 41
1.0
 10
93.41541798726485
 20
255.665297171784
 30
0.0
 41
1.0
 10
93.42588913017607
 20
255.6712532502897
 30
0.0
 41
1.0
 10
93.43633036202936
 20
255.6773029256565
 30
0.0
 41
1.0
 10
93.4467397848457
 20
255.6834510267236
 30
0.0
 41
1.0
 10
93.45711612784908
 20
255.6897004331568
 30
0.0
 41
1.0
 10
93.46745933959756
 20
255.6960501772291
 30
0.0
 41
1.0
 10
93.47777009898436
 20
255.702497001389
 30
0.0
 41
1.0
 10
93.48804950568046
 20
255.7090363422785
 30
0.0
 41
1.0
 10
93.49829871942985
 20
255.7156634784897
 30
0.0
 41
1.0
 10
93.50851857716861
 20
255.7223747488533
 30
0.0
 41
1.0
 10
93.51870936164232
 20
255.7291682877594
 30
0.0
 41
1.0
 10
93.52887101573651
 20
255.7360433389522
 30
0.0
 41
1.0
 10
93.53900327646261
 20
255.7429998256375
 30
0.0
 41
1.0
 10
93.54910583212859
 20
255.7500378467994
 30
0.0
 41
1.0
 10
93.55917849011712
 20
255.7571571396002
 30
0.0
 41
1.0
 10
93.5692212742988
 20
255.7643567668365
 30
0.0
 41
1.0
 10
93.57923433366432
 20
255.7716354078739
 30
0.0
 41
1.0
 10
93.58921788687348
 20
255.7789915349258
 30
0.0
 41
1.0
 10
93.59917215649966
 20
255.7864236222931
 30
0.0
 41
1.0
 10
93.60909729921059
 20
255.7939303688499
 30
0.0
 41
1.0
 10
93.61899336620172
 20
255.801510823495
 30
0.0
 41
1.0
 10
93.62886034248914
 20
255.8091642577819
 30
0.0
 41
1.0
 10
93.63869817122759
 20
255.8168900866358
 30
0.0
 41
1.0
 10
93.64850678257244
 20
255.8246877746997
 30
0.0
 41
1.0
 10
93.65828612451696
 20
255.8325567362408
 30
0.0
 41
1.0
 10
93.66803618105405
 20
255.840496276599
 30
0.0
 41
1.0
 10
93.67775695587807
 20
255.8485056461386
 30
0.0
 41
1.0
 10
93.68744846284608
 20
255.8565840724368
 30
0.0
 41
1.0
 10
93.69711071451092
 20
255.8647307985729
 30
0.0
 41
1.0
 10
93.70674371042969
 20
255.8729451230783
 30
0.0
 41
1.0
 10
93.71634742982678
 20
255.8812264234948
 30
0.0
 41
1.0
 10
93.72592183731468
 20
255.8895741315346
 30
0.0
 41
1.0
 10
93.73546688637544
 20
255.8979877165366
 30
0.0
 41
1.0
 10
93.74498252378179
 20
255.9064666662107
 30
0.0
 41
1.0
 10
93.75446869415828
 20
255.9150104657056
 30
0.0
 41
1.0
 10
93.76392534365278
 20
255.9236185843356
 30
0.0
 41
1.0
 10
93.77335241966466
 20
255.9322904896562
 30
0.0
 41
1.0
 10
93.78274987153691
 20
255.9410256566934
 30
0.0
 41
1.0
 10
93.79211765090714
 20
255.9498235780738
 30
0.0
 41
1.0
 10
93.80145571283174
 20
255.9586837746374
 30
0.0
 41
1.0
 10
93.81076401558676
 20
255.9676058013975
 30
0.0
 41
1.0
 10
93.82004251495073
 20
255.9765892339255
 30
0.0
 41
1.0
 10
93.82929115930165
 20
255.9856336569892
 30
0.0
 41
1.0
 10
93.83850988493486
 20
255.9947386525191
 30
0.0
 41
1.0
 10
93.84769861072163
 20
256.0039037859151
 30
0.0
 41
1.0
 10
93.85685723551068
 20
256.0131285969937
 30
0.0
 41
1.0
 10
93.86598565185796
 20
256.0224126224448
 30
0.0
 41
1.0
 10
93.87508375821107
 20
256.0317554144631
 30
0.0
 41
1.0
 10
93.88415147163049
 20
256.0411565602399
 30
0.0
 41
1.0
 10
93.89318874118544
 20
256.0506157011705
 30
0.0
 41
1.0
 10
93.90219555944714
 20
256.0601325504331
 30
0.0
 41
1.0
 10
93.91117194622802
 20
256.0697068896334
 30
0.0
 41
1.0
 10
93.91832873674776
 20
256.0774122312269
 30
0.0
 41
1.0
 10
93.92368266426457
 20
256.0832169994428
 30
0.0
 41
1.0
 10
93.92724587779595
 20
256.0870982909055
 30
0.0
 41
1.0
 10
93.92902596669136
 20
256.0890417981327
 30
0.0
 41
1.0
  0
ARC
  5
6E7
330
70
100
AcDbEntity
  8
Visible
100
AcDbCircle
 10
88.647151
 20
254.555486
 30
0.0
 40
4.374599999999998
100
AcDbArc
 50
8.454222
 51
9.545778
  0
ARC
  5
6E8
330
70
100
AcDbEntity
  8
Visible
100
AcDbCircle
 10
88.647151
 20
254.555486
 30
0.0
 40
4.374599999999999
100
AcDbArc
 50
26.454222
 51
27.545778
  0
ARC
  5
6E9
330
70
100
AcDbEntity
  8
Visible
100
AcDbCircle
 10
88.647151
 20
254.555486
 30
0.0
 40
4.374599999999998
100
AcDbArc
 50
44.454222
 51
45.545778
  0
ARC
  5
6EA
330
70
100
AcDbEntity
  8
Visible
100
AcDbCircle
 10
88.647151
 20
254.555486
 30
0.0
 40
4.374599999999997
100
AcDbArc
 50
62.454222
 51
63.545778
  0
ARC
  5
6EB
330
70
100
AcDbEntity
  8
Visible
100
AcDbCircle
 10
88.647151
 20
254.555486
 30
0.0
 40
4.374599999999998
100
AcDbArc
 50
80.454222
 51
81.545778
  0
ARC
  5
6EC
330
70
100
AcDbEntity
  8
Visible
100
AcDbCircle
 10
88.647151
 20
254.555486
 30
0.0
 40
4.374599999999998
100
AcDbArc
 50
98.454222
 51
99.545778
  0
ARC
  5
6ED
330
70
100
AcDbEntity
  8
Visible
100
AcDbCircle
 10
88.647151
 20
254.555486
 30
0.0
 40
4.374599999999998
100
AcDbArc
 50
116.454222
 51
117.545778
  0
ARC
  5
6EE
330
70
100
AcDbEntity
  8
Visible
100
AcDbCircle
 10
88.647151
 20
254.555486
 30
0.0
 40
4.374599999999999
100
AcDbArc
 50
134.454222
 51
135.545778
  0
ARC
  5
6EF
330
70
100
AcDbEntity
  8
Visible
100
AcDbCircle
 10
88.647151
 20
254.555486
 30
0.0
 40
4.374599999999998
100
AcDbArc
 50
152.454222
 51
153.545778
  0
ARC
  5
6F0
330
70
100
AcDbEntity
  8
Visible
100
AcDbCircle
 10
88.647151
 20
254.555486
 30
0.0
 40
4.374599999999998
100
AcDbArc
 50
170.454222
 51
171.545778
  0
ARC
  5
6F1
330
70
100
AcDbEntity
  8
Visible
100
AcDbCircle
 10
88.647151
 20
254.555486
 30
0.0
 40
4.374599999999998
100
AcDbArc
 50
188.454222
 51
189.545778
  0
ARC
  5
6F2
330
70
100
AcDbEntity
  8
Visible
100
AcDbCircle
 10
88.647151
 20
254.555486
 30
0.0
 40
4.374599999999998
100
AcDbArc
 50
206.454222
 51
207.545778
  0
ARC
  5
6F3
330
70
100
AcDbEntity
  8
Visible
100
AcDbCircle
 10
88.647151
 20
254.555486
 30
0.0
 40
4.374599999999998
100
AcDbArc
 50
224.454222
 51
225.545778
  0
ARC
  5
6F4
330
70
100
AcDbEntity
  8
Visible
100
AcDbCircle
 10
88.647151
 20
254.555486
 30
0.0
 40
4.374599999999998
100
AcDbArc
 50
242.454222
 51
243.545778
  0
ARC
  5
6F5
330
70
100
AcDbEntity
  8
Visible
100
AcDbCircle
 10
88.647151
 20
254.555486
 30
0.0
 40
4.374599999999997
100
AcDbArc
 50
260.454222
 51
261.545778
  0
ARC
  5
6F6
330
70
100
AcDbEntity
  8
Visible
100
AcDbCircle
 10
88.647151
 20
254.555486
 30
0.0
 40
4.374599999999998
100
AcDbArc
 50
278.454222
 51
279.545778
  0
ARC
  5
6F7
330
70
100
AcDbEntity
  8
Visible
100
AcDbCircle
 10
88.647151
 20
254.555486
 30
0.0
 40
4.374599999999998
100
AcDbArc
 50
296.454222
 51
297.545778
  0
ARC
  5
6F8
330
70
100
AcDbEntity
  8
Visible
100
AcDbCircle
 10
88.647151
 20
254.555486
 30
0.0
 40
4.374599999999999
100
AcDbArc
 50
314.454222
 51
315.545778
  0
ARC
  5
6F9
330
70
100
AcDbEntity
  8
Visible
100
AcDbCircle
 10
88.647151
 20
254.555486
 30
0.0
 40
4.374599999999998
100
AcDbArc
 50
332.454222
 51
333.545778
  0
ARC
  5
6FA
330
70
100
AcDbEntity
  8
Visible
100
AcDbCircle
 10
93.221498
 20
255.235391
 30
0.0
 40
0.2499999999999999
100
AcDbArc
 50
188.454222
 51
275.27302
  0
LINE
  5
6FB
330
70
100
AcDbEntity
  8
Visible
100
AcDbLine
 10
93.325116
 20
254.993892
 30
0.0
 11
93.244474
 21
254.986449
 31
0.0
  0
ARC
  5
6FC
330
70
100
AcDbEntity
  8
Visible
100
AcDbCircle
 10
93.221498
 20
253.875581
 30
0.0
 40
0.25
100
AcDbArc
 50
84.72698
 51
171.545778
  0
LINE
  5
6FD
330
70
100
AcDbEntity
  8
Visible
100
AcDbLine
 10
93.244474
 20
254.124523
 30
0.0
 11
93.325116
 21
254.117081
 31
0.0
  0
SPLINE
  5
6FE
330
70
100
AcDbEntity
  8
Visible
100
AcDbSpline
210
0.0
220
0.0
230
1.0
 70
    12
 71
     5
 72
    81
 73
    75
 74
     0
 42
0.000000001
 43
0.0000000001
 40
-1.0
 40
-1.0
 40
-1.0
 40
-1.0
 40
-1.0
 40
-1.0
 40
-0.9857142857142841
 40
-0.9714285714285699
 40
-0.9571428571428556
 40
-0.9428571428571414
 40
-0.9285714285714272
 40
-0.9142857142857129
 40
-0.8999999999999987
 40
-0.8857142857142845
 40
-0.8714285714285702
 40
-0.857142857142856
 40
-0.8428571428571418
 40
-0.8285714285714275
 40
-0.8142857142857133
 40
-0.7999999999999991
 40
-0.7857142857142848
 40
-0.7714285714285706
 40
-0.7571428571428564
 40
-0.7428571428571421
 40
-0.7285714285714279
 40
-0.7142857142857137
 40
-0.6999999999999994
 40
-0.6857142857142852
 40
-0.6714285714285709
 40
-0.6571428571428567
 40
-0.6428571428571425
 40
-0.6285714285714282
 40
-0.614285714285714
 40
-0.5999999999999998
 40
-0.5857142857142855
 40
-0.5714285714285713
 40
-0.5571428571428571
 40
-0.5428571428571428
 40
-0.5285714285714286
 40
-0.5142857142857144
 40
-0.5000000000000001
 40
-0.4857142857142859
 40
-0.4714285714285716
 40
-0.4571428571428572
 40
-0.442857142857143
 40
-0.4285714285714287
 40
-0.4142857142857145
 40
-0.4000000000000001
 40
-0.3857142857142858
 40
-0.3714285714285715
 40
-0.3571428571428572
 40
-0.3428571428571429
 40
-0.3285714285714286
 40
-0.3142857142857143
 40
-0.3
 40
-0.2857142857142858
 40
-0.2714285714285714
 40
-0.2571428571428572
 40
-0.2428571428571429
 40
-0.2285714285714286
 40
-0.2142857142857143
 40
-0.2
 40
-0.1857142857142857
 40
-0.1714285714285715
 40
-0.1571428571428572
 40
-0.1428571428571429
 40
-0.1285714285714286
 40
-0.1142857142857143
 40
-0.1
 40
-0.0857142857142858
 40
-0.0714285714285714
 40
-0.0571428571428571
 40
-0.0428571428571429
 40
-0.0285714285714286
 40
-0.0142857142857143
 40
0.0
 40
0.0
 40
0.0
 40
0.0
 40
0.0
 40
0.0
 10
94.14440735562221
 20
254.7291772275376
 30
0.0
 41
1.0
 10
94.14211381371661
 20
254.7304755350306
 30
0.0
 41
1.0
 10
94.13752561124601
 20
254.7330657690318
 30
0.0
 41
1.0
 10
94.13063995156699
 20
254.7369319770796
 30
0.0
 41
1.0
 10
94.12145235780736
 20
254.7420486225164
 30
0.0
 41
1.0
 10
94.10995667314365
 20
254.7483805041393
 30
0.0
 41
1.0
 10
94.09844981179048
 20
254.7546483057376
 30
0.0
 41
1.0
 10
94.08693182239039
 20
254.7608518134821
 30
0.0
 41
1.0
 10
94.07540280064404
 20
254.766990756887
 30
0.0
 41
1.0
 10
94.06386290580213
 20
254.7730648106372
 30
0.0
 41
1.0
 10
94.05231234431084
 20
254.7790736077568
 30
0.0
 41
1.0
 10
94.04075135113089
 20
254.785016753739
 30
0.0
 41
1.0
 10
94.02918017162027
 20
254.7908938411538
 30
0.0
 41
1.0
 10
94.01759904418304
 20
254.7967044635961
 30
0.0
 41
1.0
 10
94.00600818027488
 20
254.8024482328083
 30
0.0
 41
1.0
 10
93.99440776967457
 20
254.808124770866
 30
0.0
 41
1.0
 10
93.98279798979002
 20
254.8137336988148
 30
0.0
 41
1.0
 10
93.97117901383536
 20
254.8192746266632
 30
0.0
 41
1.0
 10
93.95955101900108
 20
254.8247471440963
 30
0.0
 41
1.0
 10
93.94791419609829
 20
254.8301508092964
 30
0.0
 41
1.0
 10
93.93626874790971
 20
254.8354851546646
 30
0.0
 41
1.0
 10
93.92461488483968
 20
254.8407496965783
 30
0.0
 41
1.0
 10
93.9129528214471
 20
254.8459439449034
 30
0.0
 41
1.0
 10
93.90128277294207
 20
254.8510674115714
 30
0.0
 41
1.0
 10
93.88960495108495
 20
254.8561196240417
 30
0.0
 41
1.0
 10
93.87791956480487
 20
254.8611001115432
 30
0.0
 41
1.0
 10
93.86622682232792
 20
254.8660083837658
 30
0.0
 41
1.0
 10
93.85452693291881
 20
254.870843911167
 30
0.0
 41
1.0
 10
93.84282010868536
 20
254.8756061081776
 30
0.0
 41
1.0
 10
93.83110656681674
 20
254.8802943077953
 30
0.0
 41
1.0
 10
93.81938652927511
 20
254.8849077862678
 30
0.0
 41
1.0
 10
93.80766022157331
 20
254.8894458046961
 30
0.0
 41
1.0
 10
93.7959278718481
 20
254.8939076489915
 30
0.0
 41
1.0
 10
93.78418970998337
 20
254.8982926634399
 30
0.0
 41
1.0
 10
93.77244596644505
 20
254.9026003070467
 30
0.0
 41
1.0
 10
93.76069687308973
 20
254.9068300922418
 30
0.0
 41
1.0
 10
93.74894266478168
 20
254.9109814801513
 30
0.0
 41
1.0
 10
93.73718358087353
 20
254.9150537826108
 30
0.0
 41
1.0
 10
93.72541986657962
 20
254.9190460792497
 30
0.0
 41
1.0
 10
93.71365177497319
 20
254.9229570842108
 30
0.0
 41
1.0
 10
93.70187956583867
 20
254.9267852776911
 30
0.0
 41
1.0
 10
93.69010350333246
 20
254.9305291391056
 30
0.0
 41
1.0
 10
93.6783238538519
 20
254.934187366418
 30
0.0
 41
1.0
 10
93.66654088430914
 20
254.9377590609192
 30
0.0
 41
1.0
 10
93.6547548591143
 20
254.9412440321548
 30
0.0
 41
1.0
 10
93.64296604411538
 20
254.9446424705857
 30
0.0
 41
1.0
 10
93.63117471316128
 20
254.9479543844427
 30
0.0
 41
1.0
 10
93.6193811542671
 20
254.9511790721335
 30
0.0
 41
1.0
 10
93.60758567503125
 20
254.9543146719843
 30
0.0
 41
1.0
 10
93.59578861084173
 20
254.957357443388
 30
0.0
 41
1.0
 10
93.58399031771387
 20
254.9603025376391
 30
0.0
 41
1.0
 10
93.57219115995304
 20
254.963145274909
 30
0.0
 41
1.0
 10
93.56039149853222
 20
254.9658823472928
 30
0.0
 41
1.0
 10
93.54859168141866
 20
254.9685128503242
 30
0.0
 41
1.0
 10
93.53679202732747
 20
254.9710399154183
 30
0.0
 41
1.0
 10
93.5249928491512
 20
254.9734687215823
 30
0.0
 41
1.0
 10
93.51319448891263
 20
254.9758034618144
 30
0.0
 41
1.0
 10
93.50139735083212
 20
254.9780444723456
 30
0.0
 41
1.0
 10
93.48960193091533
 20
254.980185708835
 30
0.0
 41
1.0
 10
93.47780885933934
 20
254.982210983846
 30
0.0
 41
1.0
 10
93.46601885397921
 20
254.9840988630176
 30
0.0
 41
1.0
 10
93.45423265498448
 20
254.9858294968235
 30
0.0
 41
1.0
 10
93.44245096060967
 20
254.9873911447912
 30
0.0
 41
1.0
 10
93.43067437433729
 20
254.9887860412
 30
0.0
 41
1.0
 10
93.41890331584
 20
254.9900386565396
 30
0.0
 41
1.0
 10
93.40713825427702
 20
254.9911822112554
 30
0.0
 41
1.0
 10
93.39537999008644
 20
254.9922418124024
 30
0.0
 41
1.0
 10
93.38362992904967
 20
254.9932183581395
 30
0.0
 41
1.0
 10
93.37189033987852
 20
254.9940730312237
 30
0.0
 41
1.0
 10
93.36016467479566
 20
254.9947089681527
 30
0.0
 41
1.0
 10
93.34845691027295
 20
254.9949979367484
 30
0.0
 41
1.0
 10
93.33910802800165
 20
254.9948481558149
 30
0.0
 41
1.0
 10
93.33210738993967
 20
254.9944759907048
 30
0.0
 41
1.0
 10
93.32744535528126
 20
254.9941065967396
 30
0.0
 41
1.0
 10
93.32511560230159
 20
254.9938915785551
 30
0.0
 41
1.0
  0
ARC
  5
6FF
330
70
100
AcDbEntity
  8
Visible
100
AcDbCircle
 10
88.647151
 20
254.555486
 30
0.0
 40
5.499999999998582
100
AcDbArc
 50
358.190287
 51
1.809713
  0
SPLINE
  5
700
330
70
100
AcDbEntity
  8
Visible
100
AcDbSpline
210
0.0
220
0.0
230
1.0
 70
    12
 71
     5
 72
    81
 73
    75
 74
     0
 42
0.000000001
 43
0.0000000001
 40
0.0
 40
0.0
 40
0.0
 40
0.0
 40
0.0
 40
0.0
 40
0.0142857142857143
 40
0.0285714285714286
 40
0.0428571428571429
 40
0.0571428571428571
 40
0.0714285714285714
 40
0.0857142857142858
 40
0.1
 40
0.1142857142857143
 40
0.1285714285714286
 40
0.1428571428571429
 40
0.1571428571428572
 40
0.1714285714285715
 40
0.1857142857142857
 40
0.2
 40
0.2142857142857143
 40
0.2285714285714286
 40
0.2428571428571429
 40
0.2571428571428572
 40
0.2714285714285714
 40
0.2857142857142858
 40
0.3
 40
0.3142857142857143
 40
0.3285714285714286
 40
0.3428571428571429
 40
0.3571428571428572
 40
0.3714285714285715
 40
0.3857142857142858
 40
0.4000000000000001
 40
0.4142857142857145
 40
0.4285714285714287
 40
0.442857142857143
 40
0.4571428571428572
 40
0.4714285714285716
 40
0.4857142857142859
 40
0.5000000000000001
 40
0.5142857142857144
 40
0.5285714285714286
 40
0.5428571428571428
 40
0.5571428571428571
 40
0.5714285714285713
 40
0.5857142857142855
 40
0.5999999999999998
 40
0.614285714285714
 40
0.6285714285714282
 40
0.6428571428571425
 40
0.6571428571428567
 40
0.6714285714285709
 40
0.6857142857142852
 40
0.6999999999999994
 40
0.7142857142857137
 40
0.7285714285714279
 40
0.7428571428571421
 40
0.7571428571428564
 40
0.7714285714285706
 40
0.7857142857142848
 40
0.7999999999999991
 40
0.8142857142857133
 40
0.8285714285714275
 40
0.8428571428571418
 40
0.857142857142856
 40
0.8714285714285702
 40
0.8857142857142845
 40
0.8999999999999987
 40
0.9142857142857129
 40
0.9285714285714272
 40
0.9428571428571414
 40
0.9571428571428556
 40
0.9714285714285699
 40
0.9857142857142841
 40
1.0
 40
1.0
 40
1.0
 40
1.0
 40
1.0
 40
1.0
 10
93.32511560230159
 20
254.1170806514101
 30
0.0
 41
1.0
 10
93.32744535528126
 20
254.1168656332256
 30
0.0
 41
1.0
 10
93.33210738993967
 20
254.1164962392604
 30
0.0
 41
1.0
 10
93.33910802800165
 20
254.1161240741503
 30
0.0
 41
1.0
 10
93.34845691027295
 20
254.1159742932168
 30
0.0
 41
1.0
 10
93.36016467479566
 20
254.1162632618125
 30
0.0
 41
1.0
 10
93.37189033987852
 20
254.1168991987415
 30
0.0
 41
1.0
 10
93.38362992904967
 20
254.1177538718257
 30
0.0
 41
1.0
 10
93.39537999008644
 20
254.1187304175628
 30
0.0
 41
1.0
 10
93.40713825427702
 20
254.1197900187099
 30
0.0
 41
1.0
 10
93.41890331584
 20
254.1209335734257
 30
0.0
 41
1.0
 10
93.43067437433729
 20
254.1221861887652
 30
0.0
 41
1.0
 10
93.44245096060967
 20
254.123581085174
 30
0.0
 41
1.0
 10
93.45423265498448
 20
254.1251427331417
 30
0.0
 41
1.0
 10
93.46601885397921
 20
254.1268733669476
 30
0.0
 41
1.0
 10
93.47780885933934
 20
254.1287612461192
 30
0.0
 41
1.0
 10
93.48960193091533
 20
254.1307865211302
 30
0.0
 41
1.0
 10
93.50139735083212
 20
254.1329277576196
 30
0.0
 41
1.0
 10
93.51319448891263
 20
254.1351687681508
 30
0.0
 41
1.0
 10
93.5249928491512
 20
254.1375035083829
 30
0.0
 41
1.0
 10
93.53679202732747
 20
254.139932314547
 30
0.0
 41
1.0
 10
93.54859168141866
 20
254.142459379641
 30
0.0
 41
1.0
 10
93.56039149853222
 20
254.1450898826724
 30
0.0
 41
1.0
 10
93.57219115995304
 20
254.1478269550562
 30
0.0
 41
1.0
 10
93.58399031771387
 20
254.1506696923261
 30
0.0
 41
1.0
 10
93.59578861084173
 20
254.1536147865772
 30
0.0
 41
1.0
 10
93.60758567503125
 20
254.1566575579809
 30
0.0
 41
1.0
 10
93.6193811542671
 20
254.1597931578317
 30
0.0
 41
1.0
 10
93.63117471316128
 20
254.1630178455225
 30
0.0
 41
1.0
 10
93.64296604411538
 20
254.1663297593796
 30
0.0
 41
1.0
 10
93.6547548591143
 20
254.1697281978104
 30
0.0
 41
1.0
 10
93.66654088430914
 20
254.1732131690469
 30
0.0
 41
1.0
 10
93.6783238538519
 20
254.1767848635473
 30
0.0
 41
1.0
 10
93.69010350333246
 20
254.1804430908596
 30
0.0
 41
1.0
 10
93.70187956583867
 20
254.1841869522741
 30
0.0
 41
1.0
 10
93.71365177497319
 20
254.1880151457544
 30
0.0
 41
1.0
 10
93.72541986657962
 20
254.1919261507155
 30
0.0
 41
1.0
 10
93.73718358087353
 20
254.1959184473544
 30
0.0
 41
1.0
 10
93.74894266478168
 20
254.1999907498139
 30
0.0
 41
1.0
 10
93.76069687308973
 20
254.2041421377235
 30
0.0
 41
1.0
 10
93.77244596644505
 20
254.2083719229186
 30
0.0
 41
1.0
 10
93.78418970998337
 20
254.2126795665254
 30
0.0
 41
1.0
 10
93.7959278718481
 20
254.2170645809738
 30
0.0
 41
1.0
 10
93.80766022157331
 20
254.2215264252691
 30
0.0
 41
1.0
 10
93.81938652927511
 20
254.2260644436974
 30
0.0
 41
1.0
 10
93.83110656681674
 20
254.2306779221699
 30
0.0
 41
1.0
 10
93.84282010868536
 20
254.2353661217885
 30
0.0
 41
1.0
 10
93.85452693291881
 20
254.2401283187983
 30
0.0
 41
1.0
 10
93.86622682232792
 20
254.2449638462003
 30
0.0
 41
1.0
 10
93.87791956480487
 20
254.249872118422
 30
0.0
 41
1.0
 10
93.88960495108495
 20
254.2548526059236
 30
0.0
 41
1.0
 10
93.90128277294207
 20
254.2599048183938
 30
0.0
 41
1.0
 10
93.9129528214471
 20
254.2650282850618
 30
0.0
 41
1.0
 10
93.92461488483968
 20
254.2702225333869
 30
0.0
 41
1.0
 10
93.93626874790971
 20
254.2754870753006
 30
0.0
 41
1.0
 10
93.94791419609829
 20
254.2808214206689
 30
0.0
 41
1.0
 10
93.95955101900108
 20
254.2862250858689
 30
0.0
 41
1.0
 10
93.97117901383536
 20
254.2916976033021
 30
0.0
 41
1.0
 10
93.98279798979002
 20
254.2972385311505
 30
0.0
 41
1.0
 10
93.99440776967457
 20
254.3028474590992
 30
0.0
 41
1.0
 10
94.00600818027488
 20
254.308523997157
 30
0.0
 41
1.0
 10
94.01759904418304
 20
254.3142677663691
 30
0.0
 41
1.0
 10
94.02918017162027
 20
254.3200783888114
 30
0.0
 41
1.0
 10
94.04075135113089
 20
254.3259554762262
 30
0.0
 41
1.0
 10
94.05231234431084
 20
254.3318986222084
 30
0.0
 41
1.0
 10
94.06386290580213
 20
254.3379074193281
 30
0.0
 41
1.0
 10
94.07540280064404
 20
254.3439814730782
 30
0.0
 41
1.0
 10
94.08693182239039
 20
254.3501204164832
 30
0.0
 41
1.0
 10
94.09844981179048
 20
254.3563239242285
 30
0.0
 41
1.0
 10
94.10995667314365
 20
254.362591725826
 30
0.0
 41
1.0
 10
94.12145235780736
 20
254.3689236074488
 30
0.0
 41
1.0
 10
94.13063995156699
 20
254.3740402528856
 30
0.0
 41
1.0
 10
94.13752561124601
 20
254.3779064609335
 30
0.0
 41
1.0
 10
94.14211381371661
 20
254.3804966949346
 30
0.0
 41
1.0
 10
94.14440735562221
 20
254.3817950024277
 30
0.0
 41
1.0
  0
ARC
  5
701
330
70
100
AcDbEntity
  8
Visible
100
AcDbCircle
 10
88.647151
 20
254.555486
 30
0.0
 40
4.374599999999997
100
AcDbArc
 50
350.454222
 51
351.545778
  0
CIRCLE
  5
702
330
70
100
AcDbEntity
  8
Visible
100
AcDbCircle
 10
-50.072524
 20
256.097489
 30
0.0
 40
1.549999999999999
210
0.0
220
0.0
230
-1.0
  0
ARC
  5
703
330
70
100
AcDbEntity
  8
Visible
100
AcDbCircle
 10
69.561144
 20
253.791278
 30
0.0
 40
0.2500000000000286
100
AcDbArc
 50
99.982865
 51
173.251215
  0
ARC
  5
704
330
70
100
AcDbEntity
  8
Visible
100
AcDbCircle
 10
68.289224
 20
260.773851
 30
0.0
 40
6.84772995766355
100
AcDbArc
 50
280.336043
 51
288.769856
  0
ARC
  5
705
330
70
100
AcDbEntity
  8
Visible
100
AcDbCircle
 10
69.681978
 20
255.326614
 30
0.0
 40
0.2499999999999959
100
AcDbArc
 50
177.748785
 51
251.017135
  0
ARC
  5
706
330
70
100
AcDbEntity
  8
Visible
100
AcDbCircle
 10
67.333402
 20
248.62898
 30
0.0
 40
6.847729957663562
100
AcDbArc
 50
62.230144
 51
70.663957
  0
ARC
  5
707
330
70
100
AcDbEntity
  8
Visible
100
AcDbCircle
 10
69.320124
 20
252.269327
 30
0.0
 40
0.2500000000000184
100
AcDbArc
 50
95.482865
 51
168.751215
  0
ARC
  5
708
330
70
100
AcDbEntity
  8
Visible
100
AcDbCircle
 10
68.599971
 20
259.33017
 30
0.0
 40
6.847729957663259
100
AcDbArc
 50
275.836043
 51
284.269856
  0
ARC
  5
709
330
70
100
AcDbEntity
  8
Visible
100
AcDbCircle
 10
69.561046
 20
253.790451
 30
0.0
 40
0.2499999999999888
100
AcDbArc
 50
173.248785
 51
246.517135
  0
ARC
  5
70A
330
70
100
AcDbEntity
  8
Visible
100
AcDbCircle
 10
66.69422
 20
247.29773
 30
0.0
 40
6.847729957663876
100
AcDbArc
 50
57.730144
 51
66.163957
  0
ARC
  5
70B
330
70
100
AcDbEntity
  8
Visible
100
AcDbCircle
 10
68.960436
 20
250.770979
 30
0.0
 40
0.2499999999999964
100
AcDbArc
 50
90.982865
 51
164.251215
  0
ARC
  5
70C
330
70
100
AcDbEntity
  8
Visible
100
AcDbCircle
 10
68.79649
 20
257.866558
 30
0.0
 40
6.847729957664034
100
AcDbArc
 50
271.336043
 51
279.769856
  0
ARC
  5
70D
330
70
100
AcDbEntity
  8
Visible
100
AcDbCircle
 10
69.319962
 20
252.268511
 30
0.0
 40
0.249999999999978
100
AcDbArc
 50
168.748785
 51
242.017135
  0
ARC
  5
70E
330
70
100
AcDbEntity
  8
Visible
100
AcDbCircle
 10
65.95256
 20
246.020734
 30
0.0
 40
6.847729957663986
100
AcDbArc
 50
53.230144
 51
61.663957
  0
ARC
  5
70F
330
70
100
AcDbEntity
  8
Visible
100
AcDbCircle
 10
68.484298
 20
249.30547
 30
0.0
 40
0.2499999999999989
100
AcDbArc
 50
86.482865
 51
159.751215
  0
ARC
  5
710
330
70
100
AcDbEntity
  8
Visible
100
AcDbCircle
 10
68.87757
 20
256.392039
 30
0.0
 40
6.847729957663303
100
AcDbArc
 50
266.836043
 51
275.269856
  0
ARC
  5
711
330
70
100
AcDbEntity
  8
Visible
100
AcDbCircle
 10
68.96021
 20
250.770178
 30
0.0
 40
0.2499999999999842
100
AcDbArc
 50
164.248785
 51
237.517135
  0
ARC
  5
712
330
70
100
AcDbEntity
  8
Visible
100
AcDbCircle
 10
65.112994
 20
244.805864
 30
0.0
 40
6.847729957663173
100
AcDbArc
 50
48.730144
 51
57.163957
  0
ARC
  5
713
330
70
100
AcDbEntity
  8
Visible
100
AcDbCircle
 10
67.894645
 20
247.881837
 30
0.0
 40
0.249999999999942
100
AcDbArc
 50
81.982865
 51
155.251215
  0
ARC
  5
714
330
70
100
AcDbEntity
  8
Visible
100
AcDbCircle
 10
68.842711
 20
254.915704
 30
0.0
 40
6.847729957663616
100
AcDbArc
 50
262.336043
 51
270.769856
  0
ARC
  5
715
330
70
100
AcDbEntity
  8
Visible
100
AcDbCircle
 10
68.48401
 20
249.304689
 30
0.0
 40
0.2500000000000615
100
AcDbArc
 50
159.748785
 51
233.017135
  0
ARC
  5
716
330
70
100
AcDbEntity
  8
Visible
100
AcDbCircle
 10
64.180698
 20
243.66061
 30
0.0
 40
6.847729957664142
100
AcDbArc
 50
44.230144
 51
52.663957
  0
ARC
  5
717
330
70
100
AcDbEntity
  8
Visible
100
AcDbCircle
 10
67.195112
 20
246.508855
 30
0.0
 40
0.2500000000000164
100
AcDbArc
 50
77.482865
 51
150.751215
  0
ARC
  5
718
330
70
100
AcDbEntity
  8
Visible
100
AcDbCircle
 10
68.692127
 20
253.446655
 30
0.0
 40
6.847729957663079
100
AcDbArc
 50
257.836043
 51
266.269856
  0
ARC
  5
719
330
70
100
AcDbEntity
  8
Visible
100
AcDbCircle
 10
67.894296
 20
247.881081
 30
0.0
 40
0.2499999999999915
100
AcDbArc
 50
155.248785
 51
228.517135
  0
ARC
  5
71A
330
70
100
AcDbEntity
  8
Visible
100
AcDbCircle
 10
63.161421
 20
242.592035
 30
0.0
 40
6.847729957663524
100
AcDbArc
 50
39.730144
 51
48.163957
  0
ARC
  5
71B
330
70
100
AcDbEntity
  8
Visible
100
AcDbCircle
 10
66.390014
 20
245.194991
 30
0.0
 40
0.2500000000000048
100
AcDbArc
 50
72.982865
 51
146.251215
  0
ARC
  5
71C
330
70
100
AcDbEntity
  8
Visible
100
AcDbCircle
 10
68.426746
 20
251.993949
 30
0.0
 40
6.847729957663735
100
AcDbArc
 50
253.336043
 51
261.769856
  0
ARC
  5
71D
330
70
100
AcDbEntity
  8
Visible
100
AcDbCircle
 10
67.194706
 20
246.508129
 30
0.0
 40
0.2499999999999789
100
AcDbArc
 50
150.748785
 51
224.017135
  0
ARC
  5
71E
330
70
100
AcDbEntity
  8
Visible
100
AcDbCircle
 10
62.061447
 20
241.606724
 30
0.0
 40
6.847729957664693
100
AcDbArc
 50
35.230144
 51
43.663957
  0
ARC
  5
71F
330
70
100
AcDbEntity
  8
Visible
100
AcDbCircle
 10
65.484312
 20
243.948344
 30
0.0
 40
0.2500000000000381
100
AcDbArc
 50
68.482865
 51
141.751215
  0
ARC
  5
720
330
70
100
AcDbEntity
  8
Visible
100
AcDbCircle
 10
68.048207
 20
250.566543
 30
0.0
 40
6.847729957663214
100
AcDbArc
 50
248.836043
 51
257.269856
  0
ARC
  5
721
330
70
100
AcDbEntity
  8
Visible
100
AcDbCircle
 10
66.389551
 20
245.194299
 30
0.0
 40
0.2500000000000326
100
AcDbArc
 50
146.248785
 51
219.517135
  0
ARC
  5
722
330
70
100
AcDbEntity
  8
Visible
100
AcDbCircle
 10
60.887557
 20
240.710754
 30
0.0
 40
6.84772995766409
100
AcDbArc
 50
30.730144
 51
39.163957
  0
ARC
  5
723
330
70
100
AcDbEntity
  8
Visible
100
AcDbCircle
 10
64.483592
 20
242.776601
 30
0.0
 40
0.2499999999999259
100
AcDbArc
 50
63.982865
 51
137.251215
  0
ARC
  5
724
330
70
100
AcDbEntity
  8
Visible
100
AcDbCircle
 10
67.558841
 20
249.173238
 30
0.0
 40
6.847729957663812
100
AcDbArc
 50
244.336043
 51
252.769856
  0
ARC
  5
725
330
70
100
AcDbEntity
  8
Visible
100
AcDbCircle
 10
65.483797
 20
243.947691
 30
0.0
 40
0.2500000000000458
100
AcDbArc
 50
141.748785
 51
215.017135
  0
ARC
  5
726
330
70
100
AcDbEntity
  8
Visible
100
AcDbCircle
 10
59.646988
 20
239.909649
 30
0.0
 40
6.847729957664325
100
AcDbArc
 50
26.230144
 51
34.663957
  0
ARC
  5
727
330
70
100
AcDbEntity
  8
Visible
100
AcDbCircle
 10
63.394023
 20
241.686986
 30
0.0
 40
0.2499999999999042
100
AcDbArc
 50
59.482865
 51
132.751215
  0
ARC
  5
728
330
70
100
AcDbEntity
  8
Visible
100
AcDbCircle
 10
66.961666
 20
247.822622
 30
0.0
 40
6.84772995766428
100
AcDbArc
 50
239.836043
 51
248.269856
  0
ARC
  5
729
330
70
100
AcDbEntity
  8
Visible
100
AcDbCircle
 10
64.483027
 20
242.77599
 30
0.0
 40
0.2500000000000438
100
AcDbArc
 50
137.248785
 51
210.517135
  0
ARC
  5
72A
330
70
100
AcDbEntity
  8
Visible
100
AcDbCircle
 10
58.34739
 20
239.208347
 30
0.0
 40
6.847729957663822
100
AcDbArc
 50
21.730144
 51
30.163957
  0
ARC
  5
72B
330
70
100
AcDbEntity
  8
Visible
100
AcDbCircle
 10
62.222322
 20
240.686216
 30
0.0
 40
0.2500000000000229
100
AcDbArc
 50
54.982865
 51
128.251215
  0
ARC
  5
72C
330
70
100
AcDbEntity
  8
Visible
100
AcDbCircle
 10
66.260364
 20
246.523024
 30
0.0
 40
6.847729957663293
100
AcDbArc
 50
235.336043
 51
243.769856
  0
ARC
  5
72D
330
70
100
AcDbEntity
  8
Visible
100
AcDbCircle
 10
63.393411
 20
241.68642
 30
0.0
 40
0.2499999999999049
100
AcDbArc
 50
132.748785
 51
206.017135
  0
ARC
  5
72E
330
70
100
AcDbEntity
  8
Visible
100
AcDbCircle
 10
56.996775
 20
238.611172
 30
0.0
 40
6.84772995766356
100
AcDbArc
 50
17.230144
 51
25.663957
  0
ARC
  5
72F
330
70
100
AcDbEntity
  8
Visible
100
AcDbCircle
 10
60.975714
 20
239.780461
 30
0.0
 40
0.2499999999999363
100
AcDbArc
 50
50.482865
 51
123.751215
  0
ARC
  5
730
330
70
100
AcDbEntity
  8
Visible
100
AcDbCircle
 10
65.459258
 20
245.282456
 30
0.0
 40
6.847729957662921
100
AcDbArc
 50
230.836043
 51
239.269856
  0
ARC
  5
731
330
70
100
AcDbEntity
  8
Visible
100
AcDbCircle
 10
62.221668
 20
240.6857
 30
0.0
 40
0.2499999999999757
100
AcDbArc
 50
128.248785
 51
201.517135
  0
ARC
  5
732
330
70
100
AcDbEntity
  8
Visible
100
AcDbCircle
 10
55.603469
 20
238.121806
 30
0.0
 40
6.847729957663488
100
AcDbArc
 50
12.730144
 51
21.163957
  0
ARC
  5
733
330
70
100
AcDbEntity
  8
Visible
100
AcDbCircle
 10
59.661884
 20
238.975307
 30
0.0
 40
0.2499999999999372
100
AcDbArc
 50
45.982865
 51
119.251215
  0
ARC
  5
734
330
70
100
AcDbEntity
  8
Visible
100
AcDbCircle
 10
64.563288
 20
244.108566
 30
0.0
 40
6.847729957663925
100
AcDbArc
 50
226.336043
 51
234.769856
  0
ARC
  5
735
330
70
100
AcDbEntity
  8
Visible
100
AcDbCircle
 10
60.975021
 20
239.779999
 30
0.0
 40
0.249999999999993
100
AcDbArc
 50
123.748785
 51
197.017135
  0
ARC
  5
736
330
70
100
AcDbEntity
  8
Visible
100
AcDbCircle
 10
54.176063
 20
237.743266
 30
0.0
 40
6.847729957665272
100
AcDbArc
 50
8.230144
 51
16.663957
  0
ARC
  5
737
330
70
100
AcDbEntity
  8
Visible
100
AcDbCircle
 10
58.288932
 20
238.275716
 30
0.0
 40
0.250000000000004
100
AcDbArc
 50
41.482865
 51
114.751215
  0
ARC
  5
738
330
70
100
AcDbEntity
  8
Visible
100
AcDbCircle
 10
63.577978
 20
243.008591
 30
0.0
 40
6.847729957663064
100
AcDbArc
 50
221.836043
 51
230.269856
  0
ARC
  5
739
330
70
100
AcDbEntity
  8
Visible
100
AcDbCircle
 10
59.661157
 20
238.9749
 30
0.0
 40
0.2499999999999849
100
AcDbArc
 50
119.248785
 51
192.517135
  0
ARC
  5
73A
330
70
100
AcDbEntity
  8
Visible
100
AcDbCircle
 10
52.723358
 20
237.477886
 30
0.0
 40
6.847729957663843
100
AcDbArc
 50
3.730144
 51
12.163957
  0
ARC
  5
73B
330
70
100
AcDbEntity
  8
Visible
100
AcDbCircle
 10
56.865323
 20
237.686003
 30
0.0
 40
0.2500000000000329
100
AcDbArc
 50
36.982865
 51
110.251215
  0
ARC
  5
73C
330
70
100
AcDbEntity
  8
Visible
100
AcDbCircle
 10
62.509402
 20
241.989314
 30
0.0
 40
6.847729957664323
100
AcDbArc
 50
217.336043
 51
225.769856
  0
ARC
  5
73D
330
70
100
AcDbEntity
  8
Visible
100
AcDbCircle
 10
58.288176
 20
238.275368
 30
0.0
 40
0.2499999999999635
100
AcDbArc
 50
114.748785
 51
188.017135
  0
ARC
  5
73E
330
70
100
AcDbEntity
  8
Visible
100
AcDbCircle
 10
51.254309
 20
237.327302
 30
0.0
 40
6.847729957664173
100
AcDbArc
 50
359.230144
 51
7.663957
  0
ARC
  5
73F
330
70
100
AcDbEntity
  8
Visible
100
AcDbCircle
 10
55.399835
 20
237.209803
 30
0.0
 40
0.2500000000000635
100
AcDbArc
 50
32.482865
 51
105.751215
  0
ARC
  5
740
330
70
100
AcDbEntity
  8
Visible
100
AcDbCircle
 10
61.364149
 20
241.057019
 30
0.0
 40
6.847729957662832
100
AcDbArc
 50
212.836043
 51
221.269856
  0
ARC
  5
741
330
70
100
AcDbEntity
  8
Visible
100
AcDbCircle
 10
56.864542
 20
237.685715
 30
0.0
 40
0.2500000000000577
100
AcDbArc
 50
110.248785
 51
183.517135
  0
ARC
  5
742
330
70
100
AcDbEntity
  8
Visible
100
AcDbCircle
 10
49.777974
 20
237.292442
 30
0.0
 40
6.847729957664893
100
AcDbArc
 50
354.730144
 51
3.163957
  0
ARC
  5
743
330
70
100
AcDbEntity
  8
Visible
100
AcDbCircle
 10
53.901502
 20
236.850051
 30
0.0
 40
0.2500000000000009
100
AcDbArc
 50
27.982865
 51
101.251215
  0
ARC
  5
744
330
70
100
AcDbEntity
  8
Visible
100
AcDbCircle
 10
60.149279
 20
240.217453
 30
0.0
 40
6.847729957663214
100
AcDbArc
 50
208.336043
 51
216.769856
  0
ARC
  5
745
330
70
100
AcDbEntity
  8
Visible
100
AcDbCircle
 10
55.399034
 20
237.209577
 30
0.0
 40
0.2500000000000151
100
AcDbArc
 50
105.748785
 51
179.017135
  0
ARC
  5
746
330
70
100
AcDbEntity
  8
Visible
100
AcDbCircle
 10
48.303455
 20
237.373522
 30
0.0
 40
6.847729957663675
100
AcDbArc
 50
350.230144
 51
358.663957
  0
ARC
  5
747
330
70
100
AcDbEntity
  8
Visible
100
AcDbCircle
 10
52.379562
 20
236.608966
 30
0.0
 40
0.2500000000000321
100
AcDbArc
 50
23.482865
 51
96.751215
  0
ARC
  5
748
330
70
100
AcDbEntity
  8
Visible
100
AcDbCircle
 10
58.872282
 20
239.475793
 30
0.0
 40
6.847729957663877
100
AcDbArc
 50
203.836043
 51
212.269856
  0
ARC
  5
749
330
70
100
AcDbEntity
  8
Visible
100
AcDbCircle
 10
53.900685
 20
236.849889
 30
0.0
 40
0.250000000000028
100
AcDbArc
 50
101.248785
 51
174.517135
  0
ARC
  5
74A
330
70
100
AcDbEntity
  8
Visible
100
AcDbCircle
 10
46.839843
 20
237.570042
 30
0.0
 40
6.847729957664538
100
AcDbArc
 50
345.730144
 51
354.163957
  0
ARC
  5
74B
330
70
100
AcDbEntity
  8
Visible
100
AcDbCircle
 10
50.843398
 20
236.488035
 30
0.0
 40
0.2500000000000315
100
AcDbArc
 50
18.982865
 51
92.251215
  0
ARC
  5
74C
330
70
100
AcDbEntity
  8
Visible
100
AcDbCircle
 10
57.541032
 20
238.836611
 30
0.0
 40
6.847729957663702
100
AcDbArc
 50
199.336043
 51
207.769856
  0
ARC
  5
74D
330
70
100
AcDbEntity
  8
Visible
100
AcDbCircle
 10
52.378735
 20
236.608868
 30
0.0
 40
0.2499999999999885
100
AcDbArc
 50
96.748785
 51
170.017135
  0
ARC
  5
74E
330
70
100
AcDbEntity
  8
Visible
100
AcDbCircle
 10
45.396161
 20
237.880789
 30
0.0
 40
6.847729957664739
100
AcDbArc
 50
341.230144
 51
349.663957
  0
ARC
  5
74F
330
70
100
AcDbEntity
  8
Visible
100
AcDbCircle
 10
49.302482
 20
236.488002
 30
0.0
 40
0.2499999999999772
100
AcDbArc
 50
14.482865
 51
87.751215
  0
ARC
  5
750
330
70
100
AcDbEntity
  8
Visible
100
AcDbCircle
 10
56.163737
 20
238.303848
 30
0.0
 40
6.847729957663715
100
AcDbArc
 50
194.836043
 51
203.269856
  0
ARC
  5
751
330
70
100
AcDbEntity
  8
Visible
100
AcDbCircle
 10
50.842566
 20
236.488002
 30
0.0
 40
0.249999999999995
100
AcDbArc
 50
92.248785
 51
165.517135
  0
ARC
  5
752
330
70
100
AcDbEntity
  8
Visible
100
AcDbCircle
 10
43.981311
 20
238.303848
 30
0.0
 40
6.847729957664077
100
AcDbArc
 50
336.730144
 51
345.163957
  0
ARC
  5
753
330
70
100
AcDbEntity
  8
Visible
100
AcDbCircle
 10
47.766313
 20
236.608868
 30
0.0
 40
0.2500000000000405
100
AcDbArc
 50
9.982865
 51
83.251215
  0
ARC
  5
754
330
70
100
AcDbEntity
  8
Visible
100
AcDbCircle
 10
54.748886
 20
237.880789
 30
0.0
 40
6.847729957663196
100
AcDbArc
 50
190.336043
 51
198.769856
  0
ARC
  5
755
330
70
100
AcDbEntity
  8
Visible
100
AcDbCircle
 10
49.30165
 20
236.488035
 30
0.0
 40
0.2500000000000285
100
AcDbArc
 50
87.748785
 51
161.017135
  0
ARC
  5
756
330
70
100
AcDbEntity
  8
Visible
100
AcDbCircle
 10
42.604016
 20
238.836611
 30
0.0
 40
6.847729957663805
100
AcDbArc
 50
332.230144
 51
340.663957
  0
ARC
  5
757
330
70
100
AcDbEntity
  8
Visible
100
AcDbCircle
 10
46.244363
 20
236.849889
 30
0.0
 40
0.2499999999999583
100
AcDbArc
 50
5.482865
 51
78.751215
  0
ARC
  5
758
330
70
100
AcDbEntity
  8
Visible
100
AcDbCircle
 10
53.305205
 20
237.570042
 30
0.0
 40
6.84772995766271
100
AcDbArc
 50
185.836043
 51
194.269856
  0
ARC
  5
759
330
70
100
AcDbEntity
  8
Visible
100
AcDbCircle
 10
47.765486
 20
236.608966
 30
0.0
 40
0.2499999999999911
100
AcDbArc
 50
83.248785
 51
156.517135
  0
ARC
  5
75A
330
70
100
AcDbEntity
  8
Visible
100
AcDbCircle
 10
41.272766
 20
239.475793
 30
0.0
 40
6.847729957663634
100
AcDbArc
 50
327.730144
 51
336.163957
  0
ARC
  5
75B
330
70
100
AcDbEntity
  8
Visible
100
AcDbCircle
 10
44.746014
 20
237.209577
 30
0.0
 40
0.2500000000000159
100
AcDbArc
 50
0.982865
 51
74.251215
  0
ARC
  5
75C
330
70
100
AcDbEntity
  8
Visible
100
AcDbCircle
 10
51.841593
 20
237.373522
 30
0.0
 40
6.847729957663192
100
AcDbArc
 50
181.336043
 51
189.769856
  0
ARC
  5
75D
330
70
100
AcDbEntity
  8
Visible
100
AcDbCircle
 10
46.243546
 20
236.850051
 30
0.0
 40
0.2500000000000209
100
AcDbArc
 50
78.748785
 51
152.017135
  0
ARC
  5
75E
330
70
100
AcDbEntity
  8
Visible
100
AcDbCircle
 10
39.995769
 20
240.217453
 30
0.0
 40
6.847729957664357
100
AcDbArc
 50
323.230144
 51
331.663957
  0
ARC
  5
75F
330
70
100
AcDbEntity
  8
Visible
100
AcDbCircle
 10
43.280506
 20
237.685715
 30
0.0
 40
0.2499999999999928
100
AcDbArc
 50
356.482865
 51
69.751215
  0
ARC
  5
760
330
70
100
AcDbEntity
  8
Visible
100
AcDbCircle
 10
50.367074
 20
237.292442
 30
0.0
 40
6.847729957663902
100
AcDbArc
 50
176.836043
 51
185.269856
  0
ARC
  5
761
330
70
100
AcDbEntity
  8
Visible
100
AcDbCircle
 10
44.745213
 20
237.209803
 30
0.0
 40
0.2500000000000413
100
AcDbArc
 50
74.248785
 51
147.517135
  0
ARC
  5
762
330
70
100
AcDbEntity
  8
Visible
100
AcDbCircle
 10
38.780899
 20
241.057019
 30
0.0
 40
6.847729957662966
100
AcDbArc
 50
318.730144
 51
327.163957
  0
ARC
  5
763
330
70
100
AcDbEntity
  8
Visible
100
AcDbCircle
 10
41.856872
 20
238.275368
 30
0.0
 40
0.2499999999999814
100
AcDbArc
 50
351.982865
 51
65.251215
  0
ARC
  5
764
330
70
100
AcDbEntity
  8
Visible
100
AcDbCircle
 10
48.890739
 20
237.327302
 30
0.0
 40
6.847729957664309
100
AcDbArc
 50
172.336043
 51
180.769856
  0
ARC
  5
765
330
70
100
AcDbEntity
  8
Visible
100
AcDbCircle
 10
43.279725
 20
237.686003
 30
0.0
 40
0.2500000000000155
100
AcDbArc
 50
69.748785
 51
143.017135
  0
ARC
  5
766
330
70
100
AcDbEntity
  8
Visible
100
AcDbCircle
 10
37.635646
 20
241.989314
 30
0.0
 40
6.847729957663046
100
AcDbArc
 50
314.230144
 51
322.663957
  0
ARC
  5
767
330
70
100
AcDbEntity
  8
Visible
100
AcDbCircle
 10
40.483891
 20
238.9749
 30
0.0
 40
0.2500000000000658
100
AcDbArc
 50
347.482865
 51
60.751215
  0
ARC
  5
768
330
70
100
AcDbEntity
  8
Visible
100
AcDbCircle
 10
47.42169
 20
237.477886
 30
0.0
 40
6.847729957662858
100
AcDbArc
 50
167.836043
 51
176.269856
  0
ARC
  5
769
330
70
100
AcDbEntity
  8
Visible
100
AcDbCircle
 10
41.856116
 20
238.275716
 30
0.0
 40
0.2499999999999023
100
AcDbArc
 50
65.248785
 51
138.517135
  0
ARC
  5
76A
330
70
100
AcDbEntity
  8
Visible
100
AcDbCircle
 10
36.56707
 20
243.008591
 30
0.0
 40
6.847729957664836
100
AcDbArc
 50
309.730144
 51
318.163957
  0
ARC
  5
76B
330
70
100
AcDbEntity
  8
Visible
100
AcDbCircle
 10
39.170026
 20
239.779999
 30
0.0
 40
0.2500000000001361
100
AcDbArc
 50
342.982865
 51
56.251215
  0
ARC
  5
76C
330
70
100
AcDbEntity
  8
Visible
100
AcDbCircle
 10
45.968985
 20
237.743266
 30
0.0
 40
6.847729957661997
100
AcDbArc
 50
163.336043
 51
171.769856
  0
ARC
  5
76D
330
70
100
AcDbEntity
  8
Visible
100
AcDbCircle
 10
40.483164
 20
238.975307
 30
0.0
 40
0.2500000000000623
100
AcDbArc
 50
60.748785
 51
134.017135
  0
ARC
  5
76E
330
70
100
AcDbEntity
  8
Visible
100
AcDbCircle
 10
35.58176
 20
244.108566
 30
0.0
 40
6.84772995766311
100
AcDbArc
 50
305.230144
 51
313.663957
  0
ARC
  5
76F
330
70
100
AcDbEntity
  8
Visible
100
AcDbCircle
 10
37.92338
 20
240.6857
 30
0.0
 40
0.2500000000000402
100
AcDbArc
 50
338.482865
 51
51.751215
  0
ARC
  5
770
330
70
100
AcDbEntity
  8
Visible
100
AcDbCircle
 10
44.541579
 20
238.121806
 30
0.0
 40
6.847729957661545
100
AcDbArc
 50
158.836043
 51
167.269856
  0
ARC
  5
771
330
70
100
AcDbEntity
  8
Visible
100
AcDbCircle
 10
39.169334
 20
239.780461
 30
0.0
 40
0.2500000000000356
100
AcDbArc
 50
56.248785
 51
129.517135
  0
ARC
  5
772
330
70
100
AcDbEntity
  8
Visible
100
AcDbCircle
 10
34.68579
 20
245.282456
 30
0.0
 40
6.847729957663763
100
AcDbArc
 50
300.730144
 51
309.163957
  0
ARC
  5
773
330
70
100
AcDbEntity
  8
Visible
100
AcDbCircle
 10
36.751636
 20
241.68642
 30
0.0
 40
0.2500000000000266
100
AcDbArc
 50
333.982865
 51
47.251215
  0
ARC
  5
774
330
70
100
AcDbEntity
  8
Visible
100
AcDbCircle
 10
43.148273
 20
238.611172
 30
0.0
 40
6.847729957662217
100
AcDbArc
 50
154.336043
 51
162.769856
  0
ARC
  5
775
330
70
100
AcDbEntity
  8
Visible
100
AcDbCircle
 10
37.922726
 20
240.686216
 30
0.0
 40
0.2499999999999617
100
AcDbArc
 50
51.748785
 51
125.017135
  0
ARC
  5
776
330
70
100
AcDbEntity
  8
Visible
100
AcDbCircle
 10
33.884684
 20
246.523024
 30
0.0
 40
6.847729957664677
100
AcDbArc
 50
296.230144
 51
304.663957
  0
ARC
  5
777
330
70
100
AcDbEntity
  8
Visible
100
AcDbCircle
 10
35.662021
 20
242.77599
 30
0.0
 40
0.2500000000001065
100
AcDbArc
 50
329.482865
 51
42.751215
  0
ARC
  5
778
330
70
100
AcDbEntity
  8
Visible
100
AcDbCircle
 10
41.797658
 20
239.208347
 30
0.0
 40
6.847729957661302
100
AcDbArc
 50
149.836043
 51
158.269856
  0
ARC
  5
779
330
70
100
AcDbEntity
  8
Visible
100
AcDbCircle
 10
36.751025
 20
241.686986
 30
0.0
 40
0.2499999999999633
100
AcDbArc
 50
47.248785
 51
120.517135
  0
ARC
  5
77A
330
70
100
AcDbEntity
  8
Visible
100
AcDbCircle
 10
33.183382
 20
247.822622
 30
0.0
 40
6.847729957664077
100
AcDbArc
 50
291.730144
 51
300.163957
  0
ARC
  5
77B
330
70
100
AcDbEntity
  8
Visible
100
AcDbCircle
 10
34.661251
 20
243.947691
 30
0.0
 40
0.2499999999999972
100
AcDbArc
 50
324.982865
 51
38.251215
  0
ARC
  5
77C
330
70
100
AcDbEntity
  8
Visible
100
AcDbCircle
 10
40.49806
 20
239.909649
 30
0.0
 40
6.847729957663512
100
AcDbArc
 50
145.336043
 51
153.769856
  0
ARC
  5
77D
330
70
100
AcDbEntity
  8
Visible
100
AcDbCircle
 10
35.661456
 20
242.776601
 30
0.0
 40
0.2500000000001286
100
AcDbArc
 50
42.748785
 51
116.017135
  0
ARC
  5
77E
330
70
100
AcDbEntity
  8
Visible
100
AcDbCircle
 10
32.586207
 20
249.173238
 30
0.0
 40
6.847729957663603
100
AcDbArc
 50
287.230144
 51
295.663957
  0
ARC
  5
77F
330
70
100
AcDbEntity
  8
Visible
100
AcDbCircle
 10
33.755497
 20
245.194299
 30
0.0
 40
0.249999999999944
100
AcDbArc
 50
320.482865
 51
33.751215
  0
ARC
  5
780
330
70
100
AcDbEntity
  8
Visible
100
AcDbCircle
 10
39.257491
 20
240.710754
 30
0.0
 40
6.847729957664276
100
AcDbArc
 50
140.836043
 51
149.269856
  0
ARC
  5
781
330
70
100
AcDbEntity
  8
Visible
100
AcDbCircle
 10
34.660736
 20
243.948344
 30
0.0
 40
0.2500000000000127
100
AcDbArc
 50
38.248785
 51
111.517135
  0
ARC
  5
782
330
70
100
AcDbEntity
  8
Visible
100
AcDbCircle
 10
32.096841
 20
250.566543
 30
0.0
 40
6.847729957663368
100
AcDbArc
 50
282.730144
 51
291.163957
  0
ARC
  5
783
330
70
100
AcDbEntity
  8
Visible
100
AcDbCircle
 10
32.950342
 20
246.508129
 30
0.0
 40
0.2500000000001293
100
AcDbArc
 50
315.982865
 51
29.251215
  0
ARC
  5
784
330
70
100
AcDbEntity
  8
Visible
100
AcDbCircle
 10
38.083601
 20
241.606724
 30
0.0
 40
6.847729957663038
100
AcDbArc
 50
136.336043
 51
144.769856
  0
ARC
  5
785
330
70
100
AcDbEntity
  8
Visible
100
AcDbCircle
 10
33.755034
 20
245.194991
 30
0.0
 40
0.2499999999999507
100
AcDbArc
 50
33.748785
 51
107.017135
  0
ARC
  5
786
330
70
100
AcDbEntity
  8
Visible
100
AcDbCircle
 10
31.718301
 20
251.993949
 30
0.0
 40
6.84772995766337
100
AcDbArc
 50
278.230144
 51
286.663957
  0
ARC
  5
787
330
70
100
AcDbEntity
  8
Visible
100
AcDbCircle
 10
32.250752
 20
247.881081
 30
0.0
 40
0.2500000000000118
100
AcDbArc
 50
311.482865
 51
24.751215
  0
ARC
  5
788
330
70
100
AcDbEntity
  8
Visible
100
AcDbCircle
 10
36.983627
 20
242.592035
 30
0.0
 40
6.847729957663014
100
AcDbArc
 50
131.836043
 51
140.269856
  0
ARC
  5
789
330
70
100
AcDbEntity
  8
Visible
100
AcDbCircle
 10
32.949935
 20
246.508855
 30
0.0
 40
0.2500000000000658
100
AcDbArc
 50
29.248785
 51
102.517135
  0
ARC
  5
78A
330
70
100
AcDbEntity
  8
Visible
100
AcDbCircle
 10
31.452921
 20
253.446655
 30
0.0
 40
6.847729957663252
100
AcDbArc
 50
273.730144
 51
282.163957
  0
ARC
  5
78B
330
70
100
AcDbEntity
  8
Visible
100
AcDbCircle
 10
31.661038
 20
249.304689
 30
0.0
 40
0.2500000000000227
100
AcDbArc
 50
306.982865
 51
20.251215
  0
ARC
  5
78C
330
70
100
AcDbEntity
  8
Visible
100
AcDbCircle
 10
35.96435
 20
243.66061
 30
0.0
 40
6.847729957662985
100
AcDbArc
 50
127.336043
 51
135.769856
  0
ARC
  5
78D
330
70
100
AcDbEntity
  8
Visible
100
AcDbCircle
 10
32.250403
 20
247.881837
 30
0.0
 40
0.2499999999999941
100
AcDbArc
 50
24.748785
 51
98.017135
  0
ARC
  5
78E
330
70
100
AcDbEntity
  8
Visible
100
AcDbCircle
 10
31.302337
 20
254.915704
 30
0.0
 40
6.847729957663904
100
AcDbArc
 50
269.230144
 51
277.663957
  0
ARC
  5
78F
330
70
100
AcDbEntity
  8
Visible
100
AcDbCircle
 10
31.184838
 20
250.770178
 30
0.0
 40
0.2500000000000391
100
AcDbArc
 50
302.482865
 51
15.751215
  0
ARC
  5
790
330
70
100
AcDbEntity
  8
Visible
100
AcDbCircle
 10
35.032054
 20
244.805864
 30
0.0
 40
6.847729957662919
100
AcDbArc
 50
122.836043
 51
131.269856
  0
ARC
  5
791
330
70
100
AcDbEntity
  8
Visible
100
AcDbCircle
 10
31.66075
 20
249.30547
 30
0.0
 40
0.2500000000000281
100
AcDbArc
 50
20.248785
 51
93.517135
  0
ARC
  5
792
330
70
100
AcDbEntity
  8
Visible
100
AcDbCircle
 10
31.267478
 20
256.392039
 30
0.0
 40
6.847729957663256
100
AcDbArc
 50
264.730144
 51
273.163957
  0
ARC
  5
793
330
70
100
AcDbEntity
  8
Visible
100
AcDbCircle
 10
30.825086
 20
252.268511
 30
0.0
 40
0.2500000000000378
100
AcDbArc
 50
297.982865
 51
11.251215
  0
ARC
  5
794
330
70
100
AcDbEntity
  8
Visible
100
AcDbCircle
 10
34.192488
 20
246.020734
 30
0.0
 40
6.847729957663117
100
AcDbArc
 50
118.336043
 51
126.769856
  0
ARC
  5
795
330
70
100
AcDbEntity
  8
Visible
100
AcDbCircle
 10
31.184612
 20
250.770979
 30
0.0
 40
0.2500000000000134
100
AcDbArc
 50
15.748785
 51
89.017135
  0
ARC
  5
796
330
70
100
AcDbEntity
  8
Visible
100
AcDbCircle
 10
31.348558
 20
257.866558
 30
0.0
 40
6.847729957663496
100
AcDbArc
 50
260.230144
 51
268.663957
  0
ARC
  5
797
330
70
100
AcDbEntity
  8
Visible
100
AcDbCircle
 10
30.584002
 20
253.790451
 30
0.0
 40
0.2499999999999926
100
AcDbArc
 50
293.482865
 51
6.751215
  0
ARC
  5
798
330
70
100
AcDbEntity
  8
Visible
100
AcDbCircle
 10
33.450828
 20
247.29773
 30
0.0
 40
6.847729957662959
100
AcDbArc
 50
113.836043
 51
122.269856
  0
ARC
  5
799
330
70
100
AcDbEntity
  8
Visible
100
AcDbCircle
 10
30.824924
 20
252.269327
 30
0.0
 40
0.2500000000000334
100
AcDbArc
 50
11.248785
 51
84.517135
  0
ARC
  5
79A
330
70
100
AcDbEntity
  8
Visible
100
AcDbCircle
 10
31.545077
 20
259.33017
 30
0.0
 40
6.847729957663553
100
AcDbArc
 50
255.730144
 51
264.163957
  0
ARC
  5
79B
330
70
100
AcDbEntity
  8
Visible
100
AcDbCircle
 10
30.46307
 20
255.326614
 30
0.0
 40
0.2500000000000317
100
AcDbArc
 50
288.982865
 51
2.251215
  0
ARC
  5
79C
330
70
100
AcDbEntity
  8
Visible
100
AcDbCircle
 10
32.811646
 20
248.62898
 30
0.0
 40
6.847729957663812
100
AcDbArc
 50
109.336043
 51
117.769856
  0
ARC
  5
79D
330
70
100
AcDbEntity
  8
Visible
100
AcDbCircle
 10
30.583904
 20
253.791278
 30
0.0
 40
0.2499999999999827
100
AcDbArc
 50
6.748785
 51
80.017135
  0
ARC
  5
79E
330
70
100
AcDbEntity
  8
Visible
100
AcDbCircle
 10
31.855824
 20
260.773851
 30
0.0
 40
6.847729957663491
100
AcDbArc
 50
251.230144
 51
259.663957
  0
ARC
  5
79F
330
70
100
AcDbEntity
  8
Visible
100
AcDbCircle
 10
30.463037
 20
256.867531
 30
0.0
 40
0.2499999999999855
100
AcDbArc
 50
284.482865
 51
357.751215
  0
ARC
  5
7A0
330
70
100
AcDbEntity
  8
Visible
100
AcDbCircle
 10
32.278883
 20
250.006276
 30
0.0
 40
6.847729957664227
100
AcDbArc
 50
104.836043
 51
113.269856
  0
ARC
  5
7A1
330
70
100
AcDbEntity
  8
Visible
100
AcDbCircle
 10
30.463037
 20
255.327446
 30
0.0
 40
0.249999999999969
100
AcDbArc
 50
2.248785
 51
75.517135
  0
ARC
  5
7A2
330
70
100
AcDbEntity
  8
Visible
100
AcDbCircle
 10
32.278883
 20
262.188701
 30
0.0
 40
6.847729957663384
100
AcDbArc
 50
246.730144
 51
255.163957
  0
ARC
  5
7A3
330
70
100
AcDbEntity
  8
Visible
100
AcDbCircle
 10
30.583904
 20
258.4037
 30
0.0
 40
0.249999999999961
100
AcDbArc
 50
279.982865
 51
353.251215
  0
ARC
  5
7A4
330
70
100
AcDbEntity
  8
Visible
100
AcDbCircle
 10
31.855824
 20
251.421126
 30
0.0
 40
6.847729957663289
100
AcDbArc
 50
100.336043
 51
108.769856
  0
ARC
  5
7A5
330
70
100
AcDbEntity
  8
Visible
100
AcDbCircle
 10
30.46307
 20
256.868363
 30
0.0
 40
0.2500000000000198
100
AcDbArc
 50
357.748785
 51
71.017135
  0
ARC
  5
7A6
330
70
100
AcDbEntity
  8
Visible
100
AcDbCircle
 10
32.811646
 20
263.565997
 30
0.0
 40
6.847729957664008
100
AcDbArc
 50
242.230144
 51
250.663957
  0
ARC
  5
7A7
330
70
100
AcDbEntity
  8
Visible
100
AcDbCircle
 10
30.824924
 20
259.92565
 30
0.0
 40
0.2500000000000128
100
AcDbArc
 50
275.482865
 51
348.751215
  0
ARC
  5
7A8
330
70
100
AcDbEntity
  8
Visible
100
AcDbCircle
 10
31.545077
 20
252.864808
 30
0.0
 40
6.847729957663116
100
AcDbArc
 50
95.836043
 51
104.269856
  0
ARC
  5
7A9
330
70
100
AcDbEntity
  8
Visible
100
AcDbCircle
 10
30.584002
 20
258.404526
 30
0.0
 40
0.2499999999999492
100
AcDbArc
 50
353.248785
 51
66.517135
  0
ARC
  5
7AA
330
70
100
AcDbEntity
  8
Visible
100
AcDbCircle
 10
33.450828
 20
264.897247
 30
0.0
 40
6.847729957664116
100
AcDbArc
 50
237.730144
 51
246.163957
  0
ARC
  5
7AB
330
70
100
AcDbEntity
  8
Visible
100
AcDbCircle
 10
31.184612
 20
261.423998
 30
0.0
 40
0.2499999999998765
100
AcDbArc
 50
270.982865
 51
344.251215
  0
ARC
  5
7AC
330
70
100
AcDbEntity
  8
Visible
100
AcDbCircle
 10
31.348558
 20
254.32842
 30
0.0
 40
6.84772995766351
100
AcDbArc
 50
91.336043
 51
99.769856
  0
ARC
  5
7AD
330
70
100
AcDbEntity
  8
Visible
100
AcDbCircle
 10
30.825086
 20
259.926466
 30
0.0
 40
0.2499999999999452
100
AcDbArc
 50
348.748785
 51
62.017135
  0
ARC
  5
7AE
330
70
100
AcDbEntity
  8
Visible
100
AcDbCircle
 10
34.192488
 20
266.174243
 30
0.0
 40
6.84772995766347
100
AcDbArc
 50
233.230144
 51
241.663957
  0
ARC
  5
7AF
330
70
100
AcDbEntity
  8
Visible
100
AcDbCircle
 10
31.66075
 20
262.889507
 30
0.0
 40
0.2499999999999976
100
AcDbArc
 50
266.482865
 51
339.751215
  0
ARC
  5
7B0
330
70
100
AcDbEntity
  8
Visible
100
AcDbCircle
 10
31.267478
 20
255.802939
 30
0.0
 40
6.847729957663564
100
AcDbArc
 50
86.836043
 51
95.269856
  0
ARC
  5
7B1
330
70
100
AcDbEntity
  8
Visible
100
AcDbCircle
 10
31.184838
 20
261.424799
 30
0.0
 40
0.2499999999999666
100
AcDbArc
 50
344.248785
 51
57.517135
  0
ARC
  5
7B2
330
70
100
AcDbEntity
  8
Visible
100
AcDbCircle
 10
35.032054
 20
267.389113
 30
0.0
 40
6.847729957664159
100
AcDbArc
 50
228.730144
 51
237.163957
  0
ARC
  5
7B3
330
70
100
AcDbEntity
  8
Visible
100
AcDbCircle
 10
32.250403
 20
264.31314
 30
0.0
 40
0.2500000000000277
100
AcDbArc
 50
261.982865
 51
335.251215
  0
ARC
  5
7B4
330
70
100
AcDbEntity
  8
Visible
100
AcDbCircle
 10
31.302337
 20
257.279273
 30
0.0
 40
6.847729957663133
100
AcDbArc
 50
82.336043
 51
90.769856
  0
ARC
  5
7B5
330
70
100
AcDbEntity
  8
Visible
100
AcDbCircle
 10
31.661038
 20
262.890288
 30
0.0
 40
0.2500000000000195
100
AcDbArc
 50
339.748785
 51
53.017135
  0
ARC
  5
7B6
330
70
100
AcDbEntity
  8
Visible
100
AcDbCircle
 10
35.96435
 20
268.534367
 30
0.0
 40
6.847729957663247
100
AcDbArc
 50
224.230144
 51
232.663957
  0
ARC
  5
7B7
330
70
100
AcDbEntity
  8
Visible
100
AcDbCircle
 10
32.949935
 20
265.686122
 30
0.0
 40
0.249999999999977
100
AcDbArc
 50
257.482865
 51
330.751215
  0
ARC
  5
7B8
330
70
100
AcDbEntity
  8
Visible
100
AcDbCircle
 10
31.452921
 20
258.748322
 30
0.0
 40
6.847729957662701
100
AcDbArc
 50
77.836043
 51
86.269856
  0
ARC
  5
7B9
330
70
100
AcDbEntity
  8
Visible
100
AcDbCircle
 10
32.250752
 20
264.313896
 30
0.0
 40
0.2499999999999881
100
AcDbArc
 50
335.248785
 51
48.517135
  0
ARC
  5
7BA
330
70
100
AcDbEntity
  8
Visible
100
AcDbCircle
 10
36.983627
 20
269.602943
 30
0.0
 40
6.84772995766431
100
AcDbArc
 50
219.730144
 51
228.163957
  0
ARC
  5
7BB
330
70
100
AcDbEntity
  8
Visible
100
AcDbCircle
 10
33.755034
 20
266.999986
 30
0.0
 40
0.2500000000000199
100
AcDbArc
 50
252.982865
 51
326.251215
  0
ARC
  5
7BC
330
70
100
AcDbEntity
  8
Visible
100
AcDbCircle
 10
31.718301
 20
260.201028
 30
0.0
 40
6.847729957662903
100
AcDbArc
 50
73.336043
 51
81.769856
  0
ARC
  5
7BD
330
70
100
AcDbEntity
  8
Visible
100
AcDbCircle
 10
32.950342
 20
265.686848
 30
0.0
 40
0.2499999999999681
100
AcDbArc
 50
330.748785
 51
44.017135
  0
ARC
  5
7BE
330
70
100
AcDbEntity
  8
Visible
100
AcDbCircle
 10
38.083601
 20
270.588253
 30
0.0
 40
6.847729957663094
100
AcDbArc
 50
215.230144
 51
223.663957
  0
ARC
  5
7BF
330
70
100
AcDbEntity
  8
Visible
100
AcDbCircle
 10
34.660736
 20
268.246633
 30
0.0
 40
0.2499999999999895
100
AcDbArc
 50
248.482865
 51
321.751215
  0
ARC
  5
7C0
330
70
100
AcDbEntity
  8
Visible
100
AcDbCircle
 10
32.096841
 20
261.628434
 30
0.0
 40
6.847729957663224
100
AcDbArc
 50
68.836043
 51
77.269856
  0
ARC
  5
7C1
330
70
100
AcDbEntity
  8
Visible
100
AcDbCircle
 10
33.755497
 20
267.000678
 30
0.0
 40
0.2500000000000238
100
AcDbArc
 50
326.248785
 51
39.517135
  0
ARC
  5
7C2
330
70
100
AcDbEntity
  8
Visible
100
AcDbCircle
 10
39.257491
 20
271.484223
 30
0.0
 40
6.847729957663962
100
AcDbArc
 50
210.730144
 51
219.163957
  0
ARC
  5
7C3
330
70
100
AcDbEntity
  8
Visible
100
AcDbCircle
 10
35.661456
 20
269.418376
 30
0.0
 40
0.2500000000001523
100
AcDbArc
 50
243.982865
 51
317.251215
  0
ARC
  5
7C4
330
70
100
AcDbEntity
  8
Visible
100
AcDbCircle
 10
32.586207
 20
263.021739
 30
0.0
 40
6.847729957663758
100
AcDbArc
 50
64.336043
 51
72.769856
  0
ARC
  5
7C5
330
70
100
AcDbEntity
  8
Visible
100
AcDbCircle
 10
34.661251
 20
268.247287
 30
0.0
 40
0.2499999999999892
100
AcDbArc
 50
321.748785
 51
35.017135
  0
ARC
  5
7C6
330
70
100
AcDbEntity
  8
Visible
100
AcDbCircle
 10
40.49806
 20
272.285328
 30
0.0
 40
6.847729957663545
100
AcDbArc
 50
206.230144
 51
214.663957
  0
ARC
  5
7C7
330
70
100
AcDbEntity
  8
Visible
100
AcDbCircle
 10
36.751025
 20
270.507992
 30
0.0
 40
0.2499999999999457
100
AcDbArc
 50
239.482865
 51
312.751215
  0
ARC
  5
7C8
330
70
100
AcDbEntity
  8
Visible
100
AcDbCircle
 10
33.183382
 20
264.372355
 30
0.0
 40
6.847729957665123
100
AcDbArc
 50
59.836043
 51
68.269856
  0
ARC
  5
7C9
330
70
100
AcDbEntity
  8
Visible
100
AcDbCircle
 10
35.662021
 20
269.418987
 30
0.0
 40
0.2499999999999872
100
AcDbArc
 50
317.248785
 51
30.517135
  0
ARC
  5
7CA
330
70
100
AcDbEntity
  8
Visible
100
AcDbCircle
 10
41.797658
 20
272.98663
 30
0.0
 40
6.847729957664314
100
AcDbArc
 50
201.730144
 51
210.163957
  0
ARC
  5
7CB
330
70
100
AcDbEntity
  8
Visible
100
AcDbCircle
 10
37.922726
 20
271.508762
 30
0.0
 40
0.2500000000000534
100
AcDbArc
 50
234.982865
 51
308.251215
  0
ARC
  5
7CC
330
70
100
AcDbEntity
  8
Visible
100
AcDbCircle
 10
33.884684
 20
265.671953
 30
0.0
 40
6.847729957663867
100
AcDbArc
 50
55.336043
 51
63.769856
  0
ARC
  5
7CD
330
70
100
AcDbEntity
  8
Visible
100
AcDbCircle
 10
36.751636
 20
270.508557
 30
0.0
 40
0.2500000000000244
100
AcDbArc
 50
312.748785
 51
26.017135
  0
ARC
  5
7CE
330
70
100
AcDbEntity
  8
Visible
100
AcDbCircle
 10
43.148273
 20
273.583805
 30
0.0
 40
6.847729957664671
100
AcDbArc
 50
197.230144
 51
205.663957
  0
ARC
  5
7CF
330
70
100
AcDbEntity
  8
Visible
100
AcDbCircle
 10
39.169334
 20
272.414516
 30
0.0
 40
0.2499999999999865
100
AcDbArc
 50
230.482865
 51
303.751215
  0
ARC
  5
7D0
330
70
100
AcDbEntity
  8
Visible
100
AcDbCircle
 10
34.68579
 20
266.912521
 30
0.0
 40
6.84772995766353
100
AcDbArc
 50
50.836043
 51
59.269856
  0
ARC
  5
7D1
330
70
100
AcDbEntity
  8
Visible
100
AcDbCircle
 10
37.92338
 20
271.509277
 30
0.0
 40
0.2500000000000618
100
AcDbArc
 50
308.248785
 51
21.517135
  0
ARC
  5
7D2
330
70
100
AcDbEntity
  8
Visible
100
AcDbCircle
 10
44.541579
 20
274.073171
 30
0.0
 40
6.847729957662546
100
AcDbArc
 50
192.730144
 51
201.163957
  0
ARC
  5
7D3
330
70
100
AcDbEntity
  8
Visible
100
AcDbCircle
 10
40.483164
 20
273.21967
 30
0.0
 40
0.2500000000000305
100
AcDbArc
 50
225.982865
 51
299.251215
  0
ARC
  5
7D4
330
70
100
AcDbEntity
  8
Visible
100
AcDbCircle
 10
35.58176
 20
268.086411
 30
0.0
 40
6.847729957664363
100
AcDbArc
 50
46.336043
 51
54.769856
  0
ARC
  5
7D5
330
70
100
AcDbEntity
  8
Visible
100
AcDbCircle
 10
39.170026
 20
272.414978
 30
0.0
 40
0.2500000000000013
100
AcDbArc
 50
303.748785
 51
17.017135
  0
ARC
  5
7D6
330
70
100
AcDbEntity
  8
Visible
100
AcDbCircle
 10
45.968985
 20
274.451711
 30
0.0
 40
6.847729957664683
100
AcDbArc
 50
188.230144
 51
196.663957
  0
ARC
  5
7D7
330
70
100
AcDbEntity
  8
Visible
100
AcDbCircle
 10
41.856116
 20
273.919261
 30
0.0
 40
0.2500000000000675
100
AcDbArc
 50
221.482865
 51
294.751215
  0
ARC
  5
7D8
330
70
100
AcDbEntity
  8
Visible
100
AcDbCircle
 10
36.56707
 20
269.186386
 30
0.0
 40
6.847729957661983
100
AcDbArc
 50
41.836043
 51
50.269856
  0
ARC
  5
7D9
330
70
100
AcDbEntity
  8
Visible
100
AcDbCircle
 10
40.483891
 20
273.220077
 30
0.0
 40
0.2500000000000826
100
AcDbArc
 50
299.248785
 51
12.517135
  0
ARC
  5
7DA
330
70
100
AcDbEntity
  8
Visible
100
AcDbCircle
 10
47.42169
 20
274.717091
 30
0.0
 40
6.847729957662758
100
AcDbArc
 50
183.730144
 51
192.163957
  0
ARC
  5
7DB
330
70
100
AcDbEntity
  8
Visible
100
AcDbCircle
 10
43.279725
 20
274.508974
 30
0.0
 40
0.2499999999999061
100
AcDbArc
 50
216.982865
 51
290.251215
  0
ARC
  5
7DC
330
70
100
AcDbEntity
  8
Visible
100
AcDbCircle
 10
37.635646
 20
270.205663
 30
0.0
 40
6.847729957664809
100
AcDbArc
 50
37.336043
 51
45.769856
  0
ARC
  5
7DD
330
70
100
AcDbEntity
  8
Visible
100
AcDbCircle
 10
41.856872
 20
273.919609
 30
0.0
 40
0.2500000000000238
100
AcDbArc
 50
294.748785
 51
8.017135
  0
ARC
  5
7DE
330
70
100
AcDbEntity
  8
Visible
100
AcDbCircle
 10
48.890739
 20
274.867675
 30
0.0
 40
6.847729957662897
100
AcDbArc
 50
179.230144
 51
187.663957
  0
ARC
  5
7DF
330
70
100
AcDbEntity
  8
Visible
100
AcDbCircle
 10
44.745213
 20
274.985175
 30
0.0
 40
0.250000000000014
100
AcDbArc
 50
212.482865
 51
285.751215
  0
ARC
  5
7E0
330
70
100
AcDbEntity
  8
Visible
100
AcDbCircle
 10
38.780899
 20
271.137958
 30
0.0
 40
6.847729957661747
100
AcDbArc
 50
32.836043
 51
41.269856
  0
ARC
  5
7E1
330
70
100
AcDbEntity
  8
Visible
100
AcDbCircle
 10
43.280506
 20
274.509262
 30
0.0
 40
0.250000000000033
100
AcDbArc
 50
290.248785
 51
3.517135
  0
ARC
  5
7E2
330
70
100
AcDbEntity
  8
Visible
100
AcDbCircle
 10
50.367074
 20
274.902535
 30
0.0
 40
6.847729957662417
100
AcDbArc
 50
174.730144
 51
183.163957
  0
ARC
  5
7E3
330
70
100
AcDbEntity
  8
Visible
100
AcDbCircle
 10
46.243546
 20
275.344926
 30
0.0
 40
0.2500000000000022
100
AcDbArc
 50
207.982865
 51
281.251215
  0
ARC
  5
7E4
330
70
100
AcDbEntity
  8
Visible
100
AcDbCircle
 10
39.995769
 20
271.977524
 30
0.0
 40
6.847729957664003
100
AcDbArc
 50
28.336043
 51
36.769856
  0
ARC
  5
7E5
330
70
100
AcDbEntity
  8
Visible
100
AcDbCircle
 10
44.746014
 20
274.985401
 30
0.0
 40
0.2500000000000428
100
AcDbArc
 50
285.748785
 51
359.017135
  0
ARC
  5
7E6
330
70
100
AcDbEntity
  8
Visible
100
AcDbCircle
 10
51.841593
 20
274.821455
 30
0.0
 40
6.847729957664348
100
AcDbArc
 50
170.230144
 51
178.663957
  0
ARC
  5
7E7
330
70
100
AcDbEntity
  8
Visible
100
AcDbCircle
 10
47.765486
 20
275.586011
 30
0.0
 40
0.2500000000000036
100
AcDbArc
 50
203.482865
 51
276.751215
  0
ARC
  5
7E8
330
70
100
AcDbEntity
  8
Visible
100
AcDbCircle
 10
41.272766
 20
272.719184
 30
0.0
 40
6.847729957664859
100
AcDbArc
 50
23.836043
 51
32.269856
  0
ARC
  5
7E9
330
70
100
AcDbEntity
  8
Visible
100
AcDbCircle
 10
46.244363
 20
275.345089
 30
0.0
 40
0.2499999999999938
100
AcDbArc
 50
281.248785
 51
354.517135
  0
ARC
  5
7EA
330
70
100
AcDbEntity
  8
Visible
100
AcDbCircle
 10
53.305205
 20
274.624936
 30
0.0
 40
6.847729957663937
100
AcDbArc
 50
165.730144
 51
174.163957
  0
ARC
  5
7EB
330
70
100
AcDbEntity
  8
Visible
100
AcDbCircle
 10
49.30165
 20
275.706942
 30
0.0
 40
0.249999999999973
100
AcDbArc
 50
198.982865
 51
272.251215
  0
ARC
  5
7EC
330
70
100
AcDbEntity
  8
Visible
100
AcDbCircle
 10
42.604016
 20
273.358366
 30
0.0
 40
6.847729957664409
100
AcDbArc
 50
19.336043
 51
27.769856
  0
ARC
  5
7ED
330
70
100
AcDbEntity
  8
Visible
100
AcDbCircle
 10
47.766313
 20
275.586109
 30
0.0
 40
0.249999999999957
100
AcDbArc
 50
276.748785
 51
350.017135
  0
ARC
  5
7EE
330
70
100
AcDbEntity
  8
Visible
100
AcDbCircle
 10
54.748886
 20
274.314188
 30
0.0
 40
6.847729957663599
100
AcDbArc
 50
161.230144
 51
169.663957
  0
ARC
  5
7EF
330
70
100
AcDbEntity
  8
Visible
100
AcDbCircle
 10
50.842566
 20
275.706975
 30
0.0
 40
0.2499999999999656
100
AcDbArc
 50
194.482865
 51
267.751215
  0
ARC
  5
7F0
330
70
100
AcDbEntity
  8
Visible
100
AcDbCircle
 10
43.981311
 20
273.891129
 30
0.0
 40
6.847729957664723
100
AcDbArc
 50
14.836043
 51
23.269856
  0
ARC
  5
7F1
330
70
100
AcDbEntity
  8
Visible
100
AcDbCircle
 10
49.302482
 20
275.706975
 30
0.0
 40
0.2500000000000024
100
AcDbArc
 50
272.248785
 51
345.517135
  0
ARC
  5
7F2
330
70
100
AcDbEntity
  8
Visible
100
AcDbCircle
 10
56.163737
 20
273.891129
 30
0.0
 40
6.847729957663569
100
AcDbArc
 50
156.730144
 51
165.163957
  0
ARC
  5
7F3
330
70
100
AcDbEntity
  8
Visible
100
AcDbCircle
 10
52.378735
 20
275.586109
 30
0.0
 40
0.2499999999999582
100
AcDbArc
 50
189.982865
 51
263.251215
  0
ARC
  5
7F4
330
70
100
AcDbEntity
  8
Visible
100
AcDbCircle
 10
45.396161
 20
274.314188
 30
0.0
 40
6.847729957664022
100
AcDbArc
 50
10.336043
 51
18.769856
  0
ARC
  5
7F5
330
70
100
AcDbEntity
  8
Visible
100
AcDbCircle
 10
50.843398
 20
275.706942
 30
0.0
 40
0.2499999999999805
100
AcDbArc
 50
267.748785
 51
341.017135
  0
ARC
  5
7F6
330
70
100
AcDbEntity
  8
Visible
100
AcDbCircle
 10
57.541032
 20
273.358366
 30
0.0
 40
6.847729957662608
100
AcDbArc
 50
152.230144
 51
160.663957
  0
ARC
  5
7F7
330
70
100
AcDbEntity
  8
Visible
100
AcDbCircle
 10
53.900685
 20
275.345089
 30
0.0
 40
0.2499999999999682
100
AcDbArc
 50
185.482865
 51
258.751215
  0
ARC
  5
7F8
330
70
100
AcDbEntity
  8
Visible
100
AcDbCircle
 10
46.839843
 20
274.624936
 30
0.0
 40
6.847729957664959
100
AcDbArc
 50
5.836043
 51
14.269856
  0
ARC
  5
7F9
330
70
100
AcDbEntity
  8
Visible
100
AcDbCircle
 10
52.379562
 20
275.586011
 30
0.0
 40
0.2500000000000378
100
AcDbArc
 50
263.248785
 51
336.517135
  0
ARC
  5
7FA
330
70
100
AcDbEntity
  8
Visible
100
AcDbCircle
 10
58.872282
 20
272.719184
 30
0.0
 40
6.847729957663791
100
AcDbArc
 50
147.730144
 51
156.163957
  0
ARC
  5
7FB
330
70
100
AcDbEntity
  8
Visible
100
AcDbCircle
 10
55.399034
 20
274.985401
 30
0.0
 40
0.2499999999999718
100
AcDbArc
 50
180.982865
 51
254.251215
  0
ARC
  5
7FC
330
70
100
AcDbEntity
  8
Visible
100
AcDbCircle
 10
48.303455
 20
274.821455
 30
0.0
 40
6.847729957663864
100
AcDbArc
 50
1.336043
 51
9.769856
  0
ARC
  5
7FD
330
70
100
AcDbEntity
  8
Visible
100
AcDbCircle
 10
53.901502
 20
275.344926
 30
0.0
 40
0.2499999999999855
100
AcDbArc
 50
258.748785
 51
332.017135
  0
ARC
  5
7FE
330
70
100
AcDbEntity
  8
Visible
100
AcDbCircle
 10
60.149279
 20
271.977524
 30
0.0
 40
6.847729957663614
100
AcDbArc
 50
143.230144
 51
151.663957
  0
ARC
  5
7FF
330
70
100
AcDbEntity
  8
Visible
100
AcDbCircle
 10
56.864542
 20
274.509262
 30
0.0
 40
0.2500000000000329
100
AcDbArc
 50
176.482865
 51
249.751215
  0
ARC
  5
800
330
70
100
AcDbEntity
  8
Visible
100
AcDbCircle
 10
49.777974
 20
274.902535
 30
0.0
 40
6.847729957664104
100
AcDbArc
 50
356.836043
 51
5.269856
  0
ARC
  5
801
330
70
100
AcDbEntity
  8
Visible
100
AcDbCircle
 10
55.399835
 20
274.985175
 30
0.0
 40
0.2499999999999929
100
AcDbArc
 50
254.248785
 51
327.517135
  0
ARC
  5
802
330
70
100
AcDbEntity
  8
Visible
100
AcDbCircle
 10
61.364149
 20
271.137958
 30
0.0
 40
6.847729957662958
100
AcDbArc
 50
138.730144
 51
147.163957
  0
ARC
  5
803
330
70
100
AcDbEntity
  8
Visible
100
AcDbCircle
 10
58.288176
 20
273.919609
 30
0.0
 40
0.2500000000000083
100
AcDbArc
 50
171.982865
 51
245.251215
  0
ARC
  5
804
330
70
100
AcDbEntity
  8
Visible
100
AcDbCircle
 10
51.254309
 20
274.867675
 30
0.0
 40
6.847729957663678
100
AcDbArc
 50
352.336043
 51
0.769856
  0
ARC
  5
805
330
70
100
AcDbEntity
  8
Visible
100
AcDbCircle
 10
56.865323
 20
274.508974
 30
0.0
 40
0.2500000000000361
100
AcDbArc
 50
249.748785
 51
323.017135
  0
ARC
  5
806
330
70
100
AcDbEntity
  8
Visible
100
AcDbCircle
 10
62.509402
 20
270.205663
 30
0.0
 40
6.847729957663479
100
AcDbArc
 50
134.230144
 51
142.663957
  0
ARC
  5
807
330
70
100
AcDbEntity
  8
Visible
100
AcDbCircle
 10
59.661157
 20
273.220077
 30
0.0
 40
0.2500000000000861
100
AcDbArc
 50
167.482865
 51
240.751215
  0
ARC
  5
808
330
70
100
AcDbEntity
  8
Visible
100
AcDbCircle
 10
52.723358
 20
274.717091
 30
0.0
 40
6.847729957663194
100
AcDbArc
 50
347.836043
 51
356.269856
  0
ARC
  5
809
330
70
100
AcDbEntity
  8
Visible
100
AcDbCircle
 10
58.288932
 20
273.919261
 30
0.0
 40
0.2499999999999875
100
AcDbArc
 50
245.248785
 51
318.517135
  0
ARC
  5
80A
330
70
100
AcDbEntity
  8
Visible
100
AcDbCircle
 10
63.577978
 20
269.186386
 30
0.0
 40
6.847729957662989
100
AcDbArc
 50
129.730144
 51
138.163957
  0
ARC
  5
80B
330
70
100
AcDbEntity
  8
Visible
100
AcDbCircle
 10
60.975021
 20
272.414978
 30
0.0
 40
0.2499999999998468
100
AcDbArc
 50
162.982865
 51
236.251215
  0
ARC
  5
80C
330
70
100
AcDbEntity
  8
Visible
100
AcDbCircle
 10
54.176063
 20
274.451711
 30
0.0
 40
6.847729957663691
100
AcDbArc
 50
343.336043
 51
351.769856
  0
ARC
  5
80D
330
70
100
AcDbEntity
  8
Visible
100
AcDbCircle
 10
59.661884
 20
273.21967
 30
0.0
 40
0.2499999999998828
100
AcDbArc
 50
240.748785
 51
314.017135
  0
ARC
  5
80E
330
70
100
AcDbEntity
  8
Visible
100
AcDbCircle
 10
64.563288
 20
268.086411
 30
0.0
 40
6.847729957664204
100
AcDbArc
 50
125.230144
 51
133.663957
  0
ARC
  5
80F
330
70
100
AcDbEntity
  8
Visible
100
AcDbCircle
 10
62.221668
 20
271.509277
 30
0.0
 40
0.2500000000000204
100
AcDbArc
 50
158.482865
 51
231.751215
  0
ARC
  5
810
330
70
100
AcDbEntity
  8
Visible
100
AcDbCircle
 10
55.603469
 20
274.073171
 30
0.0
 40
6.847729957664442
100
AcDbArc
 50
338.836043
 51
347.269856
  0
ARC
  5
811
330
70
100
AcDbEntity
  8
Visible
100
AcDbCircle
 10
60.975714
 20
272.414516
 30
0.0
 40
0.2499999999999749
100
AcDbArc
 50
236.248785
 51
309.517135
  0
ARC
  5
812
330
70
100
AcDbEntity
  8
Visible
100
AcDbCircle
 10
65.459258
 20
266.912521
 30
0.0
 40
6.847729957664352
100
AcDbArc
 50
120.730144
 51
129.163957
  0
ARC
  5
813
330
70
100
AcDbEntity
  8
Visible
100
AcDbCircle
 10
63.393411
 20
270.508557
 30
0.0
 40
0.2499999999999693
100
AcDbArc
 50
153.982865
 51
227.251215
  0
ARC
  5
814
330
70
100
AcDbEntity
  8
Visible
100
AcDbCircle
 10
56.996775
 20
273.583805
 30
0.0
 40
6.8477299576635
100
AcDbArc
 50
334.336043
 51
342.769856
  0
ARC
  5
815
330
70
100
AcDbEntity
  8
Visible
100
AcDbCircle
 10
62.222322
 20
271.508762
 30
0.0
 40
0.2500000000000715
100
AcDbArc
 50
231.748785
 51
305.017135
  0
ARC
  5
816
330
70
100
AcDbEntity
  8
Visible
100
AcDbCircle
 10
66.260364
 20
265.671953
 30
0.0
 40
6.847729957663515
100
AcDbArc
 50
116.230144
 51
124.663957
  0
ARC
  5
817
330
70
100
AcDbEntity
  8
Visible
100
AcDbCircle
 10
64.483027
 20
269.418987
 30
0.0
 40
0.2499999999999353
100
AcDbArc
 50
149.482865
 51
222.751215
  0
ARC
  5
818
330
70
100
AcDbEntity
  8
Visible
100
AcDbCircle
 10
58.34739
 20
272.98663
 30
0.0
 40
6.847729957663918
100
AcDbArc
 50
329.836043
 51
338.269856
  0
ARC
  5
819
330
70
100
AcDbEntity
  8
Visible
100
AcDbCircle
 10
63.394023
 20
270.507992
 30
0.0
 40
0.2500000000001079
100
AcDbArc
 50
227.248785
 51
300.517135
  0
ARC
  5
81A
330
70
100
AcDbEntity
  8
Visible
100
AcDbCircle
 10
66.961666
 20
264.372355
 30
0.0
 40
6.847729957664347
100
AcDbArc
 50
111.730144
 51
120.163957
  0
ARC
  5
81B
330
70
100
AcDbEntity
  8
Visible
100
AcDbCircle
 10
65.483797
 20
268.247287
 30
0.0
 40
0.2499999999999791
100
AcDbArc
 50
144.982865
 51
218.251215
  0
ARC
  5
81C
330
70
100
AcDbEntity
  8
Visible
100
AcDbCircle
 10
59.646988
 20
272.285328
 30
0.0
 40
6.847729957664434
100
AcDbArc
 50
325.336043
 51
333.769856
  0
ARC
  5
81D
330
70
100
AcDbEntity
  8
Visible
100
AcDbCircle
 10
64.483592
 20
269.418376
 30
0.0
 40
0.2500000000001049
100
AcDbArc
 50
222.748785
 51
296.017135
  0
ARC
  5
81E
330
70
100
AcDbEntity
  8
Visible
100
AcDbCircle
 10
67.558841
 20
263.021739
 30
0.0
 40
6.847729957663506
100
AcDbArc
 50
107.230144
 51
115.663957
  0
ARC
  5
81F
330
70
100
AcDbEntity
  8
Visible
100
AcDbCircle
 10
66.389551
 20
267.000678
 30
0.0
 40
0.2500000000000765
100
AcDbArc
 50
140.482865
 51
213.751215
  0
ARC
  5
820
330
70
100
AcDbEntity
  8
Visible
100
AcDbCircle
 10
60.887557
 20
271.484223
 30
0.0
 40
6.847729957664724
100
AcDbArc
 50
320.836043
 51
329.269856
  0
ARC
  5
821
330
70
100
AcDbEntity
  8
Visible
100
AcDbCircle
 10
65.484312
 20
268.246633
 30
0.0
 40
0.250000000000076
100
AcDbArc
 50
218.248785
 51
291.517135
  0
ARC
  5
822
330
70
100
AcDbEntity
  8
Visible
100
AcDbCircle
 10
68.048207
 20
261.628434
 30
0.0
 40
6.847729957663593
100
AcDbArc
 50
102.730144
 51
111.163957
  0
ARC
  5
823
330
70
100
AcDbEntity
  8
Visible
100
AcDbCircle
 10
67.194706
 20
265.686848
 30
0.0
 40
0.2499999999999123
100
AcDbArc
 50
135.982865
 51
209.251215
  0
ARC
  5
824
330
70
100
AcDbEntity
  8
Visible
100
AcDbCircle
 10
62.061447
 20
270.588253
 30
0.0
 40
6.847729957663783
100
AcDbArc
 50
316.336043
 51
324.769856
  0
ARC
  5
825
330
70
100
AcDbEntity
  8
Visible
100
AcDbCircle
 10
66.390014
 20
266.999986
 30
0.0
 40
0.2499999999999975
100
AcDbArc
 50
213.748785
 51
287.017135
  0
ARC
  5
826
330
70
100
AcDbEntity
  8
Visible
100
AcDbCircle
 10
68.426746
 20
260.201028
 30
0.0
 40
6.847729957663099
100
AcDbArc
 50
98.230144
 51
106.663957
  0
ARC
  5
827
330
70
100
AcDbEntity
  8
Visible
100
AcDbCircle
 10
67.894296
 20
264.313896
 30
0.0
 40
0.2499999999999902
100
AcDbArc
 50
131.482865
 51
204.751215
  0
ARC
  5
828
330
70
100
AcDbEntity
  8
Visible
100
AcDbCircle
 10
63.161421
 20
269.602943
 30
0.0
 40
6.847729957663337
100
AcDbArc
 50
311.836043
 51
320.269856
  0
ARC
  5
829
330
70
100
AcDbEntity
  8
Visible
100
AcDbCircle
 10
67.195112
 20
265.686122
 30
0.0
 40
0.2500000000000072
100
AcDbArc
 50
209.248785
 51
282.517135
  0
ARC
  5
82A
330
70
100
AcDbEntity
  8
Visible
100
AcDbCircle
 10
68.692127
 20
258.748322
 30
0.0
 40
6.847729957663394
100
AcDbArc
 50
93.730144
 51
102.163957
  0
ARC
  5
82B
330
70
100
AcDbEntity
  8
Visible
100
AcDbCircle
 10
68.48401
 20
262.890288
 30
0.0
 40
0.2499999999999978
100
AcDbArc
 50
126.982865
 51
200.251215
  0
ARC
  5
82C
330
70
100
AcDbEntity
  8
Visible
100
AcDbCircle
 10
64.180698
 20
268.534367
 30
0.0
 40
6.847729957663812
100
AcDbArc
 50
307.336043
 51
315.769856
  0
ARC
  5
82D
330
70
100
AcDbEntity
  8
Visible
100
AcDbCircle
 10
67.894645
 20
264.31314
 30
0.0
 40
0.2499999999999538
100
AcDbArc
 50
204.748785
 51
278.017135
  0
ARC
  5
82E
330
70
100
AcDbEntity
  8
Visible
100
AcDbCircle
 10
68.842711
 20
257.279273
 30
0.0
 40
6.847729957663635
100
AcDbArc
 50
89.230144
 51
97.663957
  0
ARC
  5
82F
330
70
100
AcDbEntity
  8
Visible
100
AcDbCircle
 10
68.96021
 20
261.424799
 30
0.0
 40
0.2499999999999268
100
AcDbArc
 50
122.482865
 51
195.751215
  0
ARC
  5
830
330
70
100
AcDbEntity
  8
Visible
100
AcDbCircle
 10
65.112994
 20
267.389113
 30
0.0
 40
6.847729957663078
100
AcDbArc
 50
302.836043
 51
311.269856
  0
ARC
  5
831
330
70
100
AcDbEntity
  8
Visible
100
AcDbCircle
 10
68.484298
 20
262.889507
 30
0.0
 40
0.2499999999999816
100
AcDbArc
 50
200.248785
 51
273.517135
  0
ARC
  5
832
330
70
100
AcDbEntity
  8
Visible
100
AcDbCircle
 10
68.87757
 20
255.802939
 30
0.0
 40
6.847729957663974
100
AcDbArc
 50
84.730144
 51
93.163957
  0
ARC
  5
833
330
70
100
AcDbEntity
  8
Visible
100
AcDbCircle
 10
69.319962
 20
259.926466
 30
0.0
 40
0.2499999999999346
100
AcDbArc
 50
117.982865
 51
191.251215
  0
ARC
  5
834
330
70
100
AcDbEntity
  8
Visible
100
AcDbCircle
 10
65.95256
 20
266.174243
 30
0.0
 40
6.847729957663542
100
AcDbArc
 50
298.336043
 51
306.769856
  0
ARC
  5
835
330
70
100
AcDbEntity
  8
Visible
100
AcDbCircle
 10
68.960436
 20
261.423998
 30
0.0
 40
0.2500000000000245
100
AcDbArc
 50
195.748785
 51
269.017135
  0
ARC
  5
836
330
70
100
AcDbEntity
  8
Visible
100
AcDbCircle
 10
68.79649
 20
254.32842
 30
0.0
 40
6.847729957663892
100
AcDbArc
 50
80.230144
 51
88.663957
  0
ARC
  5
837
330
70
100
AcDbEntity
  8
Visible
100
AcDbCircle
 10
69.561046
 20
258.404526
 30
0.0
 40
0.2500000000000491
100
AcDbArc
 50
113.482865
 51
186.751215
  0
ARC
  5
838
330
70
100
AcDbEntity
  8
Visible
100
AcDbCircle
 10
66.69422
 20
264.897247
 30
0.0
 40
6.84772995766435
100
AcDbArc
 50
293.836043
 51
302.269856
  0
ARC
  5
839
330
70
100
AcDbEntity
  8
Visible
100
AcDbCircle
 10
69.320124
 20
259.92565
 30
0.0
 40
0.2499999999999886
100
AcDbArc
 50
191.248785
 51
264.517135
  0
ARC
  5
83A
330
70
100
AcDbEntity
  8
Visible
100
AcDbCircle
 10
68.599971
 20
252.864808
 30
0.0
 40
6.847729957664031
100
AcDbArc
 50
75.730144
 51
84.163957
  0
ARC
  5
83B
330
70
100
AcDbEntity
  8
Visible
100
AcDbCircle
 10
69.681978
 20
256.868363
 30
0.0
 40
0.2499999999999874
100
AcDbArc
 50
108.982865
 51
182.251215
  0
ARC
  5
83C
330
70
100
AcDbEntity
  8
Visible
100
AcDbCircle
 10
67.333402
 20
263.565997
 30
0.0
 40
6.847729957663891
100
AcDbArc
 50
289.336043
 51
297.769856
  0
ARC
  5
83D
330
70
100
AcDbEntity
  8
Visible
100
AcDbCircle
 10
69.561144
 20
258.4037
 30
0.0
 40
0.2499999999999821
100
AcDbArc
 50
186.748785
 51
260.017135
  0
ARC
  5
83E
330
70
100
AcDbEntity
  8
Visible
100
AcDbCircle
 10
68.289224
 20
251.421126
 30
0.0
 40
6.84772995766379
100
AcDbArc
 50
71.230144
 51
79.663957
  0
ARC
  5
83F
330
70
100
AcDbEntity
  8
Visible
100
AcDbCircle
 10
50.072524
 20
256.097489
 30
0.0
 40
20.50000000004208
100
AcDbArc
 50
354.941755
 51
356.058245
  0
ARC
  5
840
330
70
100
AcDbEntity
  8
Visible
100
AcDbCircle
 10
50.072524
 20
256.097489
 30
0.0
 40
20.50000000004208
100
AcDbArc
 50
350.441755
 51
351.558245
  0
ARC
  5
841
330
70
100
AcDbEntity
  8
Visible
100
AcDbCircle
 10
50.072524
 20
256.097489
 30
0.0
 40
20.50000000004208
100
AcDbArc
 50
345.941755
 51
347.058245
  0
ARC
  5
842
330
70
100
AcDbEntity
  8
Visible
100
AcDbCircle
 10
50.072524
 20
256.097489
 30
0.0
 40
20.50000000004208
100
AcDbArc
 50
341.441755
 51
342.558245
  0
ARC
  5
843
330
70
100
AcDbEntity
  8
Visible
100
AcDbCircle
 10
50.072524
 20
256.097489
 30
0.0
 40
20.50000000004208
100
AcDbArc
 50
336.941755
 51
338.058245
  0
ARC
  5
844
330
70
100
AcDbEntity
  8
Visible
100
AcDbCircle
 10
50.072524
 20
256.097489
 30
0.0
 40
20.50000000004208
100
AcDbArc
 50
332.441755
 51
333.558245
  0
ARC
  5
845
330
70
100
AcDbEntity
  8
Visible
100
AcDbCircle
 10
50.072524
 20
256.097489
 30
0.0
 40
20.50000000004208
100
AcDbArc
 50
327.941755
 51
329.058245
  0
ARC
  5
846
330
70
100
AcDbEntity
  8
Visible
100
AcDbCircle
 10
50.072524
 20
256.097489
 30
0.0
 40
20.50000000004208
100
AcDbArc
 50
323.441755
 51
324.558245
  0
ARC
  5
847
330
70
100
AcDbEntity
  8
Visible
100
AcDbCircle
 10
50.072524
 20
256.097489
 30
0.0
 40
20.50000000004208
100
AcDbArc
 50
318.941755
 51
320.058245
  0
ARC
  5
848
330
70
100
AcDbEntity
  8
Visible
100
AcDbCircle
 10
50.072524
 20
256.097489
 30
0.0
 40
20.50000000004208
100
AcDbArc
 50
314.441755
 51
315.558245
  0
ARC
  5
849
330
70
100
AcDbEntity
  8
Visible
100
AcDbCircle
 10
50.072524
 20
256.097489
 30
0.0
 40
20.50000000004208
100
AcDbArc
 50
309.941755
 51
311.058245
  0
ARC
  5
84A
330
70
100
AcDbEntity
  8
Visible
100
AcDbCircle
 10
50.072524
 20
256.097489
 30
0.0
 40
20.50000000004208
100
AcDbArc
 50
305.441755
 51
306.558245
  0
ARC
  5
84B
330
70
100
AcDbEntity
  8
Visible
100
AcDbCircle
 10
50.072524
 20
256.097489
 30
0.0
 40
20.50000000004208
100
AcDbArc
 50
300.941755
 51
302.058245
  0
ARC
  5
84C
330
70
100
AcDbEntity
  8
Visible
100
AcDbCircle
 10
50.072524
 20
256.097489
 30
0.0
 40
20.50000000004208
100
AcDbArc
 50
296.441755
 51
297.558245
  0
ARC
  5
84D
330
70
100
AcDbEntity
  8
Visible
100
AcDbCircle
 10
50.072524
 20
256.097489
 30
0.0
 40
20.50000000004208
100
AcDbArc
 50
291.941755
 51
293.058245
  0
ARC
  5
84E
330
70
100
AcDbEntity
  8
Visible
100
AcDbCircle
 10
50.072524
 20
256.097489
 30
0.0
 40
20.50000000004208
100
AcDbArc
 50
287.441755
 51
288.558245
  0
ARC
  5
84F
330
70
100
AcDbEntity
  8
Visible
100
AcDbCircle
 10
50.072524
 20
256.097489
 30
0.0
 40
20.50000000004208
100
AcDbArc
 50
282.941755
 51
284.058245
  0
ARC
  5
850
330
70
100
AcDbEntity
  8
Visible
100
AcDbCircle
 10
50.072524
 20
256.097489
 30
0.0
 40
20.50000000004208
100
AcDbArc
 50
278.441755
 51
279.558245
  0
ARC
  5
851
330
70
100
AcDbEntity
  8
Visible
100
AcDbCircle
 10
50.072524
 20
256.097489
 30
0.0
 40
20.50000000004208
100
AcDbArc
 50
273.941755
 51
275.058245
  0
ARC
  5
852
330
70
100
AcDbEntity
  8
Visible
100
AcDbCircle
 10
50.072524
 20
256.097489
 30
0.0
 40
20.50000000004207
100
AcDbArc
 50
269.441755
 51
270.558245
  0
ARC
  5
853
330
70
100
AcDbEntity
  8
Visible
100
AcDbCircle
 10
50.072524
 20
256.097489
 30
0.0
 40
20.50000000004208
100
AcDbArc
 50
264.941755
 51
266.058245
  0
ARC
  5
854
330
70
100
AcDbEntity
  8
Visible
100
AcDbCircle
 10
50.072524
 20
256.097489
 30
0.0
 40
20.50000000004208
100
AcDbArc
 50
260.441755
 51
261.558245
  0
ARC
  5
855
330
70
100
AcDbEntity
  8
Visible
100
AcDbCircle
 10
50.072524
 20
256.097489
 30
0.0
 40
20.50000000004208
100
AcDbArc
 50
255.941755
 51
257.058245
  0
ARC
  5
856
330
70
100
AcDbEntity
  8
Visible
100
AcDbCircle
 10
50.072524
 20
256.097489
 30
0.0
 40
20.50000000004208
100
AcDbArc
 50
251.441755
 51
252.558245
  0
ARC
  5
857
330
70
100
AcDbEntity
  8
Visible
100
AcDbCircle
 10
50.072524
 20
256.097489
 30
0.0
 40
20.50000000004207
100
AcDbArc
 50
246.941755
 51
248.058245
  0
ARC
  5
858
330
70
100
AcDbEntity
  8
Visible
100
AcDbCircle
 10
50.072524
 20
256.097489
 30
0.0
 40
20.50000000004208
100
AcDbArc
 50
242.441755
 51
243.558245
  0
ARC
  5
859
330
70
100
AcDbEntity
  8
Visible
100
AcDbCircle
 10
50.072524
 20
256.097489
 30
0.0
 40
20.50000000004208
100
AcDbArc
 50
237.941755
 51
239.058245
  0
ARC
  5
85A
330
70
100
AcDbEntity
  8
Visible
100
AcDbCircle
 10
50.072524
 20
256.097489
 30
0.0
 40
20.50000000004208
100
AcDbArc
 50
233.441755
 51
234.558245
  0
ARC
  5
85B
330
70
100
AcDbEntity
  8
Visible
100
AcDbCircle
 10
50.072524
 20
256.097489
 30
0.0
 40
20.50000000004208
100
AcDbArc
 50
228.941755
 51
230.058245
  0
ARC
  5
85C
330
70
100
AcDbEntity
  8
Visible
100
AcDbCircle
 10
50.072524
 20
256.097489
 30
0.0
 40
20.50000000004208
100
AcDbArc
 50
224.441755
 51
225.558245
  0
ARC
  5
85D
330
70
100
AcDbEntity
  8
Visible
100
AcDbCircle
 10
50.072524
 20
256.097489
 30
0.0
 40
20.50000000004207
100
AcDbArc
 50
219.941755
 51
221.058245
  0
ARC
  5
85E
330
70
100
AcDbEntity
  8
Visible
100
AcDbCircle
 10
50.072524
 20
256.097489
 30
0.0
 40
20.50000000004208
100
AcDbArc
 50
215.441755
 51
216.558245
  0
ARC
  5
85F
330
70
100
AcDbEntity
  8
Visible
100
AcDbCircle
 10
50.072524
 20
256.097489
 30
0.0
 40
20.50000000004208
100
AcDbArc
 50
210.941755
 51
212.058245
  0
ARC
  5
860
330
70
100
AcDbEntity
  8
Visible
100
AcDbCircle
 10
50.072524
 20
256.097489
 30
0.0
 40
20.50000000004208
100
AcDbArc
 50
206.441755
 51
207.558245
  0
ARC
  5
861
330
70
100
AcDbEntity
  8
Visible
100
AcDbCircle
 10
50.072524
 20
256.097489
 30
0.0
 40
20.50000000004208
100
AcDbArc
 50
201.941755
 51
203.058245
  0
ARC
  5
862
330
70
100
AcDbEntity
  8
Visible
100
AcDbCircle
 10
50.072524
 20
256.097489
 30
0.0
 40
20.50000000004208
100
AcDbArc
 50
197.441755
 51
198.558245
  0
ARC
  5
863
330
70
100
AcDbEntity
  8
Visible
100
AcDbCircle
 10
50.072524
 20
256.097489
 30
0.0
 40
20.50000000004208
100
AcDbArc
 50
192.941755
 51
194.058245
  0
ARC
  5
864
330
70
100
AcDbEntity
  8
Visible
100
AcDbCircle
 10
50.072524
 20
256.097489
 30
0.0
 40
20.50000000004208
100
AcDbArc
 50
188.441755
 51
189.558245
  0
ARC
  5
865
330
70
100
AcDbEntity
  8
Visible
100
AcDbCircle
 10
50.072524
 20
256.097489
 30
0.0
 40
20.50000000004208
100
AcDbArc
 50
183.941755
 51
185.058245
  0
ARC
  5
866
330
70
100
AcDbEntity
  8
Visible
100
AcDbCircle
 10
50.072524
 20
256.097489
 30
0.0
 40
20.50000000004207
100
AcDbArc
 50
179.441755
 51
180.558245
  0
ARC
  5
867
330
70
100
AcDbEntity
  8
Visible
100
AcDbCircle
 10
50.072524
 20
256.097489
 30
0.0
 40
20.50000000004208
100
AcDbArc
 50
174.941755
 51
176.058245
  0
ARC
  5
868
330
70
100
AcDbEntity
  8
Visible
100
AcDbCircle
 10
50.072524
 20
256.097489
 30
0.0
 40
20.50000000004208
100
AcDbArc
 50
170.441755
 51
171.558245
  0
ARC
  5
869
330
70
100
AcDbEntity
  8
Visible
100
AcDbCircle
 10
50.072524
 20
256.097489
 30
0.0
 40
20.50000000004208
100
AcDbArc
 50
165.941755
 51
167.058245
  0
ARC
  5
86A
330
70
100
AcDbEntity
  8
Visible
100
AcDbCircle
 10
50.072524
 20
256.097489
 30
0.0
 40
20.50000000004208
100
AcDbArc
 50
161.441755
 51
162.558245
  0
ARC
  5
86B
330
70
100
AcDbEntity
  8
Visible
100
AcDbCircle
 10
50.072524
 20
256.097489
 30
0.0
 40
20.50000000004208
100
AcDbArc
 50
156.941755
 51
158.058245
  0
ARC
  5
86C
330
70
100
AcDbEntity
  8
Visible
100
AcDbCircle
 10
50.072524
 20
256.097489
 30
0.0
 40
20.50000000004208
100
AcDbArc
 50
152.441755
 51
153.558245
  0
ARC
  5
86D
330
70
100
AcDbEntity
  8
Visible
100
AcDbCircle
 10
50.072524
 20
256.097489
 30
0.0
 40
20.50000000004208
100
AcDbArc
 50
147.941755
 51
149.058245
  0
ARC
  5
86E
330
70
100
AcDbEntity
  8
Visible
100
AcDbCircle
 10
50.072524
 20
256.097489
 30
0.0
 40
20.50000000004208
100
AcDbArc
 50
143.441755
 51
144.558245
  0
ARC
  5
86F
330
70
100
AcDbEntity
  8
Visible
100
AcDbCircle
 10
50.072524
 20
256.097489
 30
0.0
 40
20.50000000004208
100
AcDbArc
 50
138.941755
 51
140.058245
  0
ARC
  5
870
330
70
100
AcDbEntity
  8
Visible
100
AcDbCircle
 10
50.072524
 20
256.097489
 30
0.0
 40
20.50000000004208
100
AcDbArc
 50
134.441755
 51
135.558245
  0
ARC
  5
871
330
70
100
AcDbEntity
  8
Visible
100
AcDbCircle
 10
50.072524
 20
256.097489
 30
0.0
 40
20.50000000004208
100
AcDbArc
 50
129.941755
 51
131.058245
  0
ARC
  5
872
330
70
100
AcDbEntity
  8
Visible
100
AcDbCircle
 10
50.072524
 20
256.097489
 30
0.0
 40
20.50000000004208
100
AcDbArc
 50
125.441755
 51
126.558245
  0
ARC
  5
873
330
70
100
AcDbEntity
  8
Visible
100
AcDbCircle
 10
50.072524
 20
256.097489
 30
0.0
 40
20.50000000004208
100
AcDbArc
 50
120.941755
 51
122.058245
  0
ARC
  5
874
330
70
100
AcDbEntity
  8
Visible
100
AcDbCircle
 10
50.072524
 20
256.097489
 30
0.0
 40
20.50000000004208
100
AcDbArc
 50
116.441755
 51
117.558245
  0
ARC
  5
875
330
70
100
AcDbEntity
  8
Visible
100
AcDbCircle
 10
50.072524
 20
256.097489
 30
0.0
 40
20.50000000004208
100
AcDbArc
 50
111.941755
 51
113.058245
  0
ARC
  5
876
330
70
100
AcDbEntity
  8
Visible
100
AcDbCircle
 10
50.072524
 20
256.097489
 30
0.0
 40
20.50000000004208
100
AcDbArc
 50
107.441755
 51
108.558245
  0
ARC
  5
877
330
70
100
AcDbEntity
  8
Visible
100
AcDbCircle
 10
50.072524
 20
256.097489
 30
0.0
 40
20.50000000004208
100
AcDbArc
 50
102.941755
 51
104.058245
  0
ARC
  5
878
330
70
100
AcDbEntity
  8
Visible
100
AcDbCircle
 10
50.072524
 20
256.097489
 30
0.0
 40
20.50000000004208
100
AcDbArc
 50
98.441755
 51
99.558245
  0
ARC
  5
879
330
70
100
AcDbEntity
  8
Visible
100
AcDbCircle
 10
50.072524
 20
256.097489
 30
0.0
 40
20.50000000004208
100
AcDbArc
 50
93.941755
 51
95.058245
  0
ARC
  5
87A
330
70
100
AcDbEntity
  8
Visible
100
AcDbCircle
 10
50.072524
 20
256.097489
 30
0.0
 40
20.50000000004207
100
AcDbArc
 50
89.441755
 51
90.558245
  0
ARC
  5
87B
330
70
100
AcDbEntity
  8
Visible
100
AcDbCircle
 10
50.072524
 20
256.097489
 30
0.0
 40
20.50000000004208
100
AcDbArc
 50
84.941755
 51
86.058245
  0
ARC
  5
87C
330
70
100
AcDbEntity
  8
Visible
100
AcDbCircle
 10
50.072524
 20
256.097489
 30
0.0
 40
20.50000000004208
100
AcDbArc
 50
80.441755
 51
81.558245
  0
ARC
  5
87D
330
70
100
AcDbEntity
  8
Visible
100
AcDbCircle
 10
50.072524
 20
256.097489
 30
0.0
 40
20.50000000004208
100
AcDbArc
 50
75.941755
 51
77.058245
  0
ARC
  5
87E
330
70
100
AcDbEntity
  8
Visible
100
AcDbCircle
 10
50.072524
 20
256.097489
 30
0.0
 40
20.50000000004208
100
AcDbArc
 50
71.441755
 51
72.558245
  0
ARC
  5
87F
330
70
100
AcDbEntity
  8
Visible
100
AcDbCircle
 10
50.072524
 20
256.097489
 30
0.0
 40
20.50000000004208
100
AcDbArc
 50
66.941755
 51
68.058245
  0
ARC
  5
880
330
70
100
AcDbEntity
  8
Visible
100
AcDbCircle
 10
50.072524
 20
256.097489
 30
0.0
 40
20.50000000004208
100
AcDbArc
 50
62.441755
 51
63.558245
  0
ARC
  5
881
330
70
100
AcDbEntity
  8
Visible
100
AcDbCircle
 10
50.072524
 20
256.097489
 30
0.0
 40
20.50000000004208
100
AcDbArc
 50
57.941755
 51
59.058245
  0
ARC
  5
882
330
70
100
AcDbEntity
  8
Visible
100
AcDbCircle
 10
50.072524
 20
256.097489
 30
0.0
 40
20.50000000004208
100
AcDbArc
 50
53.441755
 51
54.558245
  0
ARC
  5
883
330
70
100
AcDbEntity
  8
Visible
100
AcDbCircle
 10
50.072524
 20
256.097489
 30
0.0
 40
20.50000000004207
100
AcDbArc
 50
48.941755
 51
50.058245
  0
ARC
  5
884
330
70
100
AcDbEntity
  8
Visible
100
AcDbCircle
 10
50.072524
 20
256.097489
 30
0.0
 40
20.50000000004208
100
AcDbArc
 50
44.441755
 51
45.558245
  0
ARC
  5
885
330
70
100
AcDbEntity
  8
Visible
100
AcDbCircle
 10
50.072524
 20
256.097489
 30
0.0
 40
20.50000000004208
100
AcDbArc
 50
39.941755
 51
41.058245
  0
ARC
  5
886
330
70
100
AcDbEntity
  8
Visible
100
AcDbCircle
 10
50.072524
 20
256.097489
 30
0.0
 40
20.50000000004208
100
AcDbArc
 50
35.441755
 51
36.558245
  0
ARC
  5
887
330
70
100
AcDbEntity
  8
Visible
100
AcDbCircle
 10
50.072524
 20
256.097489
 30
0.0
 40
20.50000000004208
100
AcDbArc
 50
30.941755
 51
32.058245
  0
ARC
  5
888
330
70
100
AcDbEntity
  8
Visible
100
AcDbCircle
 10
50.072524
 20
256.097489
 30
0.0
 40
20.50000000004208
100
AcDbArc
 50
26.441755
 51
27.558245
  0
ARC
  5
889
330
70
100
AcDbEntity
  8
Visible
100
AcDbCircle
 10
50.072524
 20
256.097489
 30
0.0
 40
20.50000000004208
100
AcDbArc
 50
21.941755
 51
23.058245
  0
ARC
  5
88A
330
70
100
AcDbEntity
  8
Visible
100
AcDbCircle
 10
50.072524
 20
256.097489
 30
0.0
 40
20.50000000004208
100
AcDbArc
 50
17.441755
 51
18.558245
  0
ARC
  5
88B
330
70
100
AcDbEntity
  8
Visible
100
AcDbCircle
 10
50.072524
 20
256.097489
 30
0.0
 40
20.50000000004208
100
AcDbArc
 50
12.941755
 51
14.058245
  0
ARC
  5
88C
330
70
100
AcDbEntity
  8
Visible
100
AcDbCircle
 10
50.072524
 20
256.097489
 30
0.0
 40
20.50000000004208
100
AcDbArc
 50
8.441755
 51
9.558245
  0
ARC
  5
88D
330
70
100
AcDbEntity
  8
Visible
100
AcDbCircle
 10
50.072524
 20
256.097489
 30
0.0
 40
20.50000000004208
100
AcDbArc
 50
3.941755
 51
5.058245
  0
ARC
  5
88E
330
70
100
AcDbEntity
  8
Visible
100
AcDbCircle
 10
50.072524
 20
256.097489
 30
0.0
 40
19.37459999999999
100
AcDbArc
 50
2.248785
 51
2.251215
  0
ARC
  5
88F
330
70
100
AcDbEntity
  8
Visible
100
AcDbCircle
 10
50.072524
 20
256.097489
 30
0.0
 40
19.37459999999999
100
AcDbArc
 50
6.748785
 51
6.751215
  0
ARC
  5
890
330
70
100
AcDbEntity
  8
Visible
100
AcDbCircle
 10
50.072524
 20
256.097489
 30
0.0
 40
19.37459999999999
100
AcDbArc
 50
11.248785
 51
11.251215
  0
ARC
  5
891
330
70
100
AcDbEntity
  8
Visible
100
AcDbCircle
 10
50.072524
 20
256.097489
 30
0.0
 40
19.37459999999999
100
AcDbArc
 50
15.748785
 51
15.751215
  0
ARC
  5
892
330
70
100
AcDbEntity
  8
Visible
100
AcDbCircle
 10
50.072524
 20
256.097489
 30
0.0
 40
19.37459999999999
100
AcDbArc
 50
20.248785
 51
20.251215
  0
ARC
  5
893
330
70
100
AcDbEntity
  8
Visible
100
AcDbCircle
 10
50.072524
 20
256.097489
 30
0.0
 40
19.37459999999999
100
AcDbArc
 50
24.748785
 51
24.751215
  0
ARC
  5
894
330
70
100
AcDbEntity
  8
Visible
100
AcDbCircle
 10
50.072524
 20
256.097489
 30
0.0
 40
19.37459999999999
100
AcDbArc
 50
29.248785
 51
29.251215
  0
ARC
  5
895
330
70
100
AcDbEntity
  8
Visible
100
AcDbCircle
 10
50.072524
 20
256.097489
 30
0.0
 40
19.37459999999999
100
AcDbArc
 50
33.748785
 51
33.751215
  0
ARC
  5
896
330
70
100
AcDbEntity
  8
Visible
100
AcDbCircle
 10
50.072524
 20
256.097489
 30
0.0
 40
19.37459999999999
100
AcDbArc
 50
38.248785
 51
38.251215
  0
ARC
  5
897
330
70
100
AcDbEntity
  8
Visible
100
AcDbCircle
 10
50.072524
 20
256.097489
 30
0.0
 40
19.37459999999999
100
AcDbArc
 50
42.748785
 51
42.751215
  0
ARC
  5
898
330
70
100
AcDbEntity
  8
Visible
100
AcDbCircle
 10
50.072524
 20
256.097489
 30
0.0
 40
19.37459999999999
100
AcDbArc
 50
47.248785
 51
47.251215
  0
ARC
  5
899
330
70
100
AcDbEntity
  8
Visible
100
AcDbCircle
 10
50.072524
 20
256.097489
 30
0.0
 40
19.37459999999999
100
AcDbArc
 50
51.748785
 51
51.751215
  0
ARC
  5
89A
330
70
100
AcDbEntity
  8
Visible
100
AcDbCircle
 10
50.072524
 20
256.097489
 30
0.0
 40
19.37459999999999
100
AcDbArc
 50
56.248785
 51
56.251215
  0
ARC
  5
89B
330
70
100
AcDbEntity
  8
Visible
100
AcDbCircle
 10
50.072524
 20
256.097489
 30
0.0
 40
19.37459999999999
100
AcDbArc
 50
60.748785
 51
60.751215
  0
ARC
  5
89C
330
70
100
AcDbEntity
  8
Visible
100
AcDbCircle
 10
50.072524
 20
256.097489
 30
0.0
 40
19.37459999999999
100
AcDbArc
 50
65.248785
 51
65.251215
  0
ARC
  5
89D
330
70
100
AcDbEntity
  8
Visible
100
AcDbCircle
 10
50.072524
 20
256.097489
 30
0.0
 40
19.37459999999999
100
AcDbArc
 50
69.748785
 51
69.751215
  0
ARC
  5
89E
330
70
100
AcDbEntity
  8
Visible
100
AcDbCircle
 10
50.072524
 20
256.097489
 30
0.0
 40
19.37459999999999
100
AcDbArc
 50
74.248785
 51
74.251215
  0
ARC
  5
89F
330
70
100
AcDbEntity
  8
Visible
100
AcDbCircle
 10
50.072524
 20
256.097489
 30
0.0
 40
19.37459999999999
100
AcDbArc
 50
78.748785
 51
78.751215
  0
ARC
  5
8A0
330
70
100
AcDbEntity
  8
Visible
100
AcDbCircle
 10
50.072524
 20
256.097489
 30
0.0
 40
19.37459999999999
100
AcDbArc
 50
83.248785
 51
83.251215
  0
ARC
  5
8A1
330
70
100
AcDbEntity
  8
Visible
100
AcDbCircle
 10
50.072524
 20
256.097489
 30
0.0
 40
19.37459999999999
100
AcDbArc
 50
87.748785
 51
87.751215
  0
ARC
  5
8A2
330
70
100
AcDbEntity
  8
Visible
100
AcDbCircle
 10
50.072524
 20
256.097489
 30
0.0
 40
19.37459999999999
100
AcDbArc
 50
92.248785
 51
92.251215
  0
ARC
  5
8A3
330
70
100
AcDbEntity
  8
Visible
100
AcDbCircle
 10
50.072524
 20
256.097489
 30
0.0
 40
19.37459999999999
100
AcDbArc
 50
96.748785
 51
96.751215
  0
ARC
  5
8A4
330
70
100
AcDbEntity
  8
Visible
100
AcDbCircle
 10
50.072524
 20
256.097489
 30
0.0
 40
19.37459999999999
100
AcDbArc
 50
101.248785
 51
101.251215
  0
ARC
  5
8A5
330
70
100
AcDbEntity
  8
Visible
100
AcDbCircle
 10
50.072524
 20
256.097489
 30
0.0
 40
19.37459999999999
100
AcDbArc
 50
105.748785
 51
105.751215
  0
ARC
  5
8A6
330
70
100
AcDbEntity
  8
Visible
100
AcDbCircle
 10
50.072524
 20
256.097489
 30
0.0
 40
19.37459999999999
100
AcDbArc
 50
110.248785
 51
110.251215
  0
ARC
  5
8A7
330
70
100
AcDbEntity
  8
Visible
100
AcDbCircle
 10
50.072524
 20
256.097489
 30
0.0
 40
19.37459999999999
100
AcDbArc
 50
114.748785
 51
114.751215
  0
ARC
  5
8A8
330
70
100
AcDbEntity
  8
Visible
100
AcDbCircle
 10
50.072524
 20
256.097489
 30
0.0
 40
19.37459999999999
100
AcDbArc
 50
119.248785
 51
119.251215
  0
ARC
  5
8A9
330
70
100
AcDbEntity
  8
Visible
100
AcDbCircle
 10
50.072524
 20
256.097489
 30
0.0
 40
19.37459999999999
100
AcDbArc
 50
123.748785
 51
123.751215
  0
ARC
  5
8AA
330
70
100
AcDbEntity
  8
Visible
100
AcDbCircle
 10
50.072524
 20
256.097489
 30
0.0
 40
19.37459999999999
100
AcDbArc
 50
128.248785
 51
128.251215
  0
ARC
  5
8AB
330
70
100
AcDbEntity
  8
Visible
100
AcDbCircle
 10
50.072524
 20
256.097489
 30
0.0
 40
19.37459999999999
100
AcDbArc
 50
132.748785
 51
132.751215
  0
ARC
  5
8AC
330
70
100
AcDbEntity
  8
Visible
100
AcDbCircle
 10
50.072524
 20
256.097489
 30
0.0
 40
19.37459999999999
100
AcDbArc
 50
137.248785
 51
137.251215
  0
ARC
  5
8AD
330
70
100
AcDbEntity
  8
Visible
100
AcDbCircle
 10
50.072524
 20
256.097489
 30
0.0
 40
19.37459999999999
100
AcDbArc
 50
141.748785
 51
141.751215
  0
ARC
  5
8AE
330
70
100
AcDbEntity
  8
Visible
100
AcDbCircle
 10
50.072524
 20
256.097489
 30
0.0
 40
19.37459999999999
100
AcDbArc
 50
146.248785
 51
146.251215
  0
ARC
  5
8AF
330
70
100
AcDbEntity
  8
Visible
100
AcDbCircle
 10
50.072524
 20
256.097489
 30
0.0
 40
19.37459999999999
100
AcDbArc
 50
150.748785
 51
150.751215
  0
ARC
  5
8B0
330
70
100
AcDbEntity
  8
Visible
100
AcDbCircle
 10
50.072524
 20
256.097489
 30
0.0
 40
19.37459999999999
100
AcDbArc
 50
155.248785
 51
155.251215
  0
ARC
  5
8B1
330
70
100
AcDbEntity
  8
Visible
100
AcDbCircle
 10
50.072524
 20
256.097489
 30
0.0
 40
19.37459999999999
100
AcDbArc
 50
159.748785
 51
159.751215
  0
ARC
  5
8B2
330
70
100
AcDbEntity
  8
Visible
100
AcDbCircle
 10
50.072524
 20
256.097489
 30
0.0
 40
19.37459999999999
100
AcDbArc
 50
164.248785
 51
164.251215
  0
ARC
  5
8B3
330
70
100
AcDbEntity
  8
Visible
100
AcDbCircle
 10
50.072524
 20
256.097489
 30
0.0
 40
19.37459999999999
100
AcDbArc
 50
168.748785
 51
168.751215
  0
ARC
  5
8B4
330
70
100
AcDbEntity
  8
Visible
100
AcDbCircle
 10
50.072524
 20
256.097489
 30
0.0
 40
19.37459999999999
100
AcDbArc
 50
173.248785
 51
173.251215
  0
ARC
  5
8B5
330
70
100
AcDbEntity
  8
Visible
100
AcDbCircle
 10
50.072524
 20
256.097489
 30
0.0
 40
19.37459999999999
100
AcDbArc
 50
177.748785
 51
177.751215
  0
ARC
  5
8B6
330
70
100
AcDbEntity
  8
Visible
100
AcDbCircle
 10
50.072524
 20
256.097489
 30
0.0
 40
19.37459999999999
100
AcDbArc
 50
182.248785
 51
182.251215
  0
ARC
  5
8B7
330
70
100
AcDbEntity
  8
Visible
100
AcDbCircle
 10
50.072524
 20
256.097489
 30
0.0
 40
19.37459999999999
100
AcDbArc
 50
186.748785
 51
186.751215
  0
ARC
  5
8B8
330
70
100
AcDbEntity
  8
Visible
100
AcDbCircle
 10
50.072524
 20
256.097489
 30
0.0
 40
19.37459999999999
100
AcDbArc
 50
191.248785
 51
191.251215
  0
ARC
  5
8B9
330
70
100
AcDbEntity
  8
Visible
100
AcDbCircle
 10
50.072524
 20
256.097489
 30
0.0
 40
19.37459999999999
100
AcDbArc
 50
195.748785
 51
195.751215
  0
ARC
  5
8BA
330
70
100
AcDbEntity
  8
Visible
100
AcDbCircle
 10
50.072524
 20
256.097489
 30
0.0
 40
19.37459999999999
100
AcDbArc
 50
200.248785
 51
200.251215
  0
ARC
  5
8BB
330
70
100
AcDbEntity
  8
Visible
100
AcDbCircle
 10
50.072524
 20
256.097489
 30
0.0
 40
19.37459999999999
100
AcDbArc
 50
204.748785
 51
204.751215
  0
ARC
  5
8BC
330
70
100
AcDbEntity
  8
Visible
100
AcDbCircle
 10
50.072524
 20
256.097489
 30
0.0
 40
19.37459999999999
100
AcDbArc
 50
209.248785
 51
209.251215
  0
ARC
  5
8BD
330
70
100
AcDbEntity
  8
Visible
100
AcDbCircle
 10
50.072524
 20
256.097489
 30
0.0
 40
19.37459999999999
100
AcDbArc
 50
213.748785
 51
213.751215
  0
ARC
  5
8BE
330
70
100
AcDbEntity
  8
Visible
100
AcDbCircle
 10
50.072524
 20
256.097489
 30
0.0
 40
19.37459999999999
100
AcDbArc
 50
218.248785
 51
218.251215
  0
ARC
  5
8BF
330
70
100
AcDbEntity
  8
Visible
100
AcDbCircle
 10
50.072524
 20
256.097489
 30
0.0
 40
19.37459999999999
100
AcDbArc
 50
222.748785
 51
222.751215
  0
ARC
  5
8C0
330
70
100
AcDbEntity
  8
Visible
100
AcDbCircle
 10
50.072524
 20
256.097489
 30
0.0
 40
19.37459999999999
100
AcDbArc
 50
227.248785
 51
227.251215
  0
ARC
  5
8C1
330
70
100
AcDbEntity
  8
Visible
100
AcDbCircle
 10
50.072524
 20
256.097489
 30
0.0
 40
19.37459999999999
100
AcDbArc
 50
231.748785
 51
231.751215
  0
ARC
  5
8C2
330
70
100
AcDbEntity
  8
Visible
100
AcDbCircle
 10
50.072524
 20
256.097489
 30
0.0
 40
19.37459999999999
100
AcDbArc
 50
236.248785
 51
236.251215
  0
ARC
  5
8C3
330
70
100
AcDbEntity
  8
Visible
100
AcDbCircle
 10
50.072524
 20
256.097489
 30
0.0
 40
19.37459999999999
100
AcDbArc
 50
240.748785
 51
240.751215
  0
ARC
  5
8C4
330
70
100
AcDbEntity
  8
Visible
100
AcDbCircle
 10
50.072524
 20
256.097489
 30
0.0
 40
19.37459999999999
100
AcDbArc
 50
245.248785
 51
245.251215
  0
ARC
  5
8C5
330
70
100
AcDbEntity
  8
Visible
100
AcDbCircle
 10
50.072524
 20
256.097489
 30
0.0
 40
19.37459999999999
100
AcDbArc
 50
249.748785
 51
249.751215
  0
ARC
  5
8C6
330
70
100
AcDbEntity
  8
Visible
100
AcDbCircle
 10
50.072524
 20
256.097489
 30
0.0
 40
19.37459999999999
100
AcDbArc
 50
254.248785
 51
254.251215
  0
ARC
  5
8C7
330
70
100
AcDbEntity
  8
Visible
100
AcDbCircle
 10
50.072524
 20
256.097489
 30
0.0
 40
19.37459999999999
100
AcDbArc
 50
258.748785
 51
258.751215
  0
ARC
  5
8C8
330
70
100
AcDbEntity
  8
Visible
100
AcDbCircle
 10
50.072524
 20
256.097489
 30
0.0
 40
19.37459999999999
100
AcDbArc
 50
263.248785
 51
263.251215
  0
ARC
  5
8C9
330
70
100
AcDbEntity
  8
Visible
100
AcDbCircle
 10
50.072524
 20
256.097489
 30
0.0
 40
19.37459999999999
100
AcDbArc
 50
267.748785
 51
267.751215
  0
ARC
  5
8CA
330
70
100
AcDbEntity
  8
Visible
100
AcDbCircle
 10
50.072524
 20
256.097489
 30
0.0
 40
19.37459999999999
100
AcDbArc
 50
272.248785
 51
272.251215
  0
ARC
  5
8CB
330
70
100
AcDbEntity
  8
Visible
100
AcDbCircle
 10
50.072524
 20
256.097489
 30
0.0
 40
19.37459999999999
100
AcDbArc
 50
276.748785
 51
276.751215
  0
ARC
  5
8CC
330
70
100
AcDbEntity
  8
Visible
100
AcDbCircle
 10
50.072524
 20
256.097489
 30
0.0
 40
19.37459999999999
100
AcDbArc
 50
281.248785
 51
281.251215
  0
ARC
  5
8CD
330
70
100
AcDbEntity
  8
Visible
100
AcDbCircle
 10
50.072524
 20
256.097489
 30
0.0
 40
19.37459999999999
100
AcDbArc
 50
285.748785
 51
285.751215
  0
ARC
  5
8CE
330
70
100
AcDbEntity
  8
Visible
100
AcDbCircle
 10
50.072524
 20
256.097489
 30
0.0
 40
19.37459999999999
100
AcDbArc
 50
290.248785
 51
290.251215
  0
ARC
  5
8CF
330
70
100
AcDbEntity
  8
Visible
100
AcDbCircle
 10
50.072524
 20
256.097489
 30
0.0
 40
19.37459999999999
100
AcDbArc
 50
294.748785
 51
294.751215
  0
ARC
  5
8D0
330
70
100
AcDbEntity
  8
Visible
100
AcDbCircle
 10
50.072524
 20
256.097489
 30
0.0
 40
19.37459999999999
100
AcDbArc
 50
299.248785
 51
299.251215
  0
ARC
  5
8D1
330
70
100
AcDbEntity
  8
Visible
100
AcDbCircle
 10
50.072524
 20
256.097489
 30
0.0
 40
19.37459999999999
100
AcDbArc
 50
303.748785
 51
303.751215
  0
ARC
  5
8D2
330
70
100
AcDbEntity
  8
Visible
100
AcDbCircle
 10
50.072524
 20
256.097489
 30
0.0
 40
19.37459999999999
100
AcDbArc
 50
308.248785
 51
308.251215
  0
ARC
  5
8D3
330
70
100
AcDbEntity
  8
Visible
100
AcDbCircle
 10
50.072524
 20
256.097489
 30
0.0
 40
19.37459999999999
100
AcDbArc
 50
312.748785
 51
312.751215
  0
ARC
  5
8D4
330
70
100
AcDbEntity
  8
Visible
100
AcDbCircle
 10
50.072524
 20
256.097489
 30
0.0
 40
19.37459999999999
100
AcDbArc
 50
317.248785
 51
317.251215
  0
ARC
  5
8D5
330
70
100
AcDbEntity
  8
Visible
100
AcDbCircle
 10
50.072524
 20
256.097489
 30
0.0
 40
19.37459999999999
100
AcDbArc
 50
321.748785
 51
321.751215
  0
ARC
  5
8D6
330
70
100
AcDbEntity
  8
Visible
100
AcDbCircle
 10
50.072524
 20
256.097489
 30
0.0
 40
19.37459999999999
100
AcDbArc
 50
326.248785
 51
326.251215
  0
ARC
  5
8D7
330
70
100
AcDbEntity
  8
Visible
100
AcDbCircle
 10
50.072524
 20
256.097489
 30
0.0
 40
19.37459999999999
100
AcDbArc
 50
330.748785
 51
330.751215
  0
ARC
  5
8D8
330
70
100
AcDbEntity
  8
Visible
100
AcDbCircle
 10
50.072524
 20
256.097489
 30
0.0
 40
19.37459999999999
100
AcDbArc
 50
335.248785
 51
335.251215
  0
ARC
  5
8D9
330
70
100
AcDbEntity
  8
Visible
100
AcDbCircle
 10
50.072524
 20
256.097489
 30
0.0
 40
19.37459999999999
100
AcDbArc
 50
339.748785
 51
339.751215
  0
ARC
  5
8DA
330
70
100
AcDbEntity
  8
Visible
100
AcDbCircle
 10
50.072524
 20
256.097489
 30
0.0
 40
19.37459999999999
100
AcDbArc
 50
344.248785
 51
344.251215
  0
ARC
  5
8DB
330
70
100
AcDbEntity
  8
Visible
100
AcDbCircle
 10
50.072524
 20
256.097489
 30
0.0
 40
19.37459999999999
100
AcDbArc
 50
348.748785
 51
348.751215
  0
ARC
  5
8DC
330
70
100
AcDbEntity
  8
Visible
100
AcDbCircle
 10
50.072524
 20
256.097489
 30
0.0
 40
19.37459999999999
100
AcDbArc
 50
353.248785
 51
353.251215
  0
ARC
  5
8DD
330
70
100
AcDbEntity
  8
Visible
100
AcDbCircle
 10
50.072524
 20
256.097489
 30
0.0
 40
19.37459999999999
100
AcDbArc
 50
357.748785
 51
357.751215
  0
ARC
  5
8DE
330
70
100
AcDbEntity
  8
Visible
100
AcDbCircle
 10
69.68201
 20
255.327446
 30
0.0
 40
0.2500000000000117
100
AcDbArc
 50
104.482865
 51
177.751215
  0
ARC
  5
8DF
330
70
100
AcDbEntity
  8
Visible
100
AcDbCircle
 10
67.866165
 20
262.188701
 30
0.0
 40
6.847729957663864
100
AcDbArc
 50
284.836043
 51
293.269856
  0
ARC
  5
8E0
330
70
100
AcDbEntity
  8
Visible
100
AcDbCircle
 10
69.68201
 20
256.867531
 30
0.0
 40
0.2500000000000122
100
AcDbArc
 50
182.248785
 51
255.517135
  0
ARC
  5
8E1
330
70
100
AcDbEntity
  8
Visible
100
AcDbCircle
 10
67.866165
 20
250.006276
 30
0.0
 40
6.847729957663807
100
AcDbArc
 50
66.730144
 51
75.163957
  0
ARC
  5
8E2
330
70
100
AcDbEntity
  8
Visible
100
AcDbCircle
 10
50.072524
 20
256.097489
 30
0.0
 40
20.50000000004208
100
AcDbArc
 50
359.441755
 51
0.558245
  0
CIRCLE
  5
8E3
330
70
100
AcDbEntity
  8
Visible
100
AcDbCircle
 10
-116.468161
 20
255.008121
 30
0.0
 40
1.549999999999999
210
0.0
220
0.0
230
-1.0
  0
ARC
  5
8E4
330
70
100
AcDbEntity
  8
Visible
100
AcDbCircle
 10
135.956781
 20
252.70191
 30
0.0
 40
0.2500000000000101
100
AcDbArc
 50
99.982865
 51
173.251215
  0
ARC
  5
8E5
330
70
100
AcDbEntity
  8
Visible
100
AcDbCircle
 10
134.684861
 20
259.684484
 30
0.0
 40
6.847729957663111
100
AcDbArc
 50
280.336043
 51
288.769856
  0
ARC
  5
8E6
330
70
100
AcDbEntity
  8
Visible
100
AcDbCircle
 10
136.077615
 20
254.237247
 30
0.0
 40
0.2500000000000108
100
AcDbArc
 50
177.748785
 51
251.017135
  0
ARC
  5
8E7
330
70
100
AcDbEntity
  8
Visible
100
AcDbCircle
 10
133.729039
 20
247.539613
 30
0.0
 40
6.847729957663285
100
AcDbArc
 50
62.230144
 51
70.663957
  0
ARC
  5
8E8
330
70
100
AcDbEntity
  8
Visible
100
AcDbCircle
 10
135.715761
 20
251.17996
 30
0.0
 40
0.2499999999999835
100
AcDbArc
 50
95.482865
 51
168.751215
  0
ARC
  5
8E9
330
70
100
AcDbEntity
  8
Visible
100
AcDbCircle
 10
134.995608
 20
258.240802
 30
0.0
 40
6.847729957662919
100
AcDbArc
 50
275.836043
 51
284.269856
  0
ARC
  5
8EA
330
70
100
AcDbEntity
  8
Visible
100
AcDbCircle
 10
135.956683
 20
252.701084
 30
0.0
 40
0.2499999999999889
100
AcDbArc
 50
173.248785
 51
246.517135
  0
ARC
  5
8EB
330
70
100
AcDbEntity
  8
Visible
100
AcDbCircle
 10
133.089857
 20
246.208363
 30
0.0
 40
6.847729957663326
100
AcDbArc
 50
57.730144
 51
66.163957
  0
ARC
  5
8EC
330
70
100
AcDbEntity
  8
Visible
100
AcDbCircle
 10
135.356073
 20
249.681612
 30
0.0
 40
0.2499999999999775
100
AcDbArc
 50
90.982865
 51
164.251215
  0
ARC
  5
8ED
330
70
100
AcDbEntity
  8
Visible
100
AcDbCircle
 10
135.192127
 20
256.77719
 30
0.0
 40
6.847729957663572
100
AcDbArc
 50
271.336043
 51
279.769856
  0
ARC
  5
8EE
330
70
100
AcDbEntity
  8
Visible
100
AcDbCircle
 10
135.715599
 20
251.179144
 30
0.0
 40
0.2499999999999781
100
AcDbArc
 50
168.748785
 51
242.017135
  0
ARC
  5
8EF
330
70
100
AcDbEntity
  8
Visible
100
AcDbCircle
 10
132.348197
 20
244.931366
 30
0.0
 40
6.847729957664484
100
AcDbArc
 50
53.230144
 51
61.663957
  0
ARC
  5
8F0
330
70
100
AcDbEntity
  8
Visible
100
AcDbCircle
 10
134.879935
 20
248.216103
 30
0.0
 40
0.2499999999999903
100
AcDbArc
 50
86.482865
 51
159.751215
  0
ARC
  5
8F1
330
70
100
AcDbEntity
  8
Visible
100
AcDbCircle
 10
135.273207
 20
255.302671
 30
0.0
 40
6.847729957663164
100
AcDbArc
 50
266.836043
 51
275.269856
  0
ARC
  5
8F2
330
70
100
AcDbEntity
  8
Visible
100
AcDbCircle
 10
135.355847
 20
249.68081
 30
0.0
 40
0.2499999999999805
100
AcDbArc
 50
164.248785
 51
237.517135
  0
ARC
  5
8F3
330
70
100
AcDbEntity
  8
Visible
100
AcDbCircle
 10
131.508631
 20
243.716497
 30
0.0
 40
6.84772995766299
100
AcDbArc
 50
48.730144
 51
57.163957
  0
ARC
  5
8F4
330
70
100
AcDbEntity
  8
Visible
100
AcDbCircle
 10
134.290282
 20
246.792469
 30
0.0
 40
0.2499999999999416
100
AcDbArc
 50
81.982865
 51
155.251215
  0
ARC
  5
8F5
330
70
100
AcDbEntity
  8
Visible
100
AcDbCircle
 10
135.238348
 20
253.826336
 30
0.0
 40
6.847729957663685
100
AcDbArc
 50
262.336043
 51
270.769856
  0
ARC
  5
8F6
330
70
100
AcDbEntity
  8
Visible
100
AcDbCircle
 10
134.879647
 20
248.215322
 30
0.0
 40
0.2500000000000892
100
AcDbArc
 50
159.748785
 51
233.017135
  0
ARC
  5
8F7
330
70
100
AcDbEntity
  8
Visible
100
AcDbCircle
 10
130.576335
 20
242.571243
 30
0.0
 40
6.847729957663704
100
AcDbArc
 50
44.230144
 51
52.663957
  0
ARC
  5
8F8
330
70
100
AcDbEntity
  8
Visible
100
AcDbCircle
 10
133.59075
 20
245.419488
 30
0.0
 40
0.2500000000000324
100
AcDbArc
 50
77.482865
 51
150.751215
  0
ARC
  5
8F9
330
70
100
AcDbEntity
  8
Visible
100
AcDbCircle
 10
135.087764
 20
252.357288
 30
0.0
 40
6.847729957663114
100
AcDbArc
 50
257.836043
 51
266.269856
  0
ARC
  5
8FA
330
70
100
AcDbEntity
  8
Visible
100
AcDbCircle
 10
134.289933
 20
246.791713
 30
0.0
 40
0.2499999999999999
100
AcDbArc
 50
155.248785
 51
228.517135
  0
ARC
  5
8FB
330
70
100
AcDbEntity
  8
Visible
100
AcDbCircle
 10
129.557058
 20
241.502667
 30
0.0
 40
6.847729957663074
100
AcDbArc
 50
39.730144
 51
48.163957
  0
ARC
  5
8FC
330
70
100
AcDbEntity
  8
Visible
100
AcDbCircle
 10
132.785651
 20
244.105624
 30
0.0
 40
0.2500000000000059
100
AcDbArc
 50
72.982865
 51
146.251215
  0
ARC
  5
8FD
330
70
100
AcDbEntity
  8
Visible
100
AcDbCircle
 10
134.822384
 20
250.904582
 30
0.0
 40
6.84772995766384
100
AcDbArc
 50
253.336043
 51
261.769856
  0
ARC
  5
8FE
330
70
100
AcDbEntity
  8
Visible
100
AcDbCircle
 10
133.590343
 20
245.418762
 30
0.0
 40
0.2499999999999676
100
AcDbArc
 50
150.748785
 51
224.017135
  0
ARC
  5
8FF
330
70
100
AcDbEntity
  8
Visible
100
AcDbCircle
 10
128.457084
 20
240.517357
 30
0.0
 40
6.847729957663726
100
AcDbArc
 50
35.230144
 51
43.663957
  0
ARC
  5
900
330
70
100
AcDbEntity
  8
Visible
100
AcDbCircle
 10
131.87995
 20
242.858977
 30
0.0
 40
0.2500000000000567
100
AcDbArc
 50
68.482865
 51
141.751215
  0
ARC
  5
901
330
70
100
AcDbEntity
  8
Visible
100
AcDbCircle
 10
134.443844
 20
249.477176
 30
0.0
 40
6.847729957662965
100
AcDbArc
 50
248.836043
 51
257.269856
  0
ARC
  5
902
330
70
100
AcDbEntity
  8
Visible
100
AcDbCircle
 10
132.785188
 20
244.104932
 30
0.0
 40
0.2500000000000392
100
AcDbArc
 50
146.248785
 51
219.517135
  0
ARC
  5
903
330
70
100
AcDbEntity
  8
Visible
100
AcDbCircle
 10
127.283194
 20
239.621387
 30
0.0
 40
6.847729957663903
100
AcDbArc
 50
30.730144
 51
39.163957
  0
ARC
  5
904
330
70
100
AcDbEntity
  8
Visible
100
AcDbCircle
 10
130.879229
 20
241.687234
 30
0.0
 40
0.2499999999999025
100
AcDbArc
 50
63.982865
 51
137.251215
  0
ARC
  5
905
330
70
100
AcDbEntity
  8
Visible
100
AcDbCircle
 10
133.954478
 20
248.08387
 30
0.0
 40
6.847729957663831
100
AcDbArc
 50
244.336043
 51
252.769856
  0
ARC
  5
906
330
70
100
AcDbEntity
  8
Visible
100
AcDbCircle
 10
131.879434
 20
242.858323
 30
0.0
 40
0.250000000000013
100
AcDbArc
 50
141.748785
 51
215.017135
  0
ARC
  5
907
330
70
100
AcDbEntity
  8
Visible
100
AcDbCircle
 10
126.042626
 20
238.820282
 30
0.0
 40
6.847729957664239
100
AcDbArc
 50
26.230144
 51
34.663957
  0
ARC
  5
908
330
70
100
AcDbEntity
  8
Visible
100
AcDbCircle
 10
129.78966
 20
240.597618
 30
0.0
 40
0.2499999999999079
100
AcDbArc
 50
59.482865
 51
132.751215
  0
ARC
  5
909
330
70
100
AcDbEntity
  8
Visible
100
AcDbCircle
 10
133.357303
 20
246.733255
 30
0.0
 40
6.847729957664839
100
AcDbArc
 50
239.836043
 51
248.269856
  0
ARC
  5
90A
330
70
100
AcDbEntity
  8
Visible
100
AcDbCircle
 10
130.878664
 20
241.686623
 30
0.0
 40
0.2500000000000224
100
AcDbArc
 50
137.248785
 51
210.517135
  0
ARC
  5
90B
330
70
100
AcDbEntity
  8
Visible
100
AcDbCircle
 10
124.743027
 20
238.11898
 30
0.0
 40
6.847729957664591
100
AcDbArc
 50
21.730144
 51
30.163957
  0
ARC
  5
90C
330
70
100
AcDbEntity
  8
Visible
100
AcDbCircle
 10
128.617959
 20
239.596848
 30
0.0
 40
0.250000000000022
100
AcDbArc
 50
54.982865
 51
128.251215
  0
ARC
  5
90D
330
70
100
AcDbEntity
  8
Visible
100
AcDbCircle
 10
132.656001
 20
245.433657
 30
0.0
 40
6.847729957662941
100
AcDbArc
 50
235.336043
 51
243.769856
  0
ARC
  5
90E
330
70
100
AcDbEntity
  8
Visible
100
AcDbCircle
 10
129.789049
 20
240.597053
 30
0.0
 40
0.24999999999994
100
AcDbArc
 50
132.748785
 51
206.017135
  0
ARC
  5
90F
330
70
100
AcDbEntity
  8
Visible
100
AcDbCircle
 10
123.392412
 20
237.521805
 30
0.0
 40
6.847729957662517
100
AcDbArc
 50
17.230144
 51
25.663957
  0
ARC
  5
910
330
70
100
AcDbEntity
  8
Visible
100
AcDbCircle
 10
127.371351
 20
238.691094
 30
0.0
 40
0.2499999999999428
100
AcDbArc
 50
50.482865
 51
123.751215
  0
ARC
  5
911
330
70
100
AcDbEntity
  8
Visible
100
AcDbCircle
 10
131.854895
 20
244.193089
 30
0.0
 40
6.847729957662805
100
AcDbArc
 50
230.836043
 51
239.269856
  0
ARC
  5
912
330
70
100
AcDbEntity
  8
Visible
100
AcDbCircle
 10
128.617305
 20
239.596333
 30
0.0
 40
0.2499999999999693
100
AcDbArc
 50
128.248785
 51
201.517135
  0
ARC
  5
913
330
70
100
AcDbEntity
  8
Visible
100
AcDbCircle
 10
121.999106
 20
237.032439
 30
0.0
 40
6.847729957662037
100
AcDbArc
 50
12.730144
 51
21.163957
  0
ARC
  5
914
330
70
100
AcDbEntity
  8
Visible
100
AcDbCircle
 10
126.057521
 20
237.88594
 30
0.0
 40
0.2499999999999297
100
AcDbArc
 50
45.982865
 51
119.251215
  0
ARC
  5
915
330
70
100
AcDbEntity
  8
Visible
100
AcDbCircle
 10
130.958925
 20
243.019198
 30
0.0
 40
6.847729957664586
100
AcDbArc
 50
226.336043
 51
234.769856
  0
ARC
  5
916
330
70
100
AcDbEntity
  8
Visible
100
AcDbCircle
 10
127.370659
 20
238.690631
 30
0.0
 40
0.2500000000000158
100
AcDbArc
 50
123.748785
 51
197.017135
  0
ARC
  5
917
330
70
100
AcDbEntity
  8
Visible
100
AcDbCircle
 10
120.5717
 20
236.653899
 30
0.0
 40
6.847729957663768
100
AcDbArc
 50
8.230144
 51
16.663957
  0
ARC
  5
918
330
70
100
AcDbEntity
  8
Visible
100
AcDbCircle
 10
124.684569
 20
237.186349
 30
0.0
 40
0.2500000000000151
100
AcDbArc
 50
41.482865
 51
114.751215
  0
ARC
  5
919
330
70
100
AcDbEntity
  8
Visible
100
AcDbCircle
 10
129.973615
 20
241.919224
 30
0.0
 40
6.847729957662872
100
AcDbArc
 50
221.836043
 51
230.269856
  0
ARC
  5
91A
330
70
100
AcDbEntity
  8
Visible
100
AcDbCircle
 10
126.056794
 20
237.885533
 30
0.0
 40
0.2499999999999863
100
AcDbArc
 50
119.248785
 51
192.517135
  0
ARC
  5
91B
330
70
100
AcDbEntity
  8
Visible
100
AcDbCircle
 10
119.118995
 20
236.388519
 30
0.0
 40
6.847729957662763
100
AcDbArc
 50
3.730144
 51
12.163957
  0
ARC
  5
91C
330
70
100
AcDbEntity
  8
Visible
100
AcDbCircle
 10
123.26096
 20
236.596636
 30
0.0
 40
0.2500000000000323
100
AcDbArc
 50
36.982865
 51
110.251215
  0
ARC
  5
91D
330
70
100
AcDbEntity
  8
Visible
100
AcDbCircle
 10
128.905039
 20
240.899947
 30
0.0
 40
6.847729957664889
100
AcDbArc
 50
217.336043
 51
225.769856
  0
ARC
  5
91E
330
70
100
AcDbEntity
  8
Visible
100
AcDbCircle
 10
124.683813
 20
237.186001
 30
0.0
 40
0.2499999999999725
100
AcDbArc
 50
114.748785
 51
188.017135
  0
ARC
  5
91F
330
70
100
AcDbEntity
  8
Visible
100
AcDbCircle
 10
117.649946
 20
236.237935
 30
0.0
 40
6.847729957661881
100
AcDbArc
 50
359.230144
 51
7.663957
  0
ARC
  5
920
330
70
100
AcDbEntity
  8
Visible
100
AcDbCircle
 10
121.795472
 20
236.120435
 30
0.0
 40
0.2500000000000488
100
AcDbArc
 50
32.482865
 51
105.751215
  0
ARC
  5
921
330
70
100
AcDbEntity
  8
Visible
100
AcDbCircle
 10
127.759786
 20
239.967652
 30
0.0
 40
6.84772995766209
100
AcDbArc
 50
212.836043
 51
221.269856
  0
ARC
  5
922
330
70
100
AcDbEntity
  8
Visible
100
AcDbCircle
 10
123.260179
 20
236.596348
 30
0.0
 40
0.2500000000000662
100
AcDbArc
 50
110.248785
 51
183.517135
  0
ARC
  5
923
330
70
100
AcDbEntity
  8
Visible
100
AcDbCircle
 10
116.173611
 20
236.203075
 30
0.0
 40
6.847729957662687
100
AcDbArc
 50
354.730144
 51
3.163957
  0
ARC
  5
924
330
70
100
AcDbEntity
  8
Visible
100
AcDbCircle
 10
120.297139
 20
235.760684
 30
0.0
 40
0.2499999999999927
100
AcDbArc
 50
27.982865
 51
101.251215
  0
ARC
  5
925
330
70
100
AcDbEntity
  8
Visible
100
AcDbCircle
 10
126.544916
 20
239.128086
 30
0.0
 40
6.847729957663625
100
AcDbArc
 50
208.336043
 51
216.769856
  0
ARC
  5
926
330
70
100
AcDbEntity
  8
Visible
100
AcDbCircle
 10
121.794671
 20
236.120209
 30
0.0
 40
0.2500000000000186
100
AcDbArc
 50
105.748785
 51
179.017135
  0
ARC
  5
927
330
70
100
AcDbEntity
  8
Visible
100
AcDbCircle
 10
114.699092
 20
236.284155
 30
0.0
 40
6.847729957662097
100
AcDbArc
 50
350.230144
 51
358.663957
  0
ARC
  5
928
330
70
100
AcDbEntity
  8
Visible
100
AcDbCircle
 10
118.775199
 20
235.519599
 30
0.0
 40
0.2500000000000333
100
AcDbArc
 50
23.482865
 51
96.751215
  0
ARC
  5
929
330
70
100
AcDbEntity
  8
Visible
100
AcDbCircle
 10
125.267919
 20
238.386425
 30
0.0
 40
6.84772995766332
100
AcDbArc
 50
203.836043
 51
212.269856
  0
ARC
  5
92A
330
70
100
AcDbEntity
  8
Visible
100
AcDbCircle
 10
120.296322
 20
235.760521
 30
0.0
 40
0.250000000000004
100
AcDbArc
 50
101.248785
 51
174.517135
  0
ARC
  5
92B
330
70
100
AcDbEntity
  8
Visible
100
AcDbCircle
 10
113.23548
 20
236.480674
 30
0.0
 40
6.847729957661835
100
AcDbArc
 50
345.730144
 51
354.163957
  0
ARC
  5
92C
330
70
100
AcDbEntity
  8
Visible
100
AcDbCircle
 10
117.239035
 20
235.398667
 30
0.0
 40
0.2500000000000186
100
AcDbArc
 50
18.982865
 51
92.251215
  0
ARC
  5
92D
330
70
100
AcDbEntity
  8
Visible
100
AcDbCircle
 10
123.93667
 20
237.747243
 30
0.0
 40
6.847729957664591
100
AcDbArc
 50
199.336043
 51
207.769856
  0
ARC
  5
92E
330
70
100
AcDbEntity
  8
Visible
100
AcDbCircle
 10
118.774372
 20
235.519501
 30
0.0
 40
0.2500000000000331
100
AcDbArc
 50
96.748785
 51
170.017135
  0
ARC
  5
92F
330
70
100
AcDbEntity
  8
Visible
100
AcDbCircle
 10
111.791799
 20
236.791421
 30
0.0
 40
6.847729957664316
100
AcDbArc
 50
341.230144
 51
349.663957
  0
ARC
  5
930
330
70
100
AcDbEntity
  8
Visible
100
AcDbCircle
 10
115.698119
 20
235.398635
 30
0.0
 40
0.2499999999999777
100
AcDbArc
 50
14.482865
 51
87.751215
  0
ARC
  5
931
330
70
100
AcDbEntity
  8
Visible
100
AcDbCircle
 10
122.559374
 20
237.214481
 30
0.0
 40
6.847729957664994
100
AcDbArc
 50
194.836043
 51
203.269856
  0
ARC
  5
932
330
70
100
AcDbEntity
  8
Visible
100
AcDbCircle
 10
117.238203
 20
235.398635
 30
0.0
 40
0.2499999999999763
100
AcDbArc
 50
92.248785
 51
165.517135
  0
ARC
  5
933
330
70
100
AcDbEntity
  8
Visible
100
AcDbCircle
 10
110.376949
 20
237.214481
 30
0.0
 40
6.847729957663494
100
AcDbArc
 50
336.730144
 51
345.163957
  0
ARC
  5
934
330
70
100
AcDbEntity
  8
Visible
100
AcDbCircle
 10
114.16195
 20
235.519501
 30
0.0
 40
0.2500000000000257
100
AcDbArc
 50
9.982865
 51
83.251215
  0
ARC
  5
935
330
70
100
AcDbEntity
  8
Visible
100
AcDbCircle
 10
121.144524
 20
236.791421
 30
0.0
 40
6.847729957665252
100
AcDbArc
 50
190.336043
 51
198.769856
  0
ARC
  5
936
330
70
100
AcDbEntity
  8
Visible
100
AcDbCircle
 10
115.697287
 20
235.398667
 30
0.0
 40
0.250000000000039
100
AcDbArc
 50
87.748785
 51
161.017135
  0
ARC
  5
937
330
70
100
AcDbEntity
  8
Visible
100
AcDbCircle
 10
108.999653
 20
237.747243
 30
0.0
 40
6.847729957664398
100
AcDbArc
 50
332.230144
 51
340.663957
  0
ARC
  5
938
330
70
100
AcDbEntity
  8
Visible
100
AcDbCircle
 10
112.64
 20
235.760521
 30
0.0
 40
0.2499999999999675
100
AcDbArc
 50
5.482865
 51
78.751215
  0
ARC
  5
939
330
70
100
AcDbEntity
  8
Visible
100
AcDbCircle
 10
119.700842
 20
236.480674
 30
0.0
 40
6.847729957664849
100
AcDbArc
 50
185.836043
 51
194.269856
  0
ARC
  5
93A
330
70
100
AcDbEntity
  8
Visible
100
AcDbCircle
 10
114.161123
 20
235.519599
 30
0.0
 40
0.2499999999999975
100
AcDbArc
 50
83.248785
 51
156.517135
  0
ARC
  5
93B
330
70
100
AcDbEntity
  8
Visible
100
AcDbCircle
 10
107.668403
 20
238.386425
 30
0.0
 40
6.847729957663393
100
AcDbArc
 50
327.730144
 51
336.163957
  0
ARC
  5
93C
330
70
100
AcDbEntity
  8
Visible
100
AcDbCircle
 10
111.141652
 20
236.120209
 30
0.0
 40
0.2500000000000022
100
AcDbArc
 50
0.982865
 51
74.251215
  0
ARC
  5
93D
330
70
100
AcDbEntity
  8
Visible
100
AcDbCircle
 10
118.23723
 20
236.284155
 30
0.0
 40
6.847729957664494
100
AcDbArc
 50
181.336043
 51
189.769856
  0
ARC
  5
93E
330
70
100
AcDbEntity
  8
Visible
100
AcDbCircle
 10
112.639183
 20
235.760684
 30
0.0
 40
0.2500000000000227
100
AcDbArc
 50
78.748785
 51
152.017135
  0
ARC
  5
93F
330
70
100
AcDbEntity
  8
Visible
100
AcDbCircle
 10
106.391406
 20
239.128086
 30
0.0
 40
6.847729957663983
100
AcDbArc
 50
323.230144
 51
331.663957
  0
ARC
  5
940
330
70
100
AcDbEntity
  8
Visible
100
AcDbCircle
 10
109.676143
 20
236.596348
 30
0.0
 40
0.2500000000000007
100
AcDbArc
 50
356.482865
 51
69.751215
  0
ARC
  5
941
330
70
100
AcDbEntity
  8
Visible
100
AcDbCircle
 10
116.762711
 20
236.203075
 30
0.0
 40
6.847729957664186
100
AcDbArc
 50
176.836043
 51
185.269856
  0
ARC
  5
942
330
70
100
AcDbEntity
  8
Visible
100
AcDbCircle
 10
111.14085
 20
236.120435
 30
0.0
 40
0.250000000000012
100
AcDbArc
 50
74.248785
 51
147.517135
  0
ARC
  5
943
330
70
100
AcDbEntity
  8
Visible
100
AcDbCircle
 10
105.176536
 20
239.967652
 30
0.0
 40
6.847729957662942
100
AcDbArc
 50
318.730144
 51
327.163957
  0
ARC
  5
944
330
70
100
AcDbEntity
  8
Visible
100
AcDbCircle
 10
108.252509
 20
237.186001
 30
0.0
 40
0.2499999999999919
100
AcDbArc
 50
351.982865
 51
65.251215
  0
ARC
  5
945
330
70
100
AcDbEntity
  8
Visible
100
AcDbCircle
 10
115.286376
 20
236.237935
 30
0.0
 40
6.847729957664171
100
AcDbArc
 50
172.336043
 51
180.769856
  0
ARC
  5
946
330
70
100
AcDbEntity
  8
Visible
100
AcDbCircle
 10
109.675362
 20
236.596636
 30
0.0
 40
0.2500000000000063
100
AcDbArc
 50
69.748785
 51
143.017135
  0
ARC
  5
947
330
70
100
AcDbEntity
  8
Visible
100
AcDbCircle
 10
104.031283
 20
240.899947
 30
0.0
 40
6.847729957662471
100
AcDbArc
 50
314.230144
 51
322.663957
  0
ARC
  5
948
330
70
100
AcDbEntity
  8
Visible
100
AcDbCircle
 10
106.879528
 20
237.885533
 30
0.0
 40
0.2500000000000655
100
AcDbArc
 50
347.482865
 51
60.751215
  0
ARC
  5
949
330
70
100
AcDbEntity
  8
Visible
100
AcDbCircle
 10
113.817327
 20
236.388519
 30
0.0
 40
6.84772995766434
100
AcDbArc
 50
167.836043
 51
176.269856
  0
ARC
  5
94A
330
70
100
AcDbEntity
  8
Visible
100
AcDbCircle
 10
108.251753
 20
237.186349
 30
0.0
 40
0.249999999999915
100
AcDbArc
 50
65.248785
 51
138.517135
  0
ARC
  5
94B
330
70
100
AcDbEntity
  8
Visible
100
AcDbCircle
 10
102.962707
 20
241.919224
 30
0.0
 40
6.847729957662186
100
AcDbArc
 50
309.730144
 51
318.163957
  0
ARC
  5
94C
330
70
100
AcDbEntity
  8
Visible
100
AcDbCircle
 10
105.565664
 20
238.690631
 30
0.0
 40
0.250000000000117
100
AcDbArc
 50
342.982865
 51
56.251215
  0
ARC
  5
94D
330
70
100
AcDbEntity
  8
Visible
100
AcDbCircle
 10
112.364622
 20
236.653899
 30
0.0
 40
6.847729957663906
100
AcDbArc
 50
163.336043
 51
171.769856
  0
ARC
  5
94E
330
70
100
AcDbEntity
  8
Visible
100
AcDbCircle
 10
106.878802
 20
237.88594
 30
0.0
 40
0.2500000000000557
100
AcDbArc
 50
60.748785
 51
134.017135
  0
ARC
  5
94F
330
70
100
AcDbEntity
  8
Visible
100
AcDbCircle
 10
101.977397
 20
243.019198
 30
0.0
 40
6.847729957663668
100
AcDbArc
 50
305.230144
 51
313.663957
  0
ARC
  5
950
330
70
100
AcDbEntity
  8
Visible
100
AcDbCircle
 10
104.319017
 20
239.596333
 30
0.0
 40
0.250000000000073
100
AcDbArc
 50
338.482865
 51
51.751215
  0
ARC
  5
951
330
70
100
AcDbEntity
  8
Visible
100
AcDbCircle
 10
110.937216
 20
237.032439
 30
0.0
 40
6.847729957663569
100
AcDbArc
 50
158.836043
 51
167.269856
  0
ARC
  5
952
330
70
100
AcDbEntity
  8
Visible
100
AcDbCircle
 10
105.564971
 20
238.691094
 30
0.0
 40
0.250000000000028
100
AcDbArc
 50
56.248785
 51
129.517135
  0
ARC
  5
953
330
70
100
AcDbEntity
  8
Visible
100
AcDbCircle
 10
101.081427
 20
244.193089
 30
0.0
 40
6.847729957663768
100
AcDbArc
 50
300.730144
 51
309.163957
  0
ARC
  5
954
330
70
100
AcDbEntity
  8
Visible
100
AcDbCircle
 10
103.147274
 20
240.597053
 30
0.0
 40
0.2500000000000028
100
AcDbArc
 50
333.982865
 51
47.251215
  0
ARC
  5
955
330
70
100
AcDbEntity
  8
Visible
100
AcDbCircle
 10
109.54391
 20
237.521805
 30
0.0
 40
6.847729957664468
100
AcDbArc
 50
154.336043
 51
162.769856
  0
ARC
  5
956
330
70
100
AcDbEntity
  8
Visible
100
AcDbCircle
 10
104.318363
 20
239.596848
 30
0.0
 40
0.2499999999999747
100
AcDbArc
 50
51.748785
 51
125.017135
  0
ARC
  5
957
330
70
100
AcDbEntity
  8
Visible
100
AcDbCircle
 10
100.280322
 20
245.433657
 30
0.0
 40
6.847729957663535
100
AcDbArc
 50
296.230144
 51
304.663957
  0
ARC
  5
958
330
70
100
AcDbEntity
  8
Visible
100
AcDbCircle
 10
102.057658
 20
241.686623
 30
0.0
 40
0.2500000000000843
100
AcDbArc
 50
329.482865
 51
42.751215
  0
ARC
  5
959
330
70
100
AcDbEntity
  8
Visible
100
AcDbCircle
 10
108.193295
 20
238.11898
 30
0.0
 40
6.847729957665312
100
AcDbArc
 50
149.836043
 51
158.269856
  0
ARC
  5
95A
330
70
100
AcDbEntity
  8
Visible
100
AcDbCircle
 10
103.146662
 20
240.597618
 30
0.0
 40
0.2499999999999588
100
AcDbArc
 50
47.248785
 51
120.517135
  0
ARC
  5
95B
330
70
100
AcDbEntity
  8
Visible
100
AcDbCircle
 10
99.579019
 20
246.733255
 30
0.0
 40
6.847729957662854
100
AcDbArc
 50
291.730144
 51
300.163957
  0
ARC
  5
95C
330
70
100
AcDbEntity
  8
Visible
100
AcDbCircle
 10
101.056888
 20
242.858323
 30
0.0
 40
0.2499999999999959
100
AcDbArc
 50
324.982865
 51
38.251215
  0
ARC
  5
95D
330
70
100
AcDbEntity
  8
Visible
100
AcDbCircle
 10
106.893697
 20
238.820282
 30
0.0
 40
6.847729957664117
100
AcDbArc
 50
145.336043
 51
153.769856
  0
ARC
  5
95E
330
70
100
AcDbEntity
  8
Visible
100
AcDbCircle
 10
102.057093
 20
241.687234
 30
0.0
 40
0.2500000000001216
100
AcDbArc
 50
42.748785
 51
116.017135
  0
ARC
  5
95F
330
70
100
AcDbEntity
  8
Visible
100
AcDbCircle
 10
98.981845
 20
248.08387
 30
0.0
 40
6.847729957663771
100
AcDbArc
 50
287.230144
 51
295.663957
  0
ARC
  5
960
330
70
100
AcDbEntity
  8
Visible
100
AcDbCircle
 10
100.151134
 20
244.104932
 30
0.0
 40
0.249999999999909
100
AcDbArc
 50
320.482865
 51
33.751215
  0
ARC
  5
961
330
70
100
AcDbEntity
  8
Visible
100
AcDbCircle
 10
105.653128
 20
239.621387
 30
0.0
 40
6.847729957663774
100
AcDbArc
 50
140.836043
 51
149.269856
  0
ARC
  5
962
330
70
100
AcDbEntity
  8
Visible
100
AcDbCircle
 10
101.056373
 20
242.858977
 30
0.0
 40
0.2500000000000319
100
AcDbArc
 50
38.248785
 51
111.517135
  0
ARC
  5
963
330
70
100
AcDbEntity
  8
Visible
100
AcDbCircle
 10
98.492479
 20
249.477176
 30
0.0
 40
6.847729957663553
100
AcDbArc
 50
282.730144
 51
291.163957
  0
ARC
  5
964
330
70
100
AcDbEntity
  8
Visible
100
AcDbCircle
 10
99.345979
 20
245.418762
 30
0.0
 40
0.2500000000001061
100
AcDbArc
 50
315.982865
 51
29.251215
  0
ARC
  5
965
330
70
100
AcDbEntity
  8
Visible
100
AcDbCircle
 10
104.479238
 20
240.517357
 30
0.0
 40
6.847729957664737
100
AcDbArc
 50
136.336043
 51
144.769856
  0
ARC
  5
966
330
70
100
AcDbEntity
  8
Visible
100
AcDbCircle
 10
100.150671
 20
244.105624
 30
0.0
 40
0.2499999999999415
100
AcDbArc
 50
33.748785
 51
107.017135
  0
ARC
  5
967
330
70
100
AcDbEntity
  8
Visible
100
AcDbCircle
 10
98.113939
 20
250.904582
 30
0.0
 40
6.847729957662691
100
AcDbArc
 50
278.230144
 51
286.663957
  0
ARC
  5
968
330
70
100
AcDbEntity
  8
Visible
100
AcDbCircle
 10
98.646389
 20
246.791713
 30
0.0
 40
0.2500000000000012
100
AcDbArc
 50
311.482865
 51
24.751215
  0
ARC
  5
969
330
70
100
AcDbEntity
  8
Visible
100
AcDbCircle
 10
103.379264
 20
241.502667
 30
0.0
 40
6.847729957662451
100
AcDbArc
 50
131.836043
 51
140.269856
  0
ARC
  5
96A
330
70
100
AcDbEntity
  8
Visible
100
AcDbCircle
 10
99.345573
 20
245.419488
 30
0.0
 40
0.2500000000000595
100
AcDbArc
 50
29.248785
 51
102.517135
  0
ARC
  5
96B
330
70
100
AcDbEntity
  8
Visible
100
AcDbCircle
 10
97.848559
 20
252.357288
 30
0.0
 40
6.84772995766304
100
AcDbArc
 50
273.730144
 51
282.163957
  0
ARC
  5
96C
330
70
100
AcDbEntity
  8
Visible
100
AcDbCircle
 10
98.056676
 20
248.215322
 30
0.0
 40
0.250000000000027
100
AcDbArc
 50
306.982865
 51
20.251215
  0
ARC
  5
96D
330
70
100
AcDbEntity
  8
Visible
100
AcDbCircle
 10
102.359987
 20
242.571243
 30
0.0
 40
6.847729957664741
100
AcDbArc
 50
127.336043
 51
135.769856
  0
ARC
  5
96E
330
70
100
AcDbEntity
  8
Visible
100
AcDbCircle
 10
98.64604
 20
246.792469
 30
0.0
 40
0.2499999999999854
100
AcDbArc
 50
24.748785
 51
98.017135
  0
ARC
  5
96F
330
70
100
AcDbEntity
  8
Visible
100
AcDbCircle
 10
97.697975
 20
253.826336
 30
0.0
 40
6.847729957663811
100
AcDbArc
 50
269.230144
 51
277.663957
  0
ARC
  5
970
330
70
100
AcDbEntity
  8
Visible
100
AcDbCircle
 10
97.580475
 20
249.68081
 30
0.0
 40
0.2500000000000271
100
AcDbArc
 50
302.482865
 51
15.751215
  0
ARC
  5
971
330
70
100
AcDbEntity
  8
Visible
100
AcDbCircle
 10
101.427691
 20
243.716497
 30
0.0
 40
6.847729957663248
100
AcDbArc
 50
122.836043
 51
131.269856
  0
ARC
  5
972
330
70
100
AcDbEntity
  8
Visible
100
AcDbCircle
 10
98.056387
 20
248.216103
 30
0.0
 40
0.2500000000000366
100
AcDbArc
 50
20.248785
 51
93.517135
  0
ARC
  5
973
330
70
100
AcDbEntity
  8
Visible
100
AcDbCircle
 10
97.663115
 20
255.302671
 30
0.0
 40
6.847729957663418
100
AcDbArc
 50
264.730144
 51
273.163957
  0
ARC
  5
974
330
70
100
AcDbEntity
  8
Visible
100
AcDbCircle
 10
97.220724
 20
251.179144
 30
0.0
 40
0.2500000000000203
100
AcDbArc
 50
297.982865
 51
11.251215
  0
ARC
  5
975
330
70
100
AcDbEntity
  8
Visible
100
AcDbCircle
 10
100.588126
 20
244.931366
 30
0.0
 40
6.847729957663517
100
AcDbArc
 50
118.336043
 51
126.769856
  0
ARC
  5
976
330
70
100
AcDbEntity
  8
Visible
100
AcDbCircle
 10
97.580249
 20
249.681612
 30
0.0
 40
0.250000000000004
100
AcDbArc
 50
15.748785
 51
89.017135
  0
ARC
  5
977
330
70
100
AcDbEntity
  8
Visible
100
AcDbCircle
 10
97.744195
 20
256.77719
 30
0.0
 40
6.847729957663972
100
AcDbArc
 50
260.230144
 51
268.663957
  0
ARC
  5
978
330
70
100
AcDbEntity
  8
Visible
100
AcDbCircle
 10
96.979639
 20
252.701084
 30
0.0
 40
0.2499999999999836
100
AcDbArc
 50
293.482865
 51
6.751215
  0
ARC
  5
979
330
70
100
AcDbEntity
  8
Visible
100
AcDbCircle
 10
99.846465
 20
246.208363
 30
0.0
 40
6.847729957664197
100
AcDbArc
 50
113.836043
 51
122.269856
  0
ARC
  5
97A
330
70
100
AcDbEntity
  8
Visible
100
AcDbCircle
 10
97.220561
 20
251.17996
 30
0.0
 40
0.2500000000000218
100
AcDbArc
 50
11.248785
 51
84.517135
  0
ARC
  5
97B
330
70
100
AcDbEntity
  8
Visible
100
AcDbCircle
 10
97.940714
 20
258.240802
 30
0.0
 40
6.847729957663607
100
AcDbArc
 50
255.730144
 51
264.163957
  0
ARC
  5
97C
330
70
100
AcDbEntity
  8
Visible
100
AcDbCircle
 10
96.858707
 20
254.237247
 30
0.0
 40
0.2500000000000067
100
AcDbArc
 50
288.982865
 51
2.251215
  0
ARC
  5
97D
330
70
100
AcDbEntity
  8
Visible
100
AcDbCircle
 10
99.207283
 20
247.539613
 30
0.0
 40
6.847729957664341
100
AcDbArc
 50
109.336043
 51
117.769856
  0
ARC
  5
97E
330
70
100
AcDbEntity
  8
Visible
100
AcDbCircle
 10
96.979541
 20
252.70191
 30
0.0
 40
0.2499999999999867
100
AcDbArc
 50
6.748785
 51
80.017135
  0
ARC
  5
97F
330
70
100
AcDbEntity
  8
Visible
100
AcDbCircle
 10
98.251461
 20
259.684484
 30
0.0
 40
6.84772995766399
100
AcDbArc
 50
251.230144
 51
259.663957
  0
ARC
  5
980
330
70
100
AcDbEntity
  8
Visible
100
AcDbCircle
 10
96.858675
 20
255.778164
 30
0.0
 40
0.2499999999999916
100
AcDbArc
 50
284.482865
 51
357.751215
  0
ARC
  5
981
330
70
100
AcDbEntity
  8
Visible
100
AcDbCircle
 10
98.67452
 20
248.916909
 30
0.0
 40
6.847729957663998
100
AcDbArc
 50
104.836043
 51
113.269856
  0
ARC
  5
982
330
70
100
AcDbEntity
  8
Visible
100
AcDbCircle
 10
96.858675
 20
254.238079
 30
0.0
 40
0.2499999999999821
100
AcDbArc
 50
2.248785
 51
75.517135
  0
ARC
  5
983
330
70
100
AcDbEntity
  8
Visible
100
AcDbCircle
 10
98.67452
 20
261.099334
 30
0.0
 40
6.847729957664529
100
AcDbArc
 50
246.730144
 51
255.163957
  0
ARC
  5
984
330
70
100
AcDbEntity
  8
Visible
100
AcDbCircle
 10
96.979541
 20
257.314332
 30
0.0
 40
0.2500000000000111
100
AcDbArc
 50
279.982865
 51
353.251215
  0
ARC
  5
985
330
70
100
AcDbEntity
  8
Visible
100
AcDbCircle
 10
98.251461
 20
250.331759
 30
0.0
 40
6.847729957663853
100
AcDbArc
 50
100.336043
 51
108.769856
  0
ARC
  5
986
330
70
100
AcDbEntity
  8
Visible
100
AcDbCircle
 10
96.858707
 20
255.778995
 30
0.0
 40
0.2500000000000116
100
AcDbArc
 50
357.748785
 51
71.017135
  0
ARC
  5
987
330
70
100
AcDbEntity
  8
Visible
100
AcDbCircle
 10
99.207283
 20
262.47663
 30
0.0
 40
6.847729957663975
100
AcDbArc
 50
242.230144
 51
250.663957
  0
ARC
  5
988
330
70
100
AcDbEntity
  8
Visible
100
AcDbCircle
 10
97.220561
 20
258.836283
 30
0.0
 40
0.2500000000000347
100
AcDbArc
 50
275.482865
 51
348.751215
  0
ARC
  5
989
330
70
100
AcDbEntity
  8
Visible
100
AcDbCircle
 10
97.940714
 20
251.77544
 30
0.0
 40
6.847729957663394
100
AcDbArc
 50
95.836043
 51
104.269856
  0
ARC
  5
98A
330
70
100
AcDbEntity
  8
Visible
100
AcDbCircle
 10
96.979639
 20
257.315159
 30
0.0
 40
0.249999999999963
100
AcDbArc
 50
353.248785
 51
66.517135
  0
ARC
  5
98B
330
70
100
AcDbEntity
  8
Visible
100
AcDbCircle
 10
99.846465
 20
263.80788
 30
0.0
 40
6.847729957663954
100
AcDbArc
 50
237.730144
 51
246.163957
  0
ARC
  5
98C
330
70
100
AcDbEntity
  8
Visible
100
AcDbCircle
 10
97.580249
 20
260.334631
 30
0.0
 40
0.2499999999998966
100
AcDbArc
 50
270.982865
 51
344.251215
  0
ARC
  5
98D
330
70
100
AcDbEntity
  8
Visible
100
AcDbCircle
 10
97.744195
 20
253.239052
 30
0.0
 40
6.847729957663647
100
AcDbArc
 50
91.336043
 51
99.769856
  0
ARC
  5
98E
330
70
100
AcDbEntity
  8
Visible
100
AcDbCircle
 10
97.220724
 20
258.837099
 30
0.0
 40
0.2499999999999452
100
AcDbArc
 50
348.748785
 51
62.017135
  0
ARC
  5
98F
330
70
100
AcDbEntity
  8
Visible
100
AcDbCircle
 10
100.588126
 20
265.084876
 30
0.0
 40
6.847729957664149
100
AcDbArc
 50
233.230144
 51
241.663957
  0
ARC
  5
990
330
70
100
AcDbEntity
  8
Visible
100
AcDbCircle
 10
98.056387
 20
261.80014
 30
0.0
 40
0.2499999999999901
100
AcDbArc
 50
266.482865
 51
339.751215
  0
ARC
  5
991
330
70
100
AcDbEntity
  8
Visible
100
AcDbCircle
 10
97.663115
 20
254.713571
 30
0.0
 40
6.847729957663453
100
AcDbArc
 50
86.836043
 51
95.269856
  0
ARC
  5
992
330
70
100
AcDbEntity
  8
Visible
100
AcDbCircle
 10
97.580475
 20
260.335432
 30
0.0
 40
0.2499999999999854
100
AcDbArc
 50
344.248785
 51
57.517135
  0
ARC
  5
993
330
70
100
AcDbEntity
  8
Visible
100
AcDbCircle
 10
101.427691
 20
266.299746
 30
0.0
 40
6.847729957663944
100
AcDbArc
 50
228.730144
 51
237.163957
  0
ARC
  5
994
330
70
100
AcDbEntity
  8
Visible
100
AcDbCircle
 10
98.64604
 20
263.223773
 30
0.0
 40
0.2500000000000211
100
AcDbArc
 50
261.982865
 51
335.251215
  0
ARC
  5
995
330
70
100
AcDbEntity
  8
Visible
100
AcDbCircle
 10
97.697975
 20
256.189906
 30
0.0
 40
6.847729957663206
100
AcDbArc
 50
82.336043
 51
90.769856
  0
ARC
  5
996
330
70
100
AcDbEntity
  8
Visible
100
AcDbCircle
 10
98.056676
 20
261.800921
 30
0.0
 40
0.2500000000000025
100
AcDbArc
 50
339.748785
 51
53.017135
  0
ARC
  5
997
330
70
100
AcDbEntity
  8
Visible
100
AcDbCircle
 10
102.359987
 20
267.444999
 30
0.0
 40
6.84772995766334
100
AcDbArc
 50
224.230144
 51
232.663957
  0
ARC
  5
998
330
70
100
AcDbEntity
  8
Visible
100
AcDbCircle
 10
99.345573
 20
264.596755
 30
0.0
 40
0.250000000000004
100
AcDbArc
 50
257.482865
 51
330.751215
  0
ARC
  5
999
330
70
100
AcDbEntity
  8
Visible
100
AcDbCircle
 10
97.848559
 20
257.658955
 30
0.0
 40
6.847729957662511
100
AcDbArc
 50
77.836043
 51
86.269856
  0
ARC
  5
99A
330
70
100
AcDbEntity
  8
Visible
100
AcDbCircle
 10
98.646389
 20
263.224529
 30
0.0
 40
0.2499999999999787
100
AcDbArc
 50
335.248785
 51
48.517135
  0
ARC
  5
99B
330
70
100
AcDbEntity
  8
Visible
100
AcDbCircle
 10
103.379264
 20
268.513575
 30
0.0
 40
6.847729957663641
100
AcDbArc
 50
219.730144
 51
228.163957
  0
ARC
  5
99C
330
70
100
AcDbEntity
  8
Visible
100
AcDbCircle
 10
100.150671
 20
265.910619
 30
0.0
 40
0.2500000000000271
100
AcDbArc
 50
252.982865
 51
326.251215
  0
ARC
  5
99D
330
70
100
AcDbEntity
  8
Visible
100
AcDbCircle
 10
98.113939
 20
259.111661
 30
0.0
 40
6.847729957663091
100
AcDbArc
 50
73.336043
 51
81.769856
  0
ARC
  5
99E
330
70
100
AcDbEntity
  8
Visible
100
AcDbCircle
 10
99.345979
 20
264.597481
 30
0.0
 40
0.2499999999999642
100
AcDbArc
 50
330.748785
 51
44.017135
  0
ARC
  5
99F
330
70
100
AcDbEntity
  8
Visible
100
AcDbCircle
 10
104.479238
 20
269.498886
 30
0.0
 40
6.847729957664324
100
AcDbArc
 50
215.230144
 51
223.663957
  0
ARC
  5
9A0
330
70
100
AcDbEntity
  8
Visible
100
AcDbCircle
 10
101.056373
 20
267.157266
 30
0.0
 40
0.2499999999999907
100
AcDbArc
 50
248.482865
 51
321.751215
  0
ARC
  5
9A1
330
70
100
AcDbEntity
  8
Visible
100
AcDbCircle
 10
98.492479
 20
260.539066
 30
0.0
 40
6.847729957663633
100
AcDbArc
 50
68.836043
 51
77.269856
  0
ARC
  5
9A2
330
70
100
AcDbEntity
  8
Visible
100
AcDbCircle
 10
100.151134
 20
265.911311
 30
0.0
 40
0.2500000000000202
100
AcDbArc
 50
326.248785
 51
39.517135
  0
ARC
  5
9A3
330
70
100
AcDbEntity
  8
Visible
100
AcDbCircle
 10
105.653128
 20
270.394855
 30
0.0
 40
6.84772995766503
100
AcDbArc
 50
210.730144
 51
219.163957
  0
ARC
  5
9A4
330
70
100
AcDbEntity
  8
Visible
100
AcDbCircle
 10
102.057093
 20
268.329009
 30
0.0
 40
0.2500000000001822
100
AcDbArc
 50
243.982865
 51
317.251215
  0
ARC
  5
9A5
330
70
100
AcDbEntity
  8
Visible
100
AcDbCircle
 10
98.981845
 20
261.932372
 30
0.0
 40
6.847729957663251
100
AcDbArc
 50
64.336043
 51
72.769856
  0
ARC
  5
9A6
330
70
100
AcDbEntity
  8
Visible
100
AcDbCircle
 10
101.056888
 20
267.157919
 30
0.0
 40
0.250000000000006
100
AcDbArc
 50
321.748785
 51
35.017135
  0
ARC
  5
9A7
330
70
100
AcDbEntity
  8
Visible
100
AcDbCircle
 10
106.893697
 20
271.195961
 30
0.0
 40
6.847729957663349
100
AcDbArc
 50
206.230144
 51
214.663957
  0
ARC
  5
9A8
330
70
100
AcDbEntity
  8
Visible
100
AcDbCircle
 10
103.146662
 20
269.418624
 30
0.0
 40
0.2499999999999452
100
AcDbArc
 50
239.482865
 51
312.751215
  0
ARC
  5
9A9
330
70
100
AcDbEntity
  8
Visible
100
AcDbCircle
 10
99.579019
 20
263.282988
 30
0.0
 40
6.847729957663222
100
AcDbArc
 50
59.836043
 51
68.269856
  0
ARC
  5
9AA
330
70
100
AcDbEntity
  8
Visible
100
AcDbCircle
 10
102.057658
 20
268.32962
 30
0.0
 40
0.2499999999999726
100
AcDbArc
 50
317.248785
 51
30.517135
  0
ARC
  5
9AB
330
70
100
AcDbEntity
  8
Visible
100
AcDbCircle
 10
108.193295
 20
271.897263
 30
0.0
 40
6.847729957663295
100
AcDbArc
 50
201.730144
 51
210.163957
  0
ARC
  5
9AC
330
70
100
AcDbEntity
  8
Visible
100
AcDbCircle
 10
104.318363
 20
270.419394
 30
0.0
 40
0.2500000000000446
100
AcDbArc
 50
234.982865
 51
308.251215
  0
ARC
  5
9AD
330
70
100
AcDbEntity
  8
Visible
100
AcDbCircle
 10
100.280322
 20
264.582586
 30
0.0
 40
6.847729957663648
100
AcDbArc
 50
55.336043
 51
63.769856
  0
ARC
  5
9AE
330
70
100
AcDbEntity
  8
Visible
100
AcDbCircle
 10
103.147274
 20
269.419189
 30
0.0
 40
0.2500000000000054
100
AcDbArc
 50
312.748785
 51
26.017135
  0
ARC
  5
9AF
330
70
100
AcDbEntity
  8
Visible
100
AcDbCircle
 10
109.54391
 20
272.494438
 30
0.0
 40
6.84772995766455
100
AcDbArc
 50
197.230144
 51
205.663957
  0
ARC
  5
9B0
330
70
100
AcDbEntity
  8
Visible
100
AcDbCircle
 10
105.564971
 20
271.325149
 30
0.0
 40
0.2500000000000087
100
AcDbArc
 50
230.482865
 51
303.751215
  0
ARC
  5
9B1
330
70
100
AcDbEntity
  8
Visible
100
AcDbCircle
 10
101.081427
 20
265.823154
 30
0.0
 40
6.847729957664036
100
AcDbArc
 50
50.836043
 51
59.269856
  0
ARC
  5
9B2
330
70
100
AcDbEntity
  8
Visible
100
AcDbCircle
 10
104.319017
 20
270.41991
 30
0.0
 40
0.2500000000000491
100
AcDbArc
 50
308.248785
 51
21.517135
  0
ARC
  5
9B3
330
70
100
AcDbEntity
  8
Visible
100
AcDbCircle
 10
110.937216
 20
272.983804
 30
0.0
 40
6.847729957663688
100
AcDbArc
 50
192.730144
 51
201.163957
  0
ARC
  5
9B4
330
70
100
AcDbEntity
  8
Visible
100
AcDbCircle
 10
106.878802
 20
272.130303
 30
0.0
 40
0.2500000000000157
100
AcDbArc
 50
225.982865
 51
299.251215
  0
ARC
  5
9B5
330
70
100
AcDbEntity
  8
Visible
100
AcDbCircle
 10
101.977397
 20
266.997044
 30
0.0
 40
6.847729957663605
100
AcDbArc
 50
46.336043
 51
54.769856
  0
ARC
  5
9B6
330
70
100
AcDbEntity
  8
Visible
100
AcDbCircle
 10
105.565664
 20
271.325611
 30
0.0
 40
0.2499999999999949
100
AcDbArc
 50
303.748785
 51
17.017135
  0
ARC
  5
9B7
330
70
100
AcDbEntity
  8
Visible
100
AcDbCircle
 10
112.364622
 20
273.362344
 30
0.0
 40
6.847729957664027
100
AcDbArc
 50
188.230144
 51
196.663957
  0
ARC
  5
9B8
330
70
100
AcDbEntity
  8
Visible
100
AcDbCircle
 10
108.251753
 20
272.829894
 30
0.0
 40
0.2500000000000698
100
AcDbArc
 50
221.482865
 51
294.751215
  0
ARC
  5
9B9
330
70
100
AcDbEntity
  8
Visible
100
AcDbCircle
 10
102.962707
 20
268.097019
 30
0.0
 40
6.847729957663197
100
AcDbArc
 50
41.836043
 51
50.269856
  0
ARC
  5
9BA
330
70
100
AcDbEntity
  8
Visible
100
AcDbCircle
 10
106.879528
 20
272.13071
 30
0.0
 40
0.2500000000000507
100
AcDbArc
 50
299.248785
 51
12.517135
  0
ARC
  5
9BB
330
70
100
AcDbEntity
  8
Visible
100
AcDbCircle
 10
113.817327
 20
273.627724
 30
0.0
 40
6.847729957664051
100
AcDbArc
 50
183.730144
 51
192.163957
  0
ARC
  5
9BC
330
70
100
AcDbEntity
  8
Visible
100
AcDbCircle
 10
109.675362
 20
273.419607
 30
0.0
 40
0.2499999999999161
100
AcDbArc
 50
216.982865
 51
290.251215
  0
ARC
  5
9BD
330
70
100
AcDbEntity
  8
Visible
100
AcDbCircle
 10
104.031283
 20
269.116296
 30
0.0
 40
6.847729957663659
100
AcDbArc
 50
37.336043
 51
45.769856
  0
ARC
  5
9BE
330
70
100
AcDbEntity
  8
Visible
100
AcDbCircle
 10
108.252509
 20
272.830242
 30
0.0
 40
0.2500000000000214
100
AcDbArc
 50
294.748785
 51
8.017135
  0
ARC
  5
9BF
330
70
100
AcDbEntity
  8
Visible
100
AcDbCircle
 10
115.286376
 20
273.778308
 30
0.0
 40
6.847729957664101
100
AcDbArc
 50
179.230144
 51
187.663957
  0
ARC
  5
9C0
330
70
100
AcDbEntity
  8
Visible
100
AcDbCircle
 10
111.14085
 20
273.895807
 30
0.0
 40
0.2500000000000146
100
AcDbArc
 50
212.482865
 51
285.751215
  0
ARC
  5
9C1
330
70
100
AcDbEntity
  8
Visible
100
AcDbCircle
 10
105.176536
 20
270.048591
 30
0.0
 40
6.847729957662346
100
AcDbArc
 50
32.836043
 51
41.269856
  0
ARC
  5
9C2
330
70
100
AcDbEntity
  8
Visible
100
AcDbCircle
 10
109.676143
 20
273.419895
 30
0.0
 40
0.2500000000000659
100
AcDbArc
 50
290.248785
 51
3.517135
  0
ARC
  5
9C3
330
70
100
AcDbEntity
  8
Visible
100
AcDbCircle
 10
116.762711
 20
273.813167
 30
0.0
 40
6.847729957663265
100
AcDbArc
 50
174.730144
 51
183.163957
  0
ARC
  5
9C4
330
70
100
AcDbEntity
  8
Visible
100
AcDbCircle
 10
112.639183
 20
274.255559
 30
0.0
 40
0.250000000000014
100
AcDbArc
 50
207.982865
 51
281.251215
  0
ARC
  5
9C5
330
70
100
AcDbEntity
  8
Visible
100
AcDbCircle
 10
106.391406
 20
270.888157
 30
0.0
 40
6.847729957662409
100
AcDbArc
 50
28.336043
 51
36.769856
  0
ARC
  5
9C6
330
70
100
AcDbEntity
  8
Visible
100
AcDbCircle
 10
111.141652
 20
273.896033
 30
0.0
 40
0.2500000000000271
100
AcDbArc
 50
285.748785
 51
359.017135
  0
ARC
  5
9C7
330
70
100
AcDbEntity
  8
Visible
100
AcDbCircle
 10
118.23723
 20
273.732088
 30
0.0
 40
6.8477299576638
100
AcDbArc
 50
170.230144
 51
178.663957
  0
ARC
  5
9C8
330
70
100
AcDbEntity
  8
Visible
100
AcDbCircle
 10
114.161123
 20
274.496644
 30
0.0
 40
0.249999999999994
100
AcDbArc
 50
203.482865
 51
276.751215
  0
ARC
  5
9C9
330
70
100
AcDbEntity
  8
Visible
100
AcDbCircle
 10
107.668403
 20
271.629817
 30
0.0
 40
6.847729957663065
100
AcDbArc
 50
23.836043
 51
32.269856
  0
ARC
  5
9CA
330
70
100
AcDbEntity
  8
Visible
100
AcDbCircle
 10
112.64
 20
274.255721
 30
0.0
 40
0.2500000000000011
100
AcDbArc
 50
281.248785
 51
354.517135
  0
ARC
  5
9CB
330
70
100
AcDbEntity
  8
Visible
100
AcDbCircle
 10
119.700842
 20
273.535568
 30
0.0
 40
6.847729957662767
100
AcDbArc
 50
165.730144
 51
174.163957
  0
ARC
  5
9CC
330
70
100
AcDbEntity
  8
Visible
100
AcDbCircle
 10
115.697287
 20
274.617575
 30
0.0
 40
0.249999999999991
100
AcDbArc
 50
198.982865
 51
272.251215
  0
ARC
  5
9CD
330
70
100
AcDbEntity
  8
Visible
100
AcDbCircle
 10
108.999653
 20
272.268999
 30
0.0
 40
6.847729957663261
100
AcDbArc
 50
19.336043
 51
27.769856
  0
ARC
  5
9CE
330
70
100
AcDbEntity
  8
Visible
100
AcDbCircle
 10
114.16195
 20
274.496741
 30
0.0
 40
0.2499999999999851
100
AcDbArc
 50
276.748785
 51
350.017135
  0
ARC
  5
9CF
330
70
100
AcDbEntity
  8
Visible
100
AcDbCircle
 10
121.144524
 20
273.224821
 30
0.0
 40
6.847729957665059
100
AcDbArc
 50
161.230144
 51
169.663957
  0
ARC
  5
9D0
330
70
100
AcDbEntity
  8
Visible
100
AcDbCircle
 10
117.238203
 20
274.617608
 30
0.0
 40
0.2499999999999767
100
AcDbArc
 50
194.482865
 51
267.751215
  0
ARC
  5
9D1
330
70
100
AcDbEntity
  8
Visible
100
AcDbCircle
 10
110.376949
 20
272.801762
 30
0.0
 40
6.847729957663401
100
AcDbArc
 50
14.836043
 51
23.269856
  0
ARC
  5
9D2
330
70
100
AcDbEntity
  8
Visible
100
AcDbCircle
 10
115.698119
 20
274.617608
 30
0.0
 40
0.2499999999999764
100
AcDbArc
 50
272.248785
 51
345.517135
  0
ARC
  5
9D3
330
70
100
AcDbEntity
  8
Visible
100
AcDbCircle
 10
122.559374
 20
272.801762
 30
0.0
 40
6.847729957663988
100
AcDbArc
 50
156.730144
 51
165.163957
  0
ARC
  5
9D4
330
70
100
AcDbEntity
  8
Visible
100
AcDbCircle
 10
118.774372
 20
274.496741
 30
0.0
 40
0.2499999999999868
100
AcDbArc
 50
189.982865
 51
263.251215
  0
ARC
  5
9D5
330
70
100
AcDbEntity
  8
Visible
100
AcDbCircle
 10
111.791799
 20
273.224821
 30
0.0
 40
6.847729957662281
100
AcDbArc
 50
10.336043
 51
18.769856
  0
ARC
  5
9D6
330
70
100
AcDbEntity
  8
Visible
100
AcDbCircle
 10
117.239035
 20
274.617575
 30
0.0
 40
0.2500000000000008
100
AcDbArc
 50
267.748785
 51
341.017135
  0
ARC
  5
9D7
330
70
100
AcDbEntity
  8
Visible
100
AcDbCircle
 10
123.93667
 20
272.268999
 30
0.0
 40
6.847729957666145
100
AcDbArc
 50
152.230144
 51
160.663957
  0
ARC
  5
9D8
330
70
100
AcDbEntity
  8
Visible
100
AcDbCircle
 10
120.296322
 20
274.255721
 30
0.0
 40
0.2499999999999558
100
AcDbArc
 50
185.482865
 51
258.751215
  0
ARC
  5
9D9
330
70
100
AcDbEntity
  8
Visible
100
AcDbCircle
 10
113.23548
 20
273.535568
 30
0.0
 40
6.847729957664093
100
AcDbArc
 50
5.836043
 51
14.269856
  0
ARC
  5
9DA
330
70
100
AcDbEntity
  8
Visible
100
AcDbCircle
 10
118.775199
 20
274.496644
 30
0.0
 40
0.2500000000000377
100
AcDbArc
 50
263.248785
 51
336.517135
  0
ARC
  5
9DB
330
70
100
AcDbEntity
  8
Visible
100
AcDbCircle
 10
125.267919
 20
271.629817
 30
0.0
 40
6.847729957664242
100
AcDbArc
 50
147.730144
 51
156.163957
  0
ARC
  5
9DC
330
70
100
AcDbEntity
  8
Visible
100
AcDbCircle
 10
121.794671
 20
273.896033
 30
0.0
 40
0.2499999999999767
100
AcDbArc
 50
180.982865
 51
254.251215
  0
ARC
  5
9DD
330
70
100
AcDbEntity
  8
Visible
100
AcDbCircle
 10
114.699092
 20
273.732088
 30
0.0
 40
6.847729957663288
100
AcDbArc
 50
1.336043
 51
9.769856
  0
ARC
  5
9DE
330
70
100
AcDbEntity
  8
Visible
100
AcDbCircle
 10
120.297139
 20
274.255559
 30
0.0
 40
0.2499999999999939
100
AcDbArc
 50
258.748785
 51
332.017135
  0
ARC
  5
9DF
330
70
100
AcDbEntity
  8
Visible
100
AcDbCircle
 10
126.544916
 20
270.888157
 30
0.0
 40
6.847729957665571
100
AcDbArc
 50
143.230144
 51
151.663957
  0
ARC
  5
9E0
330
70
100
AcDbEntity
  8
Visible
100
AcDbCircle
 10
123.260179
 20
273.419895
 30
0.0
 40
0.2500000000000371
100
AcDbArc
 50
176.482865
 51
249.751215
  0
ARC
  5
9E1
330
70
100
AcDbEntity
  8
Visible
100
AcDbCircle
 10
116.173611
 20
273.813167
 30
0.0
 40
6.847729957663401
100
AcDbArc
 50
356.836043
 51
5.269856
  0
ARC
  5
9E2
330
70
100
AcDbEntity
  8
Visible
100
AcDbCircle
 10
121.795472
 20
273.895807
 30
0.0
 40
0.2499999999999702
100
AcDbArc
 50
254.248785
 51
327.517135
  0
ARC
  5
9E3
330
70
100
AcDbEntity
  8
Visible
100
AcDbCircle
 10
127.759786
 20
270.048591
 30
0.0
 40
6.847729957663337
100
AcDbArc
 50
138.730144
 51
147.163957
  0
ARC
  5
9E4
330
70
100
AcDbEntity
  8
Visible
100
AcDbCircle
 10
124.683813
 20
272.830242
 30
0.0
 40
0.2500000000000218
100
AcDbArc
 50
171.982865
 51
245.251215
  0
ARC
  5
9E5
330
70
100
AcDbEntity
  8
Visible
100
AcDbCircle
 10
117.649946
 20
273.778308
 30
0.0
 40
6.847729957662514
100
AcDbArc
 50
352.336043
 51
0.769856
  0
ARC
  5
9E6
330
70
100
AcDbEntity
  8
Visible
100
AcDbCircle
 10
123.26096
 20
273.419607
 30
0.0
 40
0.2500000000000277
100
AcDbArc
 50
249.748785
 51
323.017135
  0
ARC
  5
9E7
330
70
100
AcDbEntity
  8
Visible
100
AcDbCircle
 10
128.905039
 20
269.116296
 30
0.0
 40
6.847729957662762
100
AcDbArc
 50
134.230144
 51
142.663957
  0
ARC
  5
9E8
330
70
100
AcDbEntity
  8
Visible
100
AcDbCircle
 10
126.056794
 20
272.13071
 30
0.0
 40
0.2500000000001093
100
AcDbArc
 50
167.482865
 51
240.751215
  0
ARC
  5
9E9
330
70
100
AcDbEntity
  8
Visible
100
AcDbCircle
 10
119.118995
 20
273.627724
 30
0.0
 40
6.847729957661926
100
AcDbArc
 50
347.836043
 51
356.269856
  0
ARC
  5
9EA
330
70
100
AcDbEntity
  8
Visible
100
AcDbCircle
 10
124.684569
 20
272.829894
 30
0.0
 40
0.2499999999999507
100
AcDbArc
 50
245.248785
 51
318.517135
  0
ARC
  5
9EB
330
70
100
AcDbEntity
  8
Visible
100
AcDbCircle
 10
129.973615
 20
268.097019
 30
0.0
 40
6.847729957664505
100
AcDbArc
 50
129.730144
 51
138.163957
  0
ARC
  5
9EC
330
70
100
AcDbEntity
  8
Visible
100
AcDbCircle
 10
127.370659
 20
271.325611
 30
0.0
 40
0.2499999999998759
100
AcDbArc
 50
162.982865
 51
236.251215
  0
ARC
  5
9ED
330
70
100
AcDbEntity
  8
Visible
100
AcDbCircle
 10
120.5717
 20
273.362344
 30
0.0
 40
6.847729957663743
100
AcDbArc
 50
343.336043
 51
351.769856
  0
ARC
  5
9EE
330
70
100
AcDbEntity
  8
Visible
100
AcDbCircle
 10
126.057521
 20
272.130303
 30
0.0
 40
0.249999999999894
100
AcDbArc
 50
240.748785
 51
314.017135
  0
ARC
  5
9EF
330
70
100
AcDbEntity
  8
Visible
100
AcDbCircle
 10
130.958925
 20
266.997044
 30
0.0
 40
6.847729957663097
100
AcDbArc
 50
125.230144
 51
133.663957
  0
ARC
  5
9F0
330
70
100
AcDbEntity
  8
Visible
100
AcDbCircle
 10
128.617305
 20
270.41991
 30
0.0
 40
0.2500000000000103
100
AcDbArc
 50
158.482865
 51
231.751215
  0
ARC
  5
9F1
330
70
100
AcDbEntity
  8
Visible
100
AcDbCircle
 10
121.999106
 20
272.983804
 30
0.0
 40
6.847729957662192
100
AcDbArc
 50
338.836043
 51
347.269856
  0
ARC
  5
9F2
330
70
100
AcDbEntity
  8
Visible
100
AcDbCircle
 10
127.371351
 20
271.325149
 30
0.0
 40
0.2499999999999507
100
AcDbArc
 50
236.248785
 51
309.517135
  0
ARC
  5
9F3
330
70
100
AcDbEntity
  8
Visible
100
AcDbCircle
 10
131.854895
 20
265.823154
 30
0.0
 40
6.847729957665277
100
AcDbArc
 50
120.730144
 51
129.163957
  0
ARC
  5
9F4
330
70
100
AcDbEntity
  8
Visible
100
AcDbCircle
 10
129.789049
 20
269.419189
 30
0.0
 40
0.2499999999999646
100
AcDbArc
 50
153.982865
 51
227.251215
  0
ARC
  5
9F5
330
70
100
AcDbEntity
  8
Visible
100
AcDbCircle
 10
123.392412
 20
272.494438
 30
0.0
 40
6.847729957661704
100
AcDbArc
 50
334.336043
 51
342.769856
  0
ARC
  5
9F6
330
70
100
AcDbEntity
  8
Visible
100
AcDbCircle
 10
128.617959
 20
270.419394
 30
0.0
 40
0.2500000000000754
100
AcDbArc
 50
231.748785
 51
305.017135
  0
ARC
  5
9F7
330
70
100
AcDbEntity
  8
Visible
100
AcDbCircle
 10
132.656001
 20
264.582586
 30
0.0
 40
6.847729957664517
100
AcDbArc
 50
116.230144
 51
124.663957
  0
ARC
  5
9F8
330
70
100
AcDbEntity
  8
Visible
100
AcDbCircle
 10
130.878664
 20
268.32962
 30
0.0
 40
0.2499999999999561
100
AcDbArc
 50
149.482865
 51
222.751215
  0
ARC
  5
9F9
330
70
100
AcDbEntity
  8
Visible
100
AcDbCircle
 10
124.743027
 20
271.897263
 30
0.0
 40
6.847729957663126
100
AcDbArc
 50
329.836043
 51
338.269856
  0
ARC
  5
9FA
330
70
100
AcDbEntity
  8
Visible
100
AcDbCircle
 10
129.78966
 20
269.418624
 30
0.0
 40
0.2500000000001202
100
AcDbArc
 50
227.248785
 51
300.517135
  0
ARC
  5
9FB
330
70
100
AcDbEntity
  8
Visible
100
AcDbCircle
 10
133.357303
 20
263.282988
 30
0.0
 40
6.847729957664113
100
AcDbArc
 50
111.730144
 51
120.163957
  0
ARC
  5
9FC
330
70
100
AcDbEntity
  8
Visible
100
AcDbCircle
 10
131.879434
 20
267.157919
 30
0.0
 40
0.2499999999999547
100
AcDbArc
 50
144.982865
 51
218.251215
  0
ARC
  5
9FD
330
70
100
AcDbEntity
  8
Visible
100
AcDbCircle
 10
126.042626
 20
271.195961
 30
0.0
 40
6.847729957663787
100
AcDbArc
 50
325.336043
 51
333.769856
  0
ARC
  5
9FE
330
70
100
AcDbEntity
  8
Visible
100
AcDbCircle
 10
130.879229
 20
268.329009
 30
0.0
 40
0.2500000000000957
100
AcDbArc
 50
222.748785
 51
296.017135
  0
ARC
  5
9FF
330
70
100
AcDbEntity
  8
Visible
100
AcDbCircle
 10
133.954478
 20
261.932372
 30
0.0
 40
6.847729957663938
100
AcDbArc
 50
107.230144
 51
115.663957
  0
ARC
  5
A00
330
70
100
AcDbEntity
  8
Visible
100
AcDbCircle
 10
132.785188
 20
265.911311
 30
0.0
 40
0.2500000000001041
100
AcDbArc
 50
140.482865
 51
213.751215
  0
ARC
  5
A01
330
70
100
AcDbEntity
  8
Visible
100
AcDbCircle
 10
127.283194
 20
270.394855
 30
0.0
 40
6.847729957663106
100
AcDbArc
 50
320.836043
 51
329.269856
  0
ARC
  5
A02
330
70
100
AcDbEntity
  8
Visible
100
AcDbCircle
 10
131.87995
 20
267.157266
 30
0.0
 40
0.2500000000000781
100
AcDbArc
 50
218.248785
 51
291.517135
  0
ARC
  5
A03
330
70
100
AcDbEntity
  8
Visible
100
AcDbCircle
 10
134.443844
 20
260.539066
 30
0.0
 40
6.847729957663705
100
AcDbArc
 50
102.730144
 51
111.163957
  0
ARC
  5
A04
330
70
100
AcDbEntity
  8
Visible
100
AcDbCircle
 10
133.590343
 20
264.597481
 30
0.0
 40
0.2499999999999046
100
AcDbArc
 50
135.982865
 51
209.251215
  0
ARC
  5
A05
330
70
100
AcDbEntity
  8
Visible
100
AcDbCircle
 10
128.457084
 20
269.498886
 30
0.0
 40
6.847729957663656
100
AcDbArc
 50
316.336043
 51
324.769856
  0
ARC
  5
A06
330
70
100
AcDbEntity
  8
Visible
100
AcDbCircle
 10
132.785651
 20
265.910619
 30
0.0
 40
0.2499999999999857
100
AcDbArc
 50
213.748785
 51
287.017135
  0
ARC
  5
A07
330
70
100
AcDbEntity
  8
Visible
100
AcDbCircle
 10
134.822384
 20
259.111661
 30
0.0
 40
6.847729957663508
100
AcDbArc
 50
98.230144
 51
106.663957
  0
ARC
  5
A08
330
70
100
AcDbEntity
  8
Visible
100
AcDbCircle
 10
134.289933
 20
263.224529
 30
0.0
 40
0.2500000000000015
100
AcDbArc
 50
131.482865
 51
204.751215
  0
ARC
  5
A09
330
70
100
AcDbEntity
  8
Visible
100
AcDbCircle
 10
129.557058
 20
268.513575
 30
0.0
 40
6.847729957662863
100
AcDbArc
 50
311.836043
 51
320.269856
  0
ARC
  5
A0A
330
70
100
AcDbEntity
  8
Visible
100
AcDbCircle
 10
133.59075
 20
264.596755
 30
0.0
 40
0.2500000000000191
100
AcDbArc
 50
209.248785
 51
282.517135
  0
ARC
  5
A0B
330
70
100
AcDbEntity
  8
Visible
100
AcDbCircle
 10
135.087764
 20
257.658955
 30
0.0
 40
6.847729957663654
100
AcDbArc
 50
93.730144
 51
102.163957
  0
ARC
  5
A0C
330
70
100
AcDbEntity
  8
Visible
100
AcDbCircle
 10
134.879647
 20
261.800921
 30
0.0
 40
0.2499999999999741
100
AcDbArc
 50
126.982865
 51
200.251215
  0
ARC
  5
A0D
330
70
100
AcDbEntity
  8
Visible
100
AcDbCircle
 10
130.576335
 20
267.444999
 30
0.0
 40
6.847729957663307
100
AcDbArc
 50
307.336043
 51
315.769856
  0
ARC
  5
A0E
330
70
100
AcDbEntity
  8
Visible
100
AcDbCircle
 10
134.290282
 20
263.223773
 30
0.0
 40
0.2499999999999528
100
AcDbArc
 50
204.748785
 51
278.017135
  0
ARC
  5
A0F
330
70
100
AcDbEntity
  8
Visible
100
AcDbCircle
 10
135.238348
 20
256.189906
 30
0.0
 40
6.84772995766374
100
AcDbArc
 50
89.230144
 51
97.663957
  0
ARC
  5
A10
330
70
100
AcDbEntity
  8
Visible
100
AcDbCircle
 10
135.355847
 20
260.335432
 30
0.0
 40
0.2499999999999333
100
AcDbArc
 50
122.482865
 51
195.751215
  0
ARC
  5
A11
330
70
100
AcDbEntity
  8
Visible
100
AcDbCircle
 10
131.508631
 20
266.299746
 30
0.0
 40
6.847729957662686
100
AcDbArc
 50
302.836043
 51
311.269856
  0
ARC
  5
A12
330
70
100
AcDbEntity
  8
Visible
100
AcDbCircle
 10
134.879935
 20
261.80014
 30
0.0
 40
0.2499999999999709
100
AcDbArc
 50
200.248785
 51
273.517135
  0
ARC
  5
A13
330
70
100
AcDbEntity
  8
Visible
100
AcDbCircle
 10
135.273207
 20
254.713571
 30
0.0
 40
6.847729957664178
100
AcDbArc
 50
84.730144
 51
93.163957
  0
ARC
  5
A14
330
70
100
AcDbEntity
  8
Visible
100
AcDbCircle
 10
135.715599
 20
258.837099
 30
0.0
 40
0.249999999999941
100
AcDbArc
 50
117.982865
 51
191.251215
  0
ARC
  5
A15
330
70
100
AcDbEntity
  8
Visible
100
AcDbCircle
 10
132.348197
 20
265.084876
 30
0.0
 40
6.847729957662932
100
AcDbArc
 50
298.336043
 51
306.769856
  0
ARC
  5
A16
330
70
100
AcDbEntity
  8
Visible
100
AcDbCircle
 10
135.356073
 20
260.334631
 30
0.0
 40
0.250000000000017
100
AcDbArc
 50
195.748785
 51
269.017135
  0
ARC
  5
A17
330
70
100
AcDbEntity
  8
Visible
100
AcDbCircle
 10
135.192127
 20
253.239052
 30
0.0
 40
6.847729957663784
100
AcDbArc
 50
80.230144
 51
88.663957
  0
ARC
  5
A18
330
70
100
AcDbEntity
  8
Visible
100
AcDbCircle
 10
135.956683
 20
257.315159
 30
0.0
 40
0.2500000000000701
100
AcDbArc
 50
113.482865
 51
186.751215
  0
ARC
  5
A19
330
70
100
AcDbEntity
  8
Visible
100
AcDbCircle
 10
133.089857
 20
263.80788
 30
0.0
 40
6.847729957662756
100
AcDbArc
 50
293.836043
 51
302.269856
  0
ARC
  5
A1A
330
70
100
AcDbEntity
  8
Visible
100
AcDbCircle
 10
135.715761
 20
258.836283
 30
0.0
 40
0.2499999999999871
100
AcDbArc
 50
191.248785
 51
264.517135
  0
ARC
  5
A1B
330
70
100
AcDbEntity
  8
Visible
100
AcDbCircle
 10
134.995608
 20
251.77544
 30
0.0
 40
6.847729957663686
100
AcDbArc
 50
75.730144
 51
84.163957
  0
ARC
  5
A1C
330
70
100
AcDbEntity
  8
Visible
100
AcDbCircle
 10
136.077615
 20
255.778995
 30
0.0
 40
0.2499999999999877
100
AcDbArc
 50
108.982865
 51
182.251215
  0
ARC
  5
A1D
330
70
100
AcDbEntity
  8
Visible
100
AcDbCircle
 10
133.729039
 20
262.47663
 30
0.0
 40
6.847729957663626
100
AcDbArc
 50
289.336043
 51
297.769856
  0
ARC
  5
A1E
330
70
100
AcDbEntity
  8
Visible
100
AcDbCircle
 10
135.956781
 20
257.314332
 30
0.0
 40
0.2499999999999919
100
AcDbArc
 50
186.748785
 51
260.017135
  0
ARC
  5
A1F
330
70
100
AcDbEntity
  8
Visible
100
AcDbCircle
 10
134.684861
 20
250.331759
 30
0.0
 40
6.847729957663495
100
AcDbArc
 50
71.230144
 51
79.663957
  0
ARC
  5
A20
330
70
100
AcDbEntity
  8
Visible
100
AcDbCircle
 10
116.468161
 20
255.008121
 30
0.0
 40
20.50000000004208
100
AcDbArc
 50
354.941755
 51
356.058245
  0
ARC
  5
A21
330
70
100
AcDbEntity
  8
Visible
100
AcDbCircle
 10
116.468161
 20
255.008121
 30
0.0
 40
20.50000000004208
100
AcDbArc
 50
350.441755
 51
351.558245
  0
ARC
  5
A22
330
70
100
AcDbEntity
  8
Visible
100
AcDbCircle
 10
116.468161
 20
255.008121
 30
0.0
 40
20.50000000004208
100
AcDbArc
 50
345.941755
 51
347.058245
  0
ARC
  5
A23
330
70
100
AcDbEntity
  8
Visible
100
AcDbCircle
 10
116.468161
 20
255.008121
 30
0.0
 40
20.50000000004208
100
AcDbArc
 50
341.441755
 51
342.558245
  0
ARC
  5
A24
330
70
100
AcDbEntity
  8
Visible
100
AcDbCircle
 10
116.468161
 20
255.008121
 30
0.0
 40
20.50000000004208
100
AcDbArc
 50
336.941755
 51
338.058245
  0
ARC
  5
A25
330
70
100
AcDbEntity
  8
Visible
100
AcDbCircle
 10
116.468161
 20
255.008121
 30
0.0
 40
20.50000000004208
100
AcDbArc
 50
332.441755
 51
333.558245
  0
ARC
  5
A26
330
70
100
AcDbEntity
  8
Visible
100
AcDbCircle
 10
116.468161
 20
255.008121
 30
0.0
 40
20.50000000004208
100
AcDbArc
 50
327.941755
 51
329.058245
  0
ARC
  5
A27
330
70
100
AcDbEntity
  8
Visible
100
AcDbCircle
 10
116.468161
 20
255.008121
 30
0.0
 40
20.50000000004208
100
AcDbArc
 50
323.441755
 51
324.558245
  0
ARC
  5
A28
330
70
100
AcDbEntity
  8
Visible
100
AcDbCircle
 10
116.468161
 20
255.008121
 30
0.0
 40
20.50000000004208
100
AcDbArc
 50
318.941755
 51
320.058245
  0
ARC
  5
A29
330
70
100
AcDbEntity
  8
Visible
100
AcDbCircle
 10
116.468161
 20
255.008121
 30
0.0
 40
20.50000000004208
100
AcDbArc
 50
314.441755
 51
315.558245
  0
ARC
  5
A2A
330
70
100
AcDbEntity
  8
Visible
100
AcDbCircle
 10
116.468161
 20
255.008121
 30
0.0
 40
20.50000000004208
100
AcDbArc
 50
309.941755
 51
311.058245
  0
ARC
  5
A2B
330
70
100
AcDbEntity
  8
Visible
100
AcDbCircle
 10
116.468161
 20
255.008121
 30
0.0
 40
20.50000000004208
100
AcDbArc
 50
305.441755
 51
306.558245
  0
ARC
  5
A2C
330
70
100
AcDbEntity
  8
Visible
100
AcDbCircle
 10
116.468161
 20
255.008121
 30
0.0
 40
20.50000000004208
100
AcDbArc
 50
300.941755
 51
302.058245
  0
ARC
  5
A2D
330
70
100
AcDbEntity
  8
Visible
100
AcDbCircle
 10
116.468161
 20
255.008121
 30
0.0
 40
20.50000000004208
100
AcDbArc
 50
296.441755
 51
297.558245
  0
ARC
  5
A2E
330
70
100
AcDbEntity
  8
Visible
100
AcDbCircle
 10
116.468161
 20
255.008121
 30
0.0
 40
20.50000000004208
100
AcDbArc
 50
291.941755
 51
293.058245
  0
ARC
  5
A2F
330
70
100
AcDbEntity
  8
Visible
100
AcDbCircle
 10
116.468161
 20
255.008121
 30
0.0
 40
20.50000000004208
100
AcDbArc
 50
287.441755
 51
288.558245
  0
ARC
  5
A30
330
70
100
AcDbEntity
  8
Visible
100
AcDbCircle
 10
116.468161
 20
255.008121
 30
0.0
 40
20.50000000004208
100
AcDbArc
 50
282.941755
 51
284.058245
  0
ARC
  5
A31
330
70
100
AcDbEntity
  8
Visible
100
AcDbCircle
 10
116.468161
 20
255.008121
 30
0.0
 40
20.50000000004208
100
AcDbArc
 50
278.441755
 51
279.558245
  0
ARC
  5
A32
330
70
100
AcDbEntity
  8
Visible
100
AcDbCircle
 10
116.468161
 20
255.008121
 30
0.0
 40
20.50000000004208
100
AcDbArc
 50
273.941755
 51
275.058245
  0
ARC
  5
A33
330
70
100
AcDbEntity
  8
Visible
100
AcDbCircle
 10
116.468161
 20
255.008121
 30
0.0
 40
20.50000000004207
100
AcDbArc
 50
269.441755
 51
270.558245
  0
ARC
  5
A34
330
70
100
AcDbEntity
  8
Visible
100
AcDbCircle
 10
116.468161
 20
255.008121
 30
0.0
 40
20.50000000004208
100
AcDbArc
 50
264.941755
 51
266.058245
  0
ARC
  5
A35
330
70
100
AcDbEntity
  8
Visible
100
AcDbCircle
 10
116.468161
 20
255.008121
 30
0.0
 40
20.50000000004208
100
AcDbArc
 50
260.441755
 51
261.558245
  0
ARC
  5
A36
330
70
100
AcDbEntity
  8
Visible
100
AcDbCircle
 10
116.468161
 20
255.008121
 30
0.0
 40
20.50000000004208
100
AcDbArc
 50
255.941755
 51
257.058245
  0
ARC
  5
A37
330
70
100
AcDbEntity
  8
Visible
100
AcDbCircle
 10
116.468161
 20
255.008121
 30
0.0
 40
20.50000000004208
100
AcDbArc
 50
251.441755
 51
252.558245
  0
ARC
  5
A38
330
70
100
AcDbEntity
  8
Visible
100
AcDbCircle
 10
116.468161
 20
255.008121
 30
0.0
 40
20.50000000004207
100
AcDbArc
 50
246.941755
 51
248.058245
  0
ARC
  5
A39
330
70
100
AcDbEntity
  8
Visible
100
AcDbCircle
 10
116.468161
 20
255.008121
 30
0.0
 40
20.50000000004208
100
AcDbArc
 50
242.441755
 51
243.558245
  0
ARC
  5
A3A
330
70
100
AcDbEntity
  8
Visible
100
AcDbCircle
 10
116.468161
 20
255.008121
 30
0.0
 40
20.50000000004208
100
AcDbArc
 50
237.941755
 51
239.058245
  0
ARC
  5
A3B
330
70
100
AcDbEntity
  8
Visible
100
AcDbCircle
 10
116.468161
 20
255.008121
 30
0.0
 40
20.50000000004208
100
AcDbArc
 50
233.441755
 51
234.558245
  0
ARC
  5
A3C
330
70
100
AcDbEntity
  8
Visible
100
AcDbCircle
 10
116.468161
 20
255.008121
 30
0.0
 40
20.50000000004208
100
AcDbArc
 50
228.941755
 51
230.058245
  0
ARC
  5
A3D
330
70
100
AcDbEntity
  8
Visible
100
AcDbCircle
 10
116.468161
 20
255.008121
 30
0.0
 40
20.50000000004208
100
AcDbArc
 50
224.441755
 51
225.558245
  0
ARC
  5
A3E
330
70
100
AcDbEntity
  8
Visible
100
AcDbCircle
 10
116.468161
 20
255.008121
 30
0.0
 40
20.50000000004207
100
AcDbArc
 50
219.941755
 51
221.058245
  0
ARC
  5
A3F
330
70
100
AcDbEntity
  8
Visible
100
AcDbCircle
 10
116.468161
 20
255.008121
 30
0.0
 40
20.50000000004208
100
AcDbArc
 50
215.441755
 51
216.558245
  0
ARC
  5
A40
330
70
100
AcDbEntity
  8
Visible
100
AcDbCircle
 10
116.468161
 20
255.008121
 30
0.0
 40
20.50000000004208
100
AcDbArc
 50
210.941755
 51
212.058245
  0
ARC
  5
A41
330
70
100
AcDbEntity
  8
Visible
100
AcDbCircle
 10
116.468161
 20
255.008121
 30
0.0
 40
20.50000000004208
100
AcDbArc
 50
206.441755
 51
207.558245
  0
ARC
  5
A42
330
70
100
AcDbEntity
  8
Visible
100
AcDbCircle
 10
116.468161
 20
255.008121
 30
0.0
 40
20.50000000004208
100
AcDbArc
 50
201.941755
 51
203.058245
  0
ARC
  5
A43
330
70
100
AcDbEntity
  8
Visible
100
AcDbCircle
 10
116.468161
 20
255.008121
 30
0.0
 40
20.50000000004208
100
AcDbArc
 50
197.441755
 51
198.558245
  0
ARC
  5
A44
330
70
100
AcDbEntity
  8
Visible
100
AcDbCircle
 10
116.468161
 20
255.008121
 30
0.0
 40
20.50000000004208
100
AcDbArc
 50
192.941755
 51
194.058245
  0
ARC
  5
A45
330
70
100
AcDbEntity
  8
Visible
100
AcDbCircle
 10
116.468161
 20
255.008121
 30
0.0
 40
20.50000000004208
100
AcDbArc
 50
188.441755
 51
189.558245
  0
ARC
  5
A46
330
70
100
AcDbEntity
  8
Visible
100
AcDbCircle
 10
116.468161
 20
255.008121
 30
0.0
 40
20.50000000004208
100
AcDbArc
 50
183.941755
 51
185.058245
  0
ARC
  5
A47
330
70
100
AcDbEntity
  8
Visible
100
AcDbCircle
 10
116.468161
 20
255.008121
 30
0.0
 40
20.50000000004207
100
AcDbArc
 50
179.441755
 51
180.558245
  0
ARC
  5
A48
330
70
100
AcDbEntity
  8
Visible
100
AcDbCircle
 10
116.468161
 20
255.008121
 30
0.0
 40
20.50000000004208
100
AcDbArc
 50
174.941755
 51
176.058245
  0
ARC
  5
A49
330
70
100
AcDbEntity
  8
Visible
100
AcDbCircle
 10
116.468161
 20
255.008121
 30
0.0
 40
20.50000000004208
100
AcDbArc
 50
170.441755
 51
171.558245
  0
ARC
  5
A4A
330
70
100
AcDbEntity
  8
Visible
100
AcDbCircle
 10
116.468161
 20
255.008121
 30
0.0
 40
20.50000000004208
100
AcDbArc
 50
165.941755
 51
167.058245
  0
ARC
  5
A4B
330
70
100
AcDbEntity
  8
Visible
100
AcDbCircle
 10
116.468161
 20
255.008121
 30
0.0
 40
20.50000000004208
100
AcDbArc
 50
161.441755
 51
162.558245
  0
ARC
  5
A4C
330
70
100
AcDbEntity
  8
Visible
100
AcDbCircle
 10
116.468161
 20
255.008121
 30
0.0
 40
20.50000000004208
100
AcDbArc
 50
156.941755
 51
158.058245
  0
ARC
  5
A4D
330
70
100
AcDbEntity
  8
Visible
100
AcDbCircle
 10
116.468161
 20
255.008121
 30
0.0
 40
20.50000000004208
100
AcDbArc
 50
152.441755
 51
153.558245
  0
ARC
  5
A4E
330
70
100
AcDbEntity
  8
Visible
100
AcDbCircle
 10
116.468161
 20
255.008121
 30
0.0
 40
20.50000000004208
100
AcDbArc
 50
147.941755
 51
149.058245
  0
ARC
  5
A4F
330
70
100
AcDbEntity
  8
Visible
100
AcDbCircle
 10
116.468161
 20
255.008121
 30
0.0
 40
20.50000000004208
100
AcDbArc
 50
143.441755
 51
144.558245
  0
ARC
  5
A50
330
70
100
AcDbEntity
  8
Visible
100
AcDbCircle
 10
116.468161
 20
255.008121
 30
0.0
 40
20.50000000004208
100
AcDbArc
 50
138.941755
 51
140.058245
  0
ARC
  5
A51
330
70
100
AcDbEntity
  8
Visible
100
AcDbCircle
 10
116.468161
 20
255.008121
 30
0.0
 40
20.50000000004208
100
AcDbArc
 50
134.441755
 51
135.558245
  0
ARC
  5
A52
330
70
100
AcDbEntity
  8
Visible
100
AcDbCircle
 10
116.468161
 20
255.008121
 30
0.0
 40
20.50000000004208
100
AcDbArc
 50
129.941755
 51
131.058245
  0
ARC
  5
A53
330
70
100
AcDbEntity
  8
Visible
100
AcDbCircle
 10
116.468161
 20
255.008121
 30
0.0
 40
20.50000000004208
100
AcDbArc
 50
125.441755
 51
126.558245
  0
ARC
  5
A54
330
70
100
AcDbEntity
  8
Visible
100
AcDbCircle
 10
116.468161
 20
255.008121
 30
0.0
 40
20.50000000004208
100
AcDbArc
 50
120.941755
 51
122.058245
  0
ARC
  5
A55
330
70
100
AcDbEntity
  8
Visible
100
AcDbCircle
 10
116.468161
 20
255.008121
 30
0.0
 40
20.50000000004208
100
AcDbArc
 50
116.441755
 51
117.558245
  0
ARC
  5
A56
330
70
100
AcDbEntity
  8
Visible
100
AcDbCircle
 10
116.468161
 20
255.008121
 30
0.0
 40
20.50000000004208
100
AcDbArc
 50
111.941755
 51
113.058245
  0
ARC
  5
A57
330
70
100
AcDbEntity
  8
Visible
100
AcDbCircle
 10
116.468161
 20
255.008121
 30
0.0
 40
20.50000000004208
100
AcDbArc
 50
107.441755
 51
108.558245
  0
ARC
  5
A58
330
70
100
AcDbEntity
  8
Visible
100
AcDbCircle
 10
116.468161
 20
255.008121
 30
0.0
 40
20.50000000004208
100
AcDbArc
 50
102.941755
 51
104.058245
  0
ARC
  5
A59
330
70
100
AcDbEntity
  8
Visible
100
AcDbCircle
 10
116.468161
 20
255.008121
 30
0.0
 40
20.50000000004208
100
AcDbArc
 50
98.441755
 51
99.558245
  0
ARC
  5
A5A
330
70
100
AcDbEntity
  8
Visible
100
AcDbCircle
 10
116.468161
 20
255.008121
 30
0.0
 40
20.50000000004208
100
AcDbArc
 50
93.941755
 51
95.058245
  0
ARC
  5
A5B
330
70
100
AcDbEntity
  8
Visible
100
AcDbCircle
 10
116.468161
 20
255.008121
 30
0.0
 40
20.50000000004207
100
AcDbArc
 50
89.441755
 51
90.558245
  0
ARC
  5
A5C
330
70
100
AcDbEntity
  8
Visible
100
AcDbCircle
 10
116.468161
 20
255.008121
 30
0.0
 40
20.50000000004208
100
AcDbArc
 50
84.941755
 51
86.058245
  0
ARC
  5
A5D
330
70
100
AcDbEntity
  8
Visible
100
AcDbCircle
 10
116.468161
 20
255.008121
 30
0.0
 40
20.50000000004208
100
AcDbArc
 50
80.441755
 51
81.558245
  0
ARC
  5
A5E
330
70
100
AcDbEntity
  8
Visible
100
AcDbCircle
 10
116.468161
 20
255.008121
 30
0.0
 40
20.50000000004208
100
AcDbArc
 50
75.941755
 51
77.058245
  0
ARC
  5
A5F
330
70
100
AcDbEntity
  8
Visible
100
AcDbCircle
 10
116.468161
 20
255.008121
 30
0.0
 40
20.50000000004208
100
AcDbArc
 50
71.441755
 51
72.558245
  0
ARC
  5
A60
330
70
100
AcDbEntity
  8
Visible
100
AcDbCircle
 10
116.468161
 20
255.008121
 30
0.0
 40
20.50000000004208
100
AcDbArc
 50
66.941755
 51
68.058245
  0
ARC
  5
A61
330
70
100
AcDbEntity
  8
Visible
100
AcDbCircle
 10
116.468161
 20
255.008121
 30
0.0
 40
20.50000000004208
100
AcDbArc
 50
62.441755
 51
63.558245
  0
ARC
  5
A62
330
70
100
AcDbEntity
  8
Visible
100
AcDbCircle
 10
116.468161
 20
255.008121
 30
0.0
 40
20.50000000004208
100
AcDbArc
 50
57.941755
 51
59.058245
  0
ARC
  5
A63
330
70
100
AcDbEntity
  8
Visible
100
AcDbCircle
 10
116.468161
 20
255.008121
 30
0.0
 40
20.50000000004208
100
AcDbArc
 50
53.441755
 51
54.558245
  0
ARC
  5
A64
330
70
100
AcDbEntity
  8
Visible
100
AcDbCircle
 10
116.468161
 20
255.008121
 30
0.0
 40
20.50000000004207
100
AcDbArc
 50
48.941755
 51
50.058245
  0
ARC
  5
A65
330
70
100
AcDbEntity
  8
Visible
100
AcDbCircle
 10
116.468161
 20
255.008121
 30
0.0
 40
20.50000000004208
100
AcDbArc
 50
44.441755
 51
45.558245
  0
ARC
  5
A66
330
70
100
AcDbEntity
  8
Visible
100
AcDbCircle
 10
116.468161
 20
255.008121
 30
0.0
 40
20.50000000004208
100
AcDbArc
 50
39.941755
 51
41.058245
  0
ARC
  5
A67
330
70
100
AcDbEntity
  8
Visible
100
AcDbCircle
 10
116.468161
 20
255.008121
 30
0.0
 40
20.50000000004208
100
AcDbArc
 50
35.441755
 51
36.558245
  0
ARC
  5
A68
330
70
100
AcDbEntity
  8
Visible
100
AcDbCircle
 10
116.468161
 20
255.008121
 30
0.0
 40
20.50000000004208
100
AcDbArc
 50
30.941755
 51
32.058245
  0
ARC
  5
A69
330
70
100
AcDbEntity
  8
Visible
100
AcDbCircle
 10
116.468161
 20
255.008121
 30
0.0
 40
20.50000000004208
100
AcDbArc
 50
26.441755
 51
27.558245
  0
ARC
  5
A6A
330
70
100
AcDbEntity
  8
Visible
100
AcDbCircle
 10
116.468161
 20
255.008121
 30
0.0
 40
20.50000000004208
100
AcDbArc
 50
21.941755
 51
23.058245
  0
ARC
  5
A6B
330
70
100
AcDbEntity
  8
Visible
100
AcDbCircle
 10
116.468161
 20
255.008121
 30
0.0
 40
20.50000000004208
100
AcDbArc
 50
17.441755
 51
18.558245
  0
ARC
  5
A6C
330
70
100
AcDbEntity
  8
Visible
100
AcDbCircle
 10
116.468161
 20
255.008121
 30
0.0
 40
20.50000000004208
100
AcDbArc
 50
12.941755
 51
14.058245
  0
ARC
  5
A6D
330
70
100
AcDbEntity
  8
Visible
100
AcDbCircle
 10
116.468161
 20
255.008121
 30
0.0
 40
20.50000000004208
100
AcDbArc
 50
8.441755
 51
9.558245
  0
ARC
  5
A6E
330
70
100
AcDbEntity
  8
Visible
100
AcDbCircle
 10
116.468161
 20
255.008121
 30
0.0
 40
20.50000000004208
100
AcDbArc
 50
3.941755
 51
5.058245
  0
ARC
  5
A6F
330
70
100
AcDbEntity
  8
Visible
100
AcDbCircle
 10
116.468161
 20
255.008121
 30
0.0
 40
19.37459999999999
100
AcDbArc
 50
2.248785
 51
2.251215
  0
ARC
  5
A70
330
70
100
AcDbEntity
  8
Visible
100
AcDbCircle
 10
116.468161
 20
255.008121
 30
0.0
 40
19.37459999999999
100
AcDbArc
 50
6.748785
 51
6.751215
  0
ARC
  5
A71
330
70
100
AcDbEntity
  8
Visible
100
AcDbCircle
 10
116.468161
 20
255.008121
 30
0.0
 40
19.37459999999999
100
AcDbArc
 50
11.248785
 51
11.251215
  0
ARC
  5
A72
330
70
100
AcDbEntity
  8
Visible
100
AcDbCircle
 10
116.468161
 20
255.008121
 30
0.0
 40
19.37459999999999
100
AcDbArc
 50
15.748785
 51
15.751215
  0
ARC
  5
A73
330
70
100
AcDbEntity
  8
Visible
100
AcDbCircle
 10
116.468161
 20
255.008121
 30
0.0
 40
19.37459999999999
100
AcDbArc
 50
20.248785
 51
20.251215
  0
ARC
  5
A74
330
70
100
AcDbEntity
  8
Visible
100
AcDbCircle
 10
116.468161
 20
255.008121
 30
0.0
 40
19.37459999999999
100
AcDbArc
 50
24.748785
 51
24.751215
  0
ARC
  5
A75
330
70
100
AcDbEntity
  8
Visible
100
AcDbCircle
 10
116.468161
 20
255.008121
 30
0.0
 40
19.37459999999999
100
AcDbArc
 50
29.248785
 51
29.251215
  0
ARC
  5
A76
330
70
100
AcDbEntity
  8
Visible
100
AcDbCircle
 10
116.468161
 20
255.008121
 30
0.0
 40
19.37459999999999
100
AcDbArc
 50
33.748785
 51
33.751215
  0
ARC
  5
A77
330
70
100
AcDbEntity
  8
Visible
100
AcDbCircle
 10
116.468161
 20
255.008121
 30
0.0
 40
19.37459999999999
100
AcDbArc
 50
38.248785
 51
38.251215
  0
ARC
  5
A78
330
70
100
AcDbEntity
  8
Visible
100
AcDbCircle
 10
116.468161
 20
255.008121
 30
0.0
 40
19.37459999999999
100
AcDbArc
 50
42.748785
 51
42.751215
  0
ARC
  5
A79
330
70
100
AcDbEntity
  8
Visible
100
AcDbCircle
 10
116.468161
 20
255.008121
 30
0.0
 40
19.37459999999999
100
AcDbArc
 50
47.248785
 51
47.251215
  0
ARC
  5
A7A
330
70
100
AcDbEntity
  8
Visible
100
AcDbCircle
 10
116.468161
 20
255.008121
 30
0.0
 40
19.37459999999999
100
AcDbArc
 50
51.748785
 51
51.751215
  0
ARC
  5
A7B
330
70
100
AcDbEntity
  8
Visible
100
AcDbCircle
 10
116.468161
 20
255.008121
 30
0.0
 40
19.37459999999999
100
AcDbArc
 50
56.248785
 51
56.251215
  0
ARC
  5
A7C
330
70
100
AcDbEntity
  8
Visible
100
AcDbCircle
 10
116.468161
 20
255.008121
 30
0.0
 40
19.37459999999999
100
AcDbArc
 50
60.748785
 51
60.751215
  0
ARC
  5
A7D
330
70
100
AcDbEntity
  8
Visible
100
AcDbCircle
 10
116.468161
 20
255.008121
 30
0.0
 40
19.37459999999999
100
AcDbArc
 50
65.248785
 51
65.251215
  0
ARC
  5
A7E
330
70
100
AcDbEntity
  8
Visible
100
AcDbCircle
 10
116.468161
 20
255.008121
 30
0.0
 40
19.37459999999999
100
AcDbArc
 50
69.748785
 51
69.751215
  0
ARC
  5
A7F
330
70
100
AcDbEntity
  8
Visible
100
AcDbCircle
 10
116.468161
 20
255.008121
 30
0.0
 40
19.37459999999999
100
AcDbArc
 50
74.248785
 51
74.251215
  0
ARC
  5
A80
330
70
100
AcDbEntity
  8
Visible
100
AcDbCircle
 10
116.468161
 20
255.008121
 30
0.0
 40
19.37459999999999
100
AcDbArc
 50
78.748785
 51
78.751215
  0
ARC
  5
A81
330
70
100
AcDbEntity
  8
Visible
100
AcDbCircle
 10
116.468161
 20
255.008121
 30
0.0
 40
19.37459999999999
100
AcDbArc
 50
83.248785
 51
83.251215
  0
ARC
  5
A82
330
70
100
AcDbEntity
  8
Visible
100
AcDbCircle
 10
116.468161
 20
255.008121
 30
0.0
 40
19.37459999999999
100
AcDbArc
 50
87.748785
 51
87.751215
  0
ARC
  5
A83
330
70
100
AcDbEntity
  8
Visible
100
AcDbCircle
 10
116.468161
 20
255.008121
 30
0.0
 40
19.37459999999999
100
AcDbArc
 50
92.248785
 51
92.251215
  0
ARC
  5
A84
330
70
100
AcDbEntity
  8
Visible
100
AcDbCircle
 10
116.468161
 20
255.008121
 30
0.0
 40
19.37459999999999
100
AcDbArc
 50
96.748785
 51
96.751215
  0
ARC
  5
A85
330
70
100
AcDbEntity
  8
Visible
100
AcDbCircle
 10
116.468161
 20
255.008121
 30
0.0
 40
19.37459999999999
100
AcDbArc
 50
101.248785
 51
101.251215
  0
ARC
  5
A86
330
70
100
AcDbEntity
  8
Visible
100
AcDbCircle
 10
116.468161
 20
255.008121
 30
0.0
 40
19.37459999999999
100
AcDbArc
 50
105.748785
 51
105.751215
  0
ARC
  5
A87
330
70
100
AcDbEntity
  8
Visible
100
AcDbCircle
 10
116.468161
 20
255.008121
 30
0.0
 40
19.37459999999999
100
AcDbArc
 50
110.248785
 51
110.251215
  0
ARC
  5
A88
330
70
100
AcDbEntity
  8
Visible
100
AcDbCircle
 10
116.468161
 20
255.008121
 30
0.0
 40
19.37459999999999
100
AcDbArc
 50
114.748785
 51
114.751215
  0
ARC
  5
A89
330
70
100
AcDbEntity
  8
Visible
100
AcDbCircle
 10
116.468161
 20
255.008121
 30
0.0
 40
19.37459999999999
100
AcDbArc
 50
119.248785
 51
119.251215
  0
ARC
  5
A8A
330
70
100
AcDbEntity
  8
Visible
100
AcDbCircle
 10
116.468161
 20
255.008121
 30
0.0
 40
19.37459999999999
100
AcDbArc
 50
123.748785
 51
123.751215
  0
ARC
  5
A8B
330
70
100
AcDbEntity
  8
Visible
100
AcDbCircle
 10
116.468161
 20
255.008121
 30
0.0
 40
19.37459999999999
100
AcDbArc
 50
128.248785
 51
128.251215
  0
ARC
  5
A8C
330
70
100
AcDbEntity
  8
Visible
100
AcDbCircle
 10
116.468161
 20
255.008121
 30
0.0
 40
19.37459999999999
100
AcDbArc
 50
132.748785
 51
132.751215
  0
ARC
  5
A8D
330
70
100
AcDbEntity
  8
Visible
100
AcDbCircle
 10
116.468161
 20
255.008121
 30
0.0
 40
19.37459999999999
100
AcDbArc
 50
137.248785
 51
137.251215
  0
ARC
  5
A8E
330
70
100
AcDbEntity
  8
Visible
100
AcDbCircle
 10
116.468161
 20
255.008121
 30
0.0
 40
19.37459999999999
100
AcDbArc
 50
141.748785
 51
141.751215
  0
ARC
  5
A8F
330
70
100
AcDbEntity
  8
Visible
100
AcDbCircle
 10
116.468161
 20
255.008121
 30
0.0
 40
19.37459999999999
100
AcDbArc
 50
146.248785
 51
146.251215
  0
ARC
  5
A90
330
70
100
AcDbEntity
  8
Visible
100
AcDbCircle
 10
116.468161
 20
255.008121
 30
0.0
 40
19.37459999999999
100
AcDbArc
 50
150.748785
 51
150.751215
  0
ARC
  5
A91
330
70
100
AcDbEntity
  8
Visible
100
AcDbCircle
 10
116.468161
 20
255.008121
 30
0.0
 40
19.37459999999999
100
AcDbArc
 50
155.248785
 51
155.251215
  0
ARC
  5
A92
330
70
100
AcDbEntity
  8
Visible
100
AcDbCircle
 10
116.468161
 20
255.008121
 30
0.0
 40
19.37459999999999
100
AcDbArc
 50
159.748785
 51
159.751215
  0
ARC
  5
A93
330
70
100
AcDbEntity
  8
Visible
100
AcDbCircle
 10
116.468161
 20
255.008121
 30
0.0
 40
19.37459999999999
100
AcDbArc
 50
164.248785
 51
164.251215
  0
ARC
  5
A94
330
70
100
AcDbEntity
  8
Visible
100
AcDbCircle
 10
116.468161
 20
255.008121
 30
0.0
 40
19.37459999999999
100
AcDbArc
 50
168.748785
 51
168.751215
  0
ARC
  5
A95
330
70
100
AcDbEntity
  8
Visible
100
AcDbCircle
 10
116.468161
 20
255.008121
 30
0.0
 40
19.37459999999999
100
AcDbArc
 50
173.248785
 51
173.251215
  0
ARC
  5
A96
330
70
100
AcDbEntity
  8
Visible
100
AcDbCircle
 10
116.468161
 20
255.008121
 30
0.0
 40
19.37459999999999
100
AcDbArc
 50
177.748785
 51
177.751215
  0
ARC
  5
A97
330
70
100
AcDbEntity
  8
Visible
100
AcDbCircle
 10
116.468161
 20
255.008121
 30
0.0
 40
19.37459999999999
100
AcDbArc
 50
182.248785
 51
182.251215
  0
ARC
  5
A98
330
70
100
AcDbEntity
  8
Visible
100
AcDbCircle
 10
116.468161
 20
255.008121
 30
0.0
 40
19.37459999999999
100
AcDbArc
 50
186.748785
 51
186.751215
  0
ARC
  5
A99
330
70
100
AcDbEntity
  8
Visible
100
AcDbCircle
 10
116.468161
 20
255.008121
 30
0.0
 40
19.37459999999999
100
AcDbArc
 50
191.248785
 51
191.251215
  0
ARC
  5
A9A
330
70
100
AcDbEntity
  8
Visible
100
AcDbCircle
 10
116.468161
 20
255.008121
 30
0.0
 40
19.37459999999999
100
AcDbArc
 50
195.748785
 51
195.751215
  0
ARC
  5
A9B
330
70
100
AcDbEntity
  8
Visible
100
AcDbCircle
 10
116.468161
 20
255.008121
 30
0.0
 40
19.37459999999999
100
AcDbArc
 50
200.248785
 51
200.251215
  0
ARC
  5
A9C
330
70
100
AcDbEntity
  8
Visible
100
AcDbCircle
 10
116.468161
 20
255.008121
 30
0.0
 40
19.37459999999999
100
AcDbArc
 50
204.748785
 51
204.751215
  0
ARC
  5
A9D
330
70
100
AcDbEntity
  8
Visible
100
AcDbCircle
 10
116.468161
 20
255.008121
 30
0.0
 40
19.37459999999999
100
AcDbArc
 50
209.248785
 51
209.251215
  0
ARC
  5
A9E
330
70
100
AcDbEntity
  8
Visible
100
AcDbCircle
 10
116.468161
 20
255.008121
 30
0.0
 40
19.37459999999999
100
AcDbArc
 50
213.748785
 51
213.751215
  0
ARC
  5
A9F
330
70
100
AcDbEntity
  8
Visible
100
AcDbCircle
 10
116.468161
 20
255.008121
 30
0.0
 40
19.37459999999999
100
AcDbArc
 50
218.248785
 51
218.251215
  0
ARC
  5
AA0
330
70
100
AcDbEntity
  8
Visible
100
AcDbCircle
 10
116.468161
 20
255.008121
 30
0.0
 40
19.37459999999999
100
AcDbArc
 50
222.748785
 51
222.751215
  0
ARC
  5
AA1
330
70
100
AcDbEntity
  8
Visible
100
AcDbCircle
 10
116.468161
 20
255.008121
 30
0.0
 40
19.37459999999999
100
AcDbArc
 50
227.248785
 51
227.251215
  0
ARC
  5
AA2
330
70
100
AcDbEntity
  8
Visible
100
AcDbCircle
 10
116.468161
 20
255.008121
 30
0.0
 40
19.37459999999999
100
AcDbArc
 50
231.748785
 51
231.751215
  0
ARC
  5
AA3
330
70
100
AcDbEntity
  8
Visible
100
AcDbCircle
 10
116.468161
 20
255.008121
 30
0.0
 40
19.37459999999999
100
AcDbArc
 50
236.248785
 51
236.251215
  0
ARC
  5
AA4
330
70
100
AcDbEntity
  8
Visible
100
AcDbCircle
 10
116.468161
 20
255.008121
 30
0.0
 40
19.37459999999999
100
AcDbArc
 50
240.748785
 51
240.751215
  0
ARC
  5
AA5
330
70
100
AcDbEntity
  8
Visible
100
AcDbCircle
 10
116.468161
 20
255.008121
 30
0.0
 40
19.37459999999999
100
AcDbArc
 50
245.248785
 51
245.251215
  0
ARC
  5
AA6
330
70
100
AcDbEntity
  8
Visible
100
AcDbCircle
 10
116.468161
 20
255.008121
 30
0.0
 40
19.37459999999999
100
AcDbArc
 50
249.748785
 51
249.751215
  0
ARC
  5
AA7
330
70
100
AcDbEntity
  8
Visible
100
AcDbCircle
 10
116.468161
 20
255.008121
 30
0.0
 40
19.37459999999999
100
AcDbArc
 50
254.248785
 51
254.251215
  0
ARC
  5
AA8
330
70
100
AcDbEntity
  8
Visible
100
AcDbCircle
 10
116.468161
 20
255.008121
 30
0.0
 40
19.37459999999999
100
AcDbArc
 50
258.748785
 51
258.751215
  0
ARC
  5
AA9
330
70
100
AcDbEntity
  8
Visible
100
AcDbCircle
 10
116.468161
 20
255.008121
 30
0.0
 40
19.37459999999999
100
AcDbArc
 50
263.248785
 51
263.251215
  0
ARC
  5
AAA
330
70
100
AcDbEntity
  8
Visible
100
AcDbCircle
 10
116.468161
 20
255.008121
 30
0.0
 40
19.37459999999999
100
AcDbArc
 50
267.748785
 51
267.751215
  0
ARC
  5
AAB
330
70
100
AcDbEntity
  8
Visible
100
AcDbCircle
 10
116.468161
 20
255.008121
 30
0.0
 40
19.37459999999999
100
AcDbArc
 50
272.248785
 51
272.251215
  0
ARC
  5
AAC
330
70
100
AcDbEntity
  8
Visible
100
AcDbCircle
 10
116.468161
 20
255.008121
 30
0.0
 40
19.37459999999999
100
AcDbArc
 50
276.748785
 51
276.751215
  0
ARC
  5
AAD
330
70
100
AcDbEntity
  8
Visible
100
AcDbCircle
 10
116.468161
 20
255.008121
 30
0.0
 40
19.37459999999999
100
AcDbArc
 50
281.248785
 51
281.251215
  0
ARC
  5
AAE
330
70
100
AcDbEntity
  8
Visible
100
AcDbCircle
 10
116.468161
 20
255.008121
 30
0.0
 40
19.37459999999999
100
AcDbArc
 50
285.748785
 51
285.751215
  0
ARC
  5
AAF
330
70
100
AcDbEntity
  8
Visible
100
AcDbCircle
 10
116.468161
 20
255.008121
 30
0.0
 40
19.37459999999999
100
AcDbArc
 50
290.248785
 51
290.251215
  0
ARC
  5
AB0
330
70
100
AcDbEntity
  8
Visible
100
AcDbCircle
 10
116.468161
 20
255.008121
 30
0.0
 40
19.37459999999999
100
AcDbArc
 50
294.748785
 51
294.751215
  0
ARC
  5
AB1
330
70
100
AcDbEntity
  8
Visible
100
AcDbCircle
 10
116.468161
 20
255.008121
 30
0.0
 40
19.37459999999999
100
AcDbArc
 50
299.248785
 51
299.251215
  0
ARC
  5
AB2
330
70
100
AcDbEntity
  8
Visible
100
AcDbCircle
 10
116.468161
 20
255.008121
 30
0.0
 40
19.37459999999999
100
AcDbArc
 50
303.748785
 51
303.751215
  0
ARC
  5
AB3
330
70
100
AcDbEntity
  8
Visible
100
AcDbCircle
 10
116.468161
 20
255.008121
 30
0.0
 40
19.37459999999999
100
AcDbArc
 50
308.248785
 51
308.251215
  0
ARC
  5
AB4
330
70
100
AcDbEntity
  8
Visible
100
AcDbCircle
 10
116.468161
 20
255.008121
 30
0.0
 40
19.37459999999999
100
AcDbArc
 50
312.748785
 51
312.751215
  0
ARC
  5
AB5
330
70
100
AcDbEntity
  8
Visible
100
AcDbCircle
 10
116.468161
 20
255.008121
 30
0.0
 40
19.37459999999999
100
AcDbArc
 50
317.248785
 51
317.251215
  0
ARC
  5
AB6
330
70
100
AcDbEntity
  8
Visible
100
AcDbCircle
 10
116.468161
 20
255.008121
 30
0.0
 40
19.37459999999999
100
AcDbArc
 50
321.748785
 51
321.751215
  0
ARC
  5
AB7
330
70
100
AcDbEntity
  8
Visible
100
AcDbCircle
 10
116.468161
 20
255.008121
 30
0.0
 40
19.37459999999999
100
AcDbArc
 50
326.248785
 51
326.251215
  0
ARC
  5
AB8
330
70
100
AcDbEntity
  8
Visible
100
AcDbCircle
 10
116.468161
 20
255.008121
 30
0.0
 40
19.37459999999999
100
AcDbArc
 50
330.748785
 51
330.751215
  0
ARC
  5
AB9
330
70
100
AcDbEntity
  8
Visible
100
AcDbCircle
 10
116.468161
 20
255.008121
 30
0.0
 40
19.37459999999999
100
AcDbArc
 50
335.248785
 51
335.251215
  0
ARC
  5
ABA
330
70
100
AcDbEntity
  8
Visible
100
AcDbCircle
 10
116.468161
 20
255.008121
 30
0.0
 40
19.37459999999999
100
AcDbArc
 50
339.748785
 51
339.751215
  0
ARC
  5
ABB
330
70
100
AcDbEntity
  8
Visible
100
AcDbCircle
 10
116.468161
 20
255.008121
 30
0.0
 40
19.37459999999999
100
AcDbArc
 50
344.248785
 51
344.251215
  0
ARC
  5
ABC
330
70
100
AcDbEntity
  8
Visible
100
AcDbCircle
 10
116.468161
 20
255.008121
 30
0.0
 40
19.37459999999999
100
AcDbArc
 50
348.748785
 51
348.751215
  0
ARC
  5
ABD
330
70
100
AcDbEntity
  8
Visible
100
AcDbCircle
 10
116.468161
 20
255.008121
 30
0.0
 40
19.37459999999999
100
AcDbArc
 50
353.248785
 51
353.251215
  0
ARC
  5
ABE
330
70
100
AcDbEntity
  8
Visible
100
AcDbCircle
 10
116.468161
 20
255.008121
 30
0.0
 40
19.37459999999999
100
AcDbArc
 50
357.748785
 51
357.751215
  0
ARC
  5
ABF
330
70
100
AcDbEntity
  8
Visible
100
AcDbCircle
 10
136.077648
 20
254.238079
 30
0.0
 40
0.2500000000000326
100
AcDbArc
 50
104.482865
 51
177.751215
  0
ARC
  5
AC0
330
70
100
AcDbEntity
  8
Visible
100
AcDbCircle
 10
134.261802
 20
261.099334
 30
0.0
 40
6.84772995766413
100
AcDbArc
 50
284.836043
 51
293.269856
  0
ARC
  5
AC1
330
70
100
AcDbEntity
  8
Visible
100
AcDbCircle
 10
136.077648
 20
255.778164
 30
0.0
 40
0.2499999999999956
100
AcDbArc
 50
182.248785
 51
255.517135
  0
ARC
  5
AC2
330
70
100
AcDbEntity
  8
Visible
100
AcDbCircle
 10
134.261802
 20
248.916909
 30
0.0
 40
6.847729957663251
100
AcDbArc
 50
66.730144
 51
75.163957
  0
ARC
  5
AC3
330
70
100
AcDbEntity
  8
Visible
100
AcDbCircle
 10
116.468161
 20
255.008121
 30
0.0
 40
20.50000000004208
100
AcDbArc
 50
359.441755
 51
0.558245
  0
ENDSEC
  0
SECTION
  2
OBJECTS
  0
DICTIONARY
  5
C
330
0
100
AcDbDictionary
281
     1
  3
ACAD_COLOR
350
63
  3
ACAD_DETAILVIEWSTYLE
350
6A
  3
ACAD_GROUP
350
D
  3
ACAD_LAYOUT
350
62
  3
ACAD_MATERIAL
350
10
  3
ACAD_MLEADERSTYLE
350
66
  3
ACAD_MLINESTYLE
350
5F
  3
ACAD_PLOTSETTINGS
350
61
  3
ACAD_PLOTSTYLENAME
350
E
  3
ACAD_SCALELIST
350
42
  3
ACAD_SECTIONVIEWSTYLE
350
68
  3
ACAD_TABLESTYLE
350
64
  3
ACAD_VISUALSTYLE
350
29
  3
ACDB_RECOMPOSE_DATA
350
ACE
  3
AcDbVariableDictionary
350
AC5
  0
DICTIONARY
  5
AE
330
70
100
AcDbDictionary
280
     1
281
     1
  3
ACAD_SORTENTS
360
AF
  0
DICTIONARY
  5
63
102
{ACAD_REACTORS
330
C
102
}
330
C
100
AcDbDictionary
281
     1
  0
DICTIONARY
  5
6A
102
{ACAD_REACTORS
330
C
102
}
330
C
100
AcDbDictionary
281
     1
  3
Imperial24
350
6B
  0
DICTIONARY
  5
D
102
{ACAD_REACTORS
330
C
102
}
330
C
100
AcDbDictionary
281
     1
  0
DICTIONARY
  5
62
102
{ACAD_REACTORS
330
C
102
}
330
C
100
AcDbDictionary
281
     1
  3
Model
350
73
  3
Sheet1
350
6F
  3
Sheet2
350
77
  0
DICTIONARY
  5
10
102
{ACAD_REACTORS
330
C
102
}
330
C
100
AcDbDictionary
281
     1
  3
ByBlock
350
19
  3
ByLayer
350
11
  3
Global
350
21
  0
DICTIONARY
  5
66
102
{ACAD_REACTORS
330
C
102
}
330
C
100
AcDbDictionary
281
     1
  3
Standard
350
67
  0
DICTIONARY
  5
5F
102
{ACAD_REACTORS
330
C
102
}
330
C
100
AcDbDictionary
281
     1
  3
Standard
350
60
  0
DICTIONARY
  5
61
102
{ACAD_REACTORS
330
C
102
}
330
C
100
AcDbDictionary
281
     1
  0
ACDBDICTIONARYWDFLT
  5
E
102
{ACAD_REACTORS
330
C
102
}
330
C
100
AcDbDictionary
281
     1
  3
Normal
350
F
100
AcDbDictionaryWithDefault
340
F
  0
DICTIONARY
  5
42
102
{ACAD_REACTORS
330
C
102
}
330
C
100
AcDbDictionary
281
     1
  3
*A1
350
9E
  3
*A10
350
A7
  3
*A11
350
A8
  3
*A12
350
A9
  3
*A13
350
AA
  3
*A14
350
AB
  3
*A15
350
AC
  3
*A16
350
AD
  3
*A2
350
9F
  3
*A3
350
A0
  3
*A4
350
A1
  3
*A5
350
A2
  3
*A6
350
A3
  3
*A7
350
A4
  3
*A8
350
A5
  3
*A9
350
A6
  3
A0
350
43
  3
A1
350
44
  3
A2
350
45
  3
A3
350
46
  3
A4
350
47
  3
A5
350
48
  3
A6
350
49
  3
A7
350
4A
  3
A8
350
4B
  3
A9
350
4C
  3
B0
350
4D
  3
B1
350
4E
  3
B2
350
4F
  3
B3
350
50
  3
B4
350
51
  3
B5
350
52
  3
B6
350
53
  0
DICTIONARY
  5
68
102
{ACAD_REACTORS
330
C
102
}
330
C
100
AcDbDictionary
281
     1
  3
Imperial24
350
69
  0
DICTIONARY
  5
64
102
{ACAD_REACTORS
330
C
102
}
330
C
100
AcDbDictionary
281
     1
  3
Standard
350
65
  0
DICTIONARY
  5
29
102
{ACAD_REACTORS
330
C
102
}
330
C
100
AcDbDictionary
281
     1
  3
2dWireframe
350
2F
  3
Basic
350
2E
  3
Brighten
350
35
  3
ColorChange
350
39
  3
Conceptual
350
32
  3
Dim
350
34
  3
EdgeColorOff
350
41
  3
Facepattern
350
38
  3
Flat
350
2A
  3
FlatWithEdges
350
2B
  3
Gouraud
350
2C
  3
GouraudWithEdges
350
2D
  3
Hidden
350
31
  3
JitterOff
350
3F
  3
Linepattern
350
37
  3
OverhangOff
350
40
  3
Realistic
350
33
  3
Shaded
350
3E
  3
Shaded with edges
350
3D
  3
Shades of Gray
350
3A
  3
Sketchy
350
3B
  3
Thicken
350
36
  3
Wireframe
350
30
  3
X-Ray
350
3C
  0
XRECORD
  5
ACE
102
{ACAD_REACTORS
330
C
102
}
330
C
100
AcDbXrecord
280
     1
 90
        1
330
65
  0
DICTIONARY
  5
AC5
102
{ACAD_REACTORS
330
C
102
}
330
C
100
AcDbDictionary
281
     1
  3
ANNOALLVISIBLE
350
ACA
  3
CANNOSCALE
350
ACB
  3
CMLEADERSTYLE
350
AC7
  3
CTABLESTYLE
350
AC6
  3
CVIEWDETAILSTYLE
350
AC8
  3
CVIEWSECTIONSTYLE
350
AC9
  0
SORTENTSTABLE
  5
AF
102
{ACAD_REACTORS
330
AE
102
}
330
AE
100
AcDbSortentsTable
330
70
  0
ACDBDETAILVIEWSTYLE
  5
6B
102
{ACAD_XDICTIONARY
360
AD1
102
}
102
{ACAD_REACTORS
330
6A
102
}
330
6A
100
AcDbModelDocViewStyle
 70
     0
  3
Imperial24
290
     0
100
AcDbDetailViewStyle
 70
     0
 71
     0
 90
        3
 71
     1
340
55
 62
   256
 40
0.24
340
0
 62
   256
 40
0.24
300

 40
0.36
280
     3
 71
     2
340
5D
 90
       25
 62
   256
 71
     3
340
55
 62
   256
 40
0.24
 90
        1
 40
0.75
 90
        1
300
%<\AcVar ViewType \f "%tc1">% %<\AcVar ViewDetailId>%\PSCALE %<\AcVar ViewScale \f "%sn">%
 71
     4
340
5D
 90
       25
 62
   256
340
5D
 90
       25
 62
   256
280
     0
  0
LAYOUT
  5
73
102
{ACAD_REACTORS
330
62
102
}
330
62
100
AcDbPlotSettings
  1

  2
AutoCAD PDF (High Quality Print).pc3
  4
ISO_full_bleed_A3_(420.00_x_297.00_MM)
  6

 40
0.0
 41
0.0
 42
0.0
 43
0.0
 44
420.0
 45
297.0
 46
0.0
 47
0.0
 48
0.0
 49
0.0
140
0.0
141
0.0
142
1.0
143
0.998953
 70
 11952
 72
     1
 73
     0
 74
     0
  7

 75
     0
147
1.001048
 76
     0
 77
     2
 78
   300
148
138.851278
149
-181.999019
100
AcDbLayout
  1
Model
 70
     1
 71
     0
 10
0.0
 20
0.0
 11
12.0
 21
9.0
 12
0.0
 22
0.0
 32
0.0
 14
0.0
 24
0.0
 34
0.0
 15
0.0
 25
0.0
 35
0.0
146
0.0
 13
0.0
 23
0.0
 33
0.0
 16
1.0
 26
0.0
 36
0.0
 17
0.0
 27
1.0
 37
0.0
 76
     0
330
70
1001
ACAD_PSEXT
1000
AutoCAD PDF (High Quality Print).pc3
1000
DWG To PDF
1000
File
1000

1070
     0
  0
LAYOUT
  5
6F
102
{ACAD_REACTORS
330
62
102
}
330
62
100
AcDbPlotSettings
  1

  2
None
  4

  6

 40
0.0
 41
0.0
 42
0.0
 43
0.0
 44
0.0
 45
0.0
 46
0.0
 47
0.0
 48
0.0
 49
0.0
140
0.0
141
0.0
142
1.0
143
1.0
 70
   688
 72
     0
 73
     0
 74
     5
  7

 75
    16
147
1.0
 76
     0
 77
     2
 78
   300
148
0.0
149
0.0
100
AcDbLayout
  1
Sheet1
 70
     1
 71
     1
 10
0.0
 20
0.0
 11
12.0
 21
9.0
 12
0.0
 22
0.0
 32
0.0
 14
0.0
 24
0.0
 34
0.0
 15
0.0
 25
0.0
 35
0.0
146
0.0
 13
0.0
 23
0.0
 33
0.0
 16
1.0
 26
0.0
 36
0.0
 17
0.0
 27
1.0
 37
0.0
 76
     0
330
6C
  0
LAYOUT
  5
77
102
{ACAD_REACTORS
330
62
102
}
330
62
100
AcDbPlotSettings
  1

  2
None
  4

  6

 40
0.0
 41
0.0
 42
0.0
 43
0.0
 44
0.0
 45
0.0
 46
0.0
 47
0.0
 48
0.0
 49
0.0
140
0.0
141
0.0
142
1.0
143
1.0
 70
   688
 72
     0
 73
     0
 74
     5
  7

 75
    16
147
1.0
 76
     0
 77
     2
 78
   300
148
0.0
149
0.0
100
AcDbLayout
  1
Sheet2
 70
     1
 71
     2
 10
0.0
 20
0.0
 11
12.0
 21
9.0
 12
0.0
 22
0.0
 32
0.0
 14
0.0
 24
0.0
 34
0.0
 15
0.0
 25
0.0
 35
0.0
146
0.0
 13
0.0
 23
0.0
 33
0.0
 16
1.0
 26
0.0
 36
0.0
 17
0.0
 27
1.0
 37
0.0
 76
     0
330
74
  0
MATERIAL
  5
19
102
{ACAD_XDICTIONARY
360
1A
102
}
102
{ACAD_REACTORS
330
10
102
}
330
10
100
AcDbMaterial
  1
ByBlock
 72
     0
 43
0.020833
 43
0.0
 43
0.0
 43
0.0
 43
0.0
 43
0.020833
 43
0.0
 43
0.0
 43
0.0
 43
0.0
 43
1.0
 43
0.0
 43
0.0
 43
0.0
 43
0.0
 43
1.0
 77
     0
 47
0.020833
 47
0.0
 47
0.0
 47
0.0
 47
0.0
 47
0.020833
 47
0.0
 47
0.0
 47
0.0
 47
0.0
 47
1.0
 47
0.0
 47
0.0
 47
0.0
 47
0.0
 47
1.0
171
     0
 49
0.020833
 49
0.0
 49
0.0
 49
0.0
 49
0.0
 49
0.020833
 49
0.0
 49
0.0
 49
0.0
 49
0.0
 49
1.0
 49
0.0
 49
0.0
 49
0.0
 49
0.0
 49
1.0
175
     0
142
0.020833
142
0.0
142
0.0
142
0.0
142
0.0
142
0.020833
142
0.0
142
0.0
142
0.0
142
0.0
142
1.0
142
0.0
142
0.0
142
0.0
142
0.0
142
1.0
179
     0
144
0.020833
144
0.0
144
0.0
144
0.0
144
0.0
144
0.020833
144
0.0
144
0.0
144
0.0
144
0.0
144
1.0
144
0.0
144
0.0
144
0.0
144
0.0
144
1.0
147
0.020833
147
0.0
147
0.0
147
0.0
147
0.0
147
0.020833
147
0.0
147
0.0
147
0.0
147
0.0
147
1.0
147
0.0
147
0.0
147
0.0
147
0.0
147
1.0
  0
MATERIAL
  5
11
102
{ACAD_XDICTIONARY
360
12
102
}
102
{ACAD_REACTORS
330
10
102
}
330
10
100
AcDbMaterial
  1
ByLayer
 72
     0
 43
0.020833
 43
0.0
 43
0.0
 43
0.0
 43
0.0
 43
0.020833
 43
0.0
 43
0.0
 43
0.0
 43
0.0
 43
1.0
 43
0.0
 43
0.0
 43
0.0
 43
0.0
 43
1.0
 77
     0
 47
0.020833
 47
0.0
 47
0.0
 47
0.0
 47
0.0
 47
0.020833
 47
0.0
 47
0.0
 47
0.0
 47
0.0
 47
1.0
 47
0.0
 47
0.0
 47
0.0
 47
0.0
 47
1.0
171
     0
 49
0.020833
 49
0.0
 49
0.0
 49
0.0
 49
0.0
 49
0.020833
 49
0.0
 49
0.0
 49
0.0
 49
0.0
 49
1.0
 49
0.0
 49
0.0
 49
0.0
 49
0.0
 49
1.0
175
     0
142
0.020833
142
0.0
142
0.0
142
0.0
142
0.0
142
0.020833
142
0.0
142
0.0
142
0.0
142
0.0
142
1.0
142
0.0
142
0.0
142
0.0
142
0.0
142
1.0
179
     0
144
0.020833
144
0.0
144
0.0
144
0.0
144
0.0
144
0.020833
144
0.0
144
0.0
144
0.0
144
0.0
144
1.0
144
0.0
144
0.0
144
0.0
144
0.0
144
1.0
147
0.020833
147
0.0
147
0.0
147
0.0
147
0.0
147
0.020833
147
0.0
147
0.0
147
0.0
147
0.0
147
1.0
147
0.0
147
0.0
147
0.0
147
0.0
147
1.0
  0
MATERIAL
  5
21
102
{ACAD_XDICTIONARY
360
22
102
}
102
{ACAD_REACTORS
330
10
102
}
330
10
100
AcDbMaterial
  1
Global
 72
     0
 43
0.020833
 43
0.0
 43
0.0
 43
0.0
 43
0.0
 43
0.020833
 43
0.0
 43
0.0
 43
0.0
 43
0.0
 43
1.0
 43
0.0
 43
0.0
 43
0.0
 43
0.0
 43
1.0
 77
     0
 47
0.020833
 47
0.0
 47
0.0
 47
0.0
 47
0.0
 47
0.020833
 47
0.0
 47
0.0
 47
0.0
 47
0.0
 47
1.0
 47
0.0
 47
0.0
 47
0.0
 47
0.0
 47
1.0
171
     0
 49
0.020833
 49
0.0
 49
0.0
 49
0.0
 49
0.0
 49
0.020833
 49
0.0
 49
0.0
 49
0.0
 49
0.0
 49
1.0
 49
0.0
 49
0.0
 49
0.0
 49
0.0
 49
1.0
175
     0
142
0.020833
142
0.0
142
0.0
142
0.0
142
0.0
142
0.020833
142
0.0
142
0.0
142
0.0
142
0.0
142
1.0
142
0.0
142
0.0
142
0.0
142
0.0
142
1.0
179
     0
144
0.020833
144
0.0
144
0.0
144
0.0
144
0.0
144
0.020833
144
0.0
144
0.0
144
0.0
144
0.0
144
1.0
144
0.0
144
0.0
144
0.0
144
0.0
144
1.0
147
0.020833
147
0.0
147
0.0
147
0.0
147
0.0
147
0.020833
147
0.0
147
0.0
147
0.0
147
0.0
147
1.0
147
0.0
147
0.0
147
0.0
147
0.0
147
1.0
  0
MLEADERSTYLE
  5
67
102
{ACAD_REACTORS
330
66
102
}
330
66
100
AcDbMLeaderStyle
179
     2
170
     2
171
     1
172
     0
 90
        2
 40
0.0
 41
0.0
173
     1
 91
-1056964608
340
5B
 92
       -2
290
     1
 42
0.09
291
     1
 43
0.36
  3
Standard
 44
0.18
300

342
55
174
     1
178
     6
175
     1
176
     0
 93
-1056964608
 45
0.18
292
     0
297
     0
 46
0.18
 94
-1056964608
 47
1.0
 49
1.0
140
1.0
293
     1
141
0.0
294
     1
177
     0
142
1.0
295
     0
296
     0
143
0.125
271
     0
272
     9
273
     9
298
     1
  0
MLINESTYLE
  5
60
102
{ACAD_REACTORS
330
5F
102
}
330
5F
100
AcDbMlineStyle
  2
STANDARD
 70
     0
  3

 62
   256
 51
90.0
 52
90.0
 71
     0
  0
ACDBPLACEHOLDER
  5
F
102
{ACAD_REACTORS
330
E
102
}
330
E
  0
SCALE
  5
9E
102
{ACAD_REACTORS
330
42
102
}
330
42
100
AcDbScale
 70
     0
300
1:2
140
1.0
141
2.0
290
     0
  0
SCALE
  5
A7
102
{ACAD_REACTORS
330
42
102
}
330
42
100
AcDbScale
 70
     0
300
1:50
140
1.0
141
50.0
290
     0
  0
SCALE
  5
A8
102
{ACAD_REACTORS
330
42
102
}
330
42
100
AcDbScale
 70
     0
300
1:100
140
1.0
141
100.0
290
     0
  0
SCALE
  5
A9
102
{ACAD_REACTORS
330
42
102
}
330
42
100
AcDbScale
 70
     0
300
2:1
140
2.0
141
1.0
290
     0
  0
SCALE
  5
AA
102
{ACAD_REACTORS
330
42
102
}
330
42
100
AcDbScale
 70
     0
300
4:1
140
4.0
141
1.0
290
     0
  0
SCALE
  5
AB
102
{ACAD_REACTORS
330
42
102
}
330
42
100
AcDbScale
 70
     0
300
8:1
140
8.0
141
1.0
290
     0
  0
SCALE
  5
AC
102
{ACAD_REACTORS
330
42
102
}
330
42
100
AcDbScale
 70
     0
300
10:1
140
10.0
141
1.0
290
     0
  0
SCALE
  5
AD
102
{ACAD_REACTORS
330
42
102
}
330
42
100
AcDbScale
 70
     0
300
100:1
140
100.0
141
1.0
290
     0
  0
SCALE
  5
9F
102
{ACAD_REACTORS
330
42
102
}
330
42
100
AcDbScale
 70
     0
300
1:4
140
1.0
141
4.0
290
     0
  0
SCALE
  5
A0
102
{ACAD_REACTORS
330
42
102
}
330
42
100
AcDbScale
 70
     0
300
1:5
140
1.0
141
5.0
290
     0
  0
SCALE
  5
A1
102
{ACAD_REACTORS
330
42
102
}
330
42
100
AcDbScale
 70
     0
300
1:8
140
1.0
141
8.0
290
     0
  0
SCALE
  5
A2
102
{ACAD_REACTORS
330
42
102
}
330
42
100
AcDbScale
 70
     0
300
1:10
140
1.0
141
10.0
290
     0
  0
SCALE
  5
A3
102
{ACAD_REACTORS
330
42
102
}
330
42
100
AcDbScale
 70
     0
300
1:16
140
1.0
141
16.0
290
     0
  0
SCALE
  5
A4
102
{ACAD_REACTORS
330
42
102
}
330
42
100
AcDbScale
 70
     0
300
1:20
140
1.0
141
20.0
290
     0
  0
SCALE
  5
A5
102
{ACAD_REACTORS
330
42
102
}
330
42
100
AcDbScale
 70
     0
300
1:30
140
1.0
141
30.0
290
     0
  0
SCALE
  5
A6
102
{ACAD_REACTORS
330
42
102
}
330
42
100
AcDbScale
 70
     0
300
1:40
140
1.0
141
40.0
290
     0
  0
SCALE
  5
43
102
{ACAD_REACTORS
330
42
102
}
330
42
100
AcDbScale
 70
     0
300
1:1
140
1.0
141
1.0
290
     1
  0
SCALE
  5
44
102
{ACAD_REACTORS
330
42
102
}
330
42
100
AcDbScale
 70
     0
300
1/128" = 1'-0"
140
0.007813
141
12.0
290
     0
  0
SCALE
  5
45
102
{ACAD_REACTORS
330
42
102
}
330
42
100
AcDbScale
 70
     0
300
1/64" = 1'-0"
140
0.015625
141
12.0
290
     0
  0
SCALE
  5
46
102
{ACAD_REACTORS
330
42
102
}
330
42
100
AcDbScale
 70
     0
300
1/32" = 1'-0"
140
0.03125
141
12.0
290
     0
  0
SCALE
  5
47
102
{ACAD_REACTORS
330
42
102
}
330
42
100
AcDbScale
 70
     0
300
1/16" = 1'-0"
140
0.0625
141
12.0
290
     0
  0
SCALE
  5
48
102
{ACAD_REACTORS
330
42
102
}
330
42
100
AcDbScale
 70
     0
300
3/32" = 1'-0"
140
0.09375
141
12.0
290
     0
  0
SCALE
  5
49
102
{ACAD_REACTORS
330
42
102
}
330
42
100
AcDbScale
 70
     0
300
1/8" = 1'-0"
140
0.125
141
12.0
290
     0
  0
SCALE
  5
4A
102
{ACAD_REACTORS
330
42
102
}
330
42
100
AcDbScale
 70
     0
300
3/16" = 1'-0"
140
0.1875
141
12.0
290
     0
  0
SCALE
  5
4B
102
{ACAD_REACTORS
330
42
102
}
330
42
100
AcDbScale
 70
     0
300
1/4" = 1'-0"
140
0.25
141
12.0
290
     0
  0
SCALE
  5
4C
102
{ACAD_REACTORS
330
42
102
}
330
42
100
AcDbScale
 70
     0
300
3/8" = 1'-0"
140
0.375
141
12.0
290
     0
  0
SCALE
  5
4D
102
{ACAD_REACTORS
330
42
102
}
330
42
100
AcDbScale
 70
     0
300
1/2" = 1'-0"
140
0.5
141
12.0
290
     0
  0
SCALE
  5
4E
102
{ACAD_REACTORS
330
42
102
}
330
42
100
AcDbScale
 70
     0
300
3/4" = 1'-0"
140
0.75
141
12.0
290
     0
  0
SCALE
  5
4F
102
{ACAD_REACTORS
330
42
102
}
330
42
100
AcDbScale
 70
     0
300
1" = 1'-0"
140
1.0
141
12.0
290
     0
  0
SCALE
  5
50
102
{ACAD_REACTORS
330
42
102
}
330
42
100
AcDbScale
 70
     0
300
1-1/2" = 1'-0"
140
1.5
141
12.0
290
     0
  0
SCALE
  5
51
102
{ACAD_REACTORS
330
42
102
}
330
42
100
AcDbScale
 70
     0
300
3" = 1'-0"
140
3.0
141
12.0
290
     0
  0
SCALE
  5
52
102
{ACAD_REACTORS
330
42
102
}
330
42
100
AcDbScale
 70
     0
300
6" = 1'-0"
140
6.0
141
12.0
290
     0
  0
SCALE
  5
53
102
{ACAD_REACTORS
330
42
102
}
330
42
100
AcDbScale
 70
     0
300
1'-0" = 1'-0"
140
12.0
141
12.0
290
     0
  0
ACDBSECTIONVIEWSTYLE
  5
69
102
{ACAD_XDICTIONARY
360
ACF
102
}
102
{ACAD_REACTORS
330
68
102
}
330
68
100
AcDbModelDocViewStyle
 70
     0
  3
Imperial24
290
     0
100
AcDbSectionViewStyle
 70
     0
 71
     0
 90
       78
 71
     1
340
55
 62
   256
 40
0.24
340
0
340
0
 62
   256
 40
0.24
300
I, O, Q, S, X, Z
 40
0.48
 90
        3
 40
0.18
 90
        1
 71
     2
340
5D
 90
       25
 62
   256
340
5D
 90
       50
 62
   256
 40
0.24
 40
0.0
 40
0.24
 71
     3
340
55
 62
   256
 40
0.24
 90
        1
 40
0.75
 90
        1
300
%<\AcVar ViewType \f "%tc1">% %<\AcVar ViewSectionStartId>%-%<\AcVar ViewSectionEndId>%\PSCALE %<\AcVar ViewScale \f "%sn">%
 71
     4
 62
   256
 62
   257
300
ANSI31
 40
1.0
 90
        0
290
     0
290
     0
 90
        6
 40
0.0
 40
1.570796
 40
0.261799
 40
1.308997
 40
-0.261799
 40
1.832596
  0
TABLESTYLE
  5
65
102
{ACAD_XDICTIONARY
360
ACC
102
}
102
{ACAD_REACTORS
330
64
102
}
330
64
100
AcDbTableStyle
280
     0
  3
Standard
 70
     0
 71
     0
 40
1.5
 41
1.5
280
     0
281
     0
  7
Standard
140
0.18
170
     2
 62
     0
 63
     7
283
     0
 90
      512
 91
        0
  1

274
    -2
284
     1
 64
     0
275
    -2
285
     1
 65
     0
276
    -2
286
     1
 66
     0
277
    -2
287
     1
 67
     0
278
    -2
288
     1
 68
     0
279
    -2
289
     1
 69
     0
  7
Standard
140
0.25
170
     5
 62
     0
 63
     7
283
     0
 90
      512
 91
        0
  1

274
    -2
284
     1
 64
     0
275
    -2
285
     1
 65
     0
276
    -2
286
     1
 66
     0
277
    -2
287
     1
 67
     0
278
    -2
288
     1
 68
     0
279
    -2
289
     1
 69
     0
  7
Standard
140
0.18
170
     5
 62
     0
 63
     7
283
     0
 90
      512
 91
        0
  1

274
    -2
284
     1
 64
     0
275
    -2
285
     1
 65
     0
276
    -2
286
     1
 66
     0
277
    -2
287
     1
 67
     0
278
    -2
288
     1
 68
     0
279
    -2
289
     1
 69
     0
  0
VISUALSTYLE
  5
2F
102
{ACAD_REACTORS
330
29
102
}
330
29
100
AcDbVisualStyle
  2
2dWireframe
 70
     4
177
     3
291
     0
 70
    58
 90
        0
176
     1
 90
        2
176
     1
 90
        0
176
     1
 90
        0
176
     1
 40
0.6
176
     1
 40
30.0
176
     1
 62
     7
420
 16777215
176
     1
 90
        1
176
     1
 90
        4
176
     1
 62
     7
176
     1
 62
   257
176
     1
 90
        1
176
     1
 90
        1
176
     1
 40
1.0
176
     1
 90
        0
176
     1
 62
   257
176
     1
 40
1.0
176
     1
 90
        1
176
     1
 90
        6
176
     1
 90
        2
176
     1
 62
     7
176
     1
 90
        5
176
     1
 90
        0
176
     1
 90
        0
176
     1
290
     0
176
     1
 90
        1
176
     1
 40
0.0
176
     1
 90
        0
176
     1
290
     1
176
     1
290
     1
176
     1
290
     0
176
     1
290
     0
176
     1
290
     0
176
     1
290
     0
176
     1
290
     0
176
     1
290
     0
176
     1
290
     0
176
     1
 90
       50
176
     1
 40
0.0
176
     1
 40
1.0
176
     1
 90
        0
176
     1
 62
    18
420
        0
176
     1
 90
       50
176
     1
 90
        3
176
     1
 62
     5
420
      255
176
     1
290
     0
176
     1
 90
       50
176
     1
 90
       50
176
     1
 90
       50
176
     1
290
     0
176
     1
 90
       50
176
     1
 62
   256
176
     0
 40
1.0
176
     0
 90
        2
176
     1
  1
strokes_ogs.tif
176
     1
290
     0
176
     1
 40
1.0
176
     1
 40
1.0
176
     1
1001
ACAD
1000
AcDbSavedByObjectVersion
1070
     0
  0
VISUALSTYLE
  5
2E
102
{ACAD_REACTORS
330
29
102
}
330
29
100
AcDbVisualStyle
  2
Basic
 70
     7
177
     3
291
     1
 70
    58
 90
        1
176
     1
 90
        0
176
     1
 90
        1
176
     1
 90
        0
176
     1
 40
0.6
176
     1
 40
30.0
176
     1
 62
     7
420
 16777215
176
     1
 90
        0
176
     1
 90
        4
176
     1
 62
     7
176
     1
 62
   257
176
     1
 90
        1
176
     1
 90
        1
176
     1
 40
1.0
176
     1
 90
        8
176
     1
 62
     7
176
     1
 40
1.0
176
     1
 90
        1
176
     1
 90
        6
176
     1
 90
        2
176
     1
 62
     7
176
     1
 90
        5
176
     1
 90
        0
176
     1
 90
        0
176
     1
290
     0
176
     1
 90
        1
176
     1
 40
0.0
176
     1
 90
        0
176
     1
290
     0
176
     1
290
     1
176
     1
290
     1
176
     1
290
     0
176
     1
290
     0
176
     1
290
     0
176
     1
290
     0
176
     1
290
     0
176
     1
290
     0
176
     1
 90
       50
176
     1
 40
0.0
176
     1
 40
1.0
176
     1
 90
        0
176
     1
 62
    18
420
        0
176
     1
 90
       50
176
     1
 90
        3
176
     1
 62
     5
420
      255
176
     1
290
     0
176
     1
 90
       50
176
     1
 90
       50
176
     1
 90
       50
176
     1
290
     0
176
     1
 90
       50
176
     1
 62
   256
176
     0
 40
1.0
176
     0
 90
        2
176
     1
  1
strokes_ogs.tif
176
     1
290
     0
176
     1
 40
1.0
176
     1
 40
1.0
176
     1
1001
ACAD
1000
AcDbSavedByObjectVersion
1070
     0
  0
VISUALSTYLE
  5
35
102
{ACAD_REACTORS
330
29
102
}
330
29
100
AcDbVisualStyle
  2
Brighten
 70
    12
177
     3
291
     1
 70
    58
 90
        2
176
     1
 90
        2
176
     1
 90
        0
176
     1
 90
        0
176
     1
 40
0.6
176
     1
 40
30.0
176
     1
 62
     7
420
 16777215
176
     1
 90
        1
176
     1
 90
        4
176
     1
 62
     7
176
     1
 62
   257
176
     1
 90
        1
176
     1
 90
        1
176
     1
 40
1.0
176
     1
 90
        8
176
     1
 62
     7
176
     1
 40
1.0
176
     1
 90
        1
176
     1
 90
        6
176
     1
 90
        2
176
     1
 62
     7
176
     1
 90
        5
176
     1
 90
        0
176
     1
 90
        0
176
     1
290
     0
176
     1
 90
        1
176
     1
 40
50.0
176
     1
 90
        0
176
     1
290
     0
176
     1
290
     1
176
     1
290
     1
176
     1
290
     0
176
     1
290
     0
176
     1
290
     0
176
     1
290
     0
176
     1
290
     0
176
     1
290
     0
176
     1
 90
       50
176
     1
 40
0.0
176
     1
 40
1.0
176
     1
 90
        0
176
     1
 62
    18
420
        0
176
     1
 90
       50
176
     1
 90
        3
176
     1
 62
     5
420
      255
176
     1
290
     0
176
     1
 90
       50
176
     1
 90
       50
176
     1
 90
       50
176
     1
290
     0
176
     1
 90
       50
176
     1
 62
   256
176
     0
 40
1.0
176
     0
 90
        2
176
     1
  1
strokes_ogs.tif
176
     1
290
     0
176
     1
 40
1.0
176
     1
 40
1.0
176
     1
1001
ACAD
1000
AcDbSavedByObjectVersion
1070
     0
  0
VISUALSTYLE
  5
39
102
{ACAD_REACTORS
330
29
102
}
330
29
100
AcDbVisualStyle
  2
ColorChange
 70
    16
177
     3
291
     1
 70
    58
 90
        2
176
     1
 90
        2
176
     1
 90
        3
176
     1
 90
        0
176
     1
 40
0.6
176
     1
 40
30.0
176
     1
 62
     8
420
  8421504
176
     1
 90
        1
176
     1
 90
        4
176
     1
 62
     7
176
     1
 62
   257
176
     1
 90
        1
176
     1
 90
        1
176
     1
 40
1.0
176
     1
 90
        8
176
     1
 62
     8
420
  8421504
176
     1
 40
1.0
176
     1
 90
        1
176
     1
 90
        6
176
     1
 90
        2
176
     1
 62
     7
176
     1
 90
        5
176
     1
 90
        0
176
     1
 90
        0
176
     1
290
     0
176
     1
 90
        1
176
     1
 40
0.0
176
     1
 90
        0
176
     1
290
     0
176
     1
290
     1
176
     1
290
     1
176
     1
290
     0
176
     1
290
     0
176
     1
290
     0
176
     1
290
     0
176
     1
290
     0
176
     1
290
     0
176
     1
 90
       50
176
     1
 40
0.0
176
     1
 40
1.0
176
     1
 90
        0
176
     1
 62
    18
420
        0
176
     1
 90
       50
176
     1
 90
        3
176
     1
 62
     5
420
      255
176
     1
290
     0
176
     1
 90
       50
176
     1
 90
       50
176
     1
 90
       50
176
     1
290
     0
176
     1
 90
       50
176
     1
 62
   256
176
     0
 40
1.0
176
     0
 90
        2
176
     1
  1
strokes_ogs.tif
176
     1
290
     0
176
     1
 40
1.0
176
     1
 40
1.0
176
     1
1001
ACAD
1000
AcDbSavedByObjectVersion
1070
     0
  0
VISUALSTYLE
  5
32
102
{ACAD_REACTORS
330
29
102
}
330
29
100
AcDbVisualStyle
  2
Conceptual
 70
     9
177
     3
291
     0
 70
    58
 90
        3
176
     1
 90
        2
176
     1
 90
        0
176
     1
 90
        0
176
     1
 40
0.6
176
     1
 40
30.0
176
     1
 62
     7
420
 16777215
176
     1
 90
        2
176
     1
 90
        2
176
     1
 62
     7
176
     1
 62
   257
176
     1
 90
        1
176
     1
 90
        1
176
     1
 40
179.0
176
     1
 90
        8
176
     1
 62
     7
176
     1
 40
1.0
176
     1
 90
        1
176
     1
 90
        6
176
     1
 90
        2
176
     1
 62
     7
176
     1
 90
        3
176
     1
 90
        0
176
     1
 90
        0
176
     1
290
     0
176
     1
 90
        1
176
     1
 40
0.0
176
     1
 90
        0
176
     1
290
     0
176
     1
290
     1
176
     1
290
     1
176
     1
290
     0
176
     1
290
     0
176
     1
290
     0
176
     1
290
     0
176
     1
290
     0
176
     1
290
     0
176
     1
 90
       50
176
     1
 40
0.0
176
     1
 40
1.0
176
     1
 90
        0
176
     1
 62
    18
420
        0
176
     1
 90
       50
176
     1
 90
        3
176
     1
 62
     5
420
      255
176
     1
290
     0
176
     1
 90
       50
176
     1
 90
       50
176
     1
 90
       50
176
     1
290
     0
176
     1
 90
       50
176
     1
 62
   256
176
     0
 40
1.0
176
     0
 90
        2
176
     1
  1
strokes_ogs.tif
176
     1
290
     0
176
     1
 40
1.0
176
     1
 40
1.0
176
     1
1001
ACAD
1000
AcDbSavedByObjectVersion
1070
     0
  0
VISUALSTYLE
  5
34
102
{ACAD_REACTORS
330
29
102
}
330
29
100
AcDbVisualStyle
  2
Dim
 70
    11
177
     3
291
     1
 70
    58
 90
        2
176
     1
 90
        2
176
     1
 90
        0
176
     1
 90
        0
176
     1
 40
0.6
176
     1
 40
30.0
176
     1
 62
     7
420
 16777215
176
     1
 90
        1
176
     1
 90
        4
176
     1
 62
     7
176
     1
 62
   257
176
     1
 90
        1
176
     1
 90
        1
176
     1
 40
1.0
176
     1
 90
        8
176
     1
 62
     7
176
     1
 40
1.0
176
     1
 90
        1
176
     1
 90
        6
176
     1
 90
        2
176
     1
 62
     7
176
     1
 90
        5
176
     1
 90
        0
176
     1
 90
        0
176
     1
290
     0
176
     1
 90
        1
176
     1
 40
-50.0
176
     1
 90
        0
176
     1
290
     0
176
     1
290
     1
176
     1
290
     1
176
     1
290
     0
176
     1
290
     0
176
     1
290
     0
176
     1
290
     0
176
     1
290
     0
176
     1
290
     0
176
     1
 90
       50
176
     1
 40
0.0
176
     1
 40
1.0
176
     1
 90
        0
176
     1
 62
    18
420
        0
176
     1
 90
       50
176
     1
 90
        3
176
     1
 62
     5
420
      255
176
     1
290
     0
176
     1
 90
       50
176
     1
 90
       50
176
     1
 90
       50
176
     1
290
     0
176
     1
 90
       50
176
     1
 62
   256
176
     0
 40
1.0
176
     0
 90
        2
176
     1
  1
strokes_ogs.tif
176
     1
290
     0
176
     1
 40
1.0
176
     1
 40
1.0
176
     1
1001
ACAD
1000
AcDbSavedByObjectVersion
1070
     0
  0
VISUALSTYLE
  5
41
102
{ACAD_REACTORS
330
29
102
}
330
29
100
AcDbVisualStyle
  2
EdgeColorOff
 70
    22
177
     3
291
     1
 70
    58
 90
        2
176
     0
 90
        2
176
     0
 90
        0
176
     0
 90
        0
176
     0
 40
0.6
176
     0
 40
30.0
176
     0
 62
     7
420
 16777215
176
     0
 90
        1
176
     0
 90
        4
176
     0
 62
     7
176
     0
 62
   257
176
     0
 90
        1
176
     0
 90
        1
176
     0
 40
1.0
176
     0
 90
        8
176
     2
 62
     7
176
     0
 40
1.0
176
     0
 90
        1
176
     0
 90
        6
176
     0
 90
        2
176
     0
 62
     7
176
     0
 90
        5
176
     0
 90
        0
176
     0
 90
        0
176
     0
290
     0
176
     0
 90
        1
176
     0
 40
0.0
176
     0
 90
        0
176
     0
290
     0
176
     0
290
     1
176
     0
290
     1
176
     0
290
     0
176
     0
290
     0
176
     0
290
     0
176
     0
290
     0
176
     0
290
     0
176
     0
290
     0
176
     0
 90
       50
176
     0
 40
0.0
176
     0
 40
1.0
176
     0
 90
        0
176
     0
 62
    18
420
        0
176
     0
 90
       50
176
     0
 90
        3
176
     0
 62
     5
420
      255
176
     0
290
     0
176
     0
 90
       50
176
     0
 90
       50
176
     0
 90
       50
176
     0
290
     0
176
     0
 90
       50
176
     0
 62
   256
176
     0
 40
1.0
176
     0
 90
        2
176
     0
  1
strokes_ogs.tif
176
     0
290
     0
176
     0
 40
1.0
176
     0
 40
1.0
176
     0
1001
ACAD
1000
AcDbSavedByObjectVersion
1070
     0
  0
VISUALSTYLE
  5
38
102
{ACAD_REACTORS
330
29
102
}
330
29
100
AcDbVisualStyle
  2
Facepattern
 70
    15
177
     3
291
     1
 70
    58
 90
        2
176
     1
 90
        2
176
     1
 90
        0
176
     1
 90
        0
176
     1
 40
0.6
176
     1
 40
30.0
176
     1
 62
     7
420
 16777215
176
     1
 90
        1
176
     1
 90
        4
176
     1
 62
     7
176
     1
 62
   257
176
     1
 90
        1
176
     1
 90
        1
176
     1
 40
1.0
176
     1
 90
        8
176
     1
 62
     7
176
     1
 40
1.0
176
     1
 90
        1
176
     1
 90
        6
176
     1
 90
        2
176
     1
 62
     7
176
     1
 90
        5
176
     1
 90
        0
176
     1
 90
        0
176
     1
290
     0
176
     1
 90
        1
176
     1
 40
0.0
176
     1
 90
        0
176
     1
290
     0
176
     1
290
     1
176
     1
290
     1
176
     1
290
     0
176
     1
290
     0
176
     1
290
     0
176
     1
290
     0
176
     1
290
     0
176
     1
290
     0
176
     1
 90
       50
176
     1
 40
0.0
176
     1
 40
1.0
176
     1
 90
        0
176
     1
 62
    18
420
        0
176
     1
 90
       50
176
     1
 90
        3
176
     1
 62
     5
420
      255
176
     1
290
     0
176
     1
 90
       50
176
     1
 90
       50
176
     1
 90
       50
176
     1
290
     0
176
     1
 90
       50
176
     1
 62
   256
176
     0
 40
1.0
176
     0
 90
        2
176
     1
  1
strokes_ogs.tif
176
     1
290
     0
176
     1
 40
1.0
176
     1
 40
1.0
176
     1
1001
ACAD
1000
AcDbSavedByObjectVersion
1070
     0
  0
VISUALSTYLE
  5
2A
102
{ACAD_REACTORS
330
29
102
}
330
29
100
AcDbVisualStyle
  2
Flat
 70
     0
177
     3
291
     1
 70
    58
 90
        2
176
     1
 90
        1
176
     1
 90
        1
176
     1
 90
        2
176
     1
 40
0.6
176
     1
 40
30.0
176
     1
 62
     7
420
 16777215
176
     1
 90
        0
176
     1
 90
        0
176
     1
 62
     7
176
     1
 62
   257
176
     1
 90
        1
176
     1
 90
        1
176
     1
 40
1.0
176
     1
 90
        8
176
     1
 62
     7
176
     1
 40
1.0
176
     1
 90
        1
176
     1
 90
        6
176
     1
 90
        2
176
     1
 62
     7
176
     1
 90
        5
176
     1
 90
        0
176
     1
 90
        0
176
     1
290
     0
176
     1
 90
       13
176
     1
 40
0.0
176
     1
 90
        0
176
     1
290
     0
176
     1
290
     1
176
     1
290
     1
176
     1
290
     0
176
     1
290
     0
176
     1
290
     0
176
     1
290
     0
176
     1
290
     0
176
     1
290
     0
176
     1
 90
       50
176
     1
 40
0.0
176
     1
 40
1.0
176
     1
 90
        0
176
     1
 62
    18
420
        0
176
     1
 90
       50
176
     1
 90
        3
176
     1
 62
     5
420
      255
176
     1
290
     0
176
     1
 90
       50
176
     1
 90
       50
176
     1
 90
       50
176
     1
290
     0
176
     1
 90
       50
176
     1
 62
   256
176
     0
 40
1.0
176
     0
 90
        2
176
     1
  1
strokes_ogs.tif
176
     1
290
     0
176
     1
 40
1.0
176
     1
 40
1.0
176
     1
1001
ACAD
1000
AcDbSavedByObjectVersion
1070
     0
  0
VISUALSTYLE
  5
2B
102
{ACAD_REACTORS
330
29
102
}
330
29
100
AcDbVisualStyle
  2
FlatWithEdges
 70
     1
177
     3
291
     1
 70
    58
 90
        2
176
     1
 90
        1
176
     1
 90
        1
176
     1
 90
        2
176
     1
 40
0.6
176
     1
 40
30.0
176
     1
 62
     7
420
 16777215
176
     1
 90
        1
176
     1
 90
        0
176
     1
 62
     7
176
     1
 62
   257
176
     1
 90
        1
176
     1
 90
        1
176
     1
 40
1.0
176
     1
 90
        0
176
     1
 62
   257
176
     1
 40
1.0
176
     1
 90
        1
176
     1
 90
        6
176
     1
 90
        2
176
     1
 62
     7
176
     1
 90
        5
176
     1
 90
        0
176
     1
 90
        0
176
     1
290
     0
176
     1
 90
       13
176
     1
 40
0.0
176
     1
 90
        0
176
     1
290
     0
176
     1
290
     1
176
     1
290
     1
176
     1
290
     0
176
     1
290
     0
176
     1
290
     0
176
     1
290
     0
176
     1
290
     0
176
     1
290
     0
176
     1
 90
       50
176
     1
 40
0.0
176
     1
 40
1.0
176
     1
 90
        0
176
     1
 62
    18
420
        0
176
     1
 90
       50
176
     1
 90
        3
176
     1
 62
     5
420
      255
176
     1
290
     0
176
     1
 90
       50
176
     1
 90
       50
176
     1
 90
       50
176
     1
290
     0
176
     1
 90
       50
176
     1
 62
   256
176
     0
 40
1.0
176
     0
 90
        2
176
     1
  1
strokes_ogs.tif
176
     1
290
     0
176
     1
 40
1.0
176
     1
 40
1.0
176
     1
1001
ACAD
1000
AcDbSavedByObjectVersion
1070
     0
  0
VISUALSTYLE
  5
2C
102
{ACAD_REACTORS
330
29
102
}
330
29
100
AcDbVisualStyle
  2
Gouraud
 70
     2
177
     3
291
     1
 70
    58
 90
        2
176
     1
 90
        2
176
     1
 90
        1
176
     1
 90
        2
176
     1
 40
0.6
176
     1
 40
30.0
176
     1
 62
     7
420
 16777215
176
     1
 90
        0
176
     1
 90
        0
176
     1
 62
     7
176
     1
 62
   257
176
     1
 90
        1
176
     1
 90
        1
176
     1
 40
1.0
176
     1
 90
        0
176
     1
 62
     7
176
     1
 40
1.0
176
     1
 90
        1
176
     1
 90
        6
176
     1
 90
        2
176
     1
 62
     7
176
     1
 90
        5
176
     1
 90
        0
176
     1
 90
        0
176
     1
290
     0
176
     1
 90
       13
176
     1
 40
0.0
176
     1
 90
        0
176
     1
290
     0
176
     1
290
     1
176
     1
290
     1
176
     1
290
     0
176
     1
290
     0
176
     1
290
     0
176
     1
290
     0
176
     1
290
     0
176
     1
290
     0
176
     1
 90
       50
176
     1
 40
0.0
176
     1
 40
1.0
176
     1
 90
        0
176
     1
 62
    18
420
        0
176
     1
 90
       50
176
     1
 90
        3
176
     1
 62
     5
420
      255
176
     1
290
     0
176
     1
 90
       50
176
     1
 90
       50
176
     1
 90
       50
176
     1
290
     0
176
     1
 90
       50
176
     1
 62
   256
176
     0
 40
1.0
176
     0
 90
        2
176
     1
  1
strokes_ogs.tif
176
     1
290
     0
176
     1
 40
1.0
176
     1
 40
1.0
176
     1
1001
ACAD
1000
AcDbSavedByObjectVersion
1070
     0
  0
VISUALSTYLE
  5
2D
102
{ACAD_REACTORS
330
29
102
}
330
29
100
AcDbVisualStyle
  2
GouraudWithEdges
 70
     3
177
     3
291
     1
 70
    58
 90
        2
176
     1
 90
        2
176
     1
 90
        1
176
     1
 90
        2
176
     1
 40
0.6
176
     1
 40
30.0
176
     1
 62
     7
420
 16777215
176
     1
 90
        1
176
     1
 90
        0
176
     1
 62
     7
176
     1
 62
   257
176
     1
 90
        1
176
     1
 90
        1
176
     1
 40
1.0
176
     1
 90
        0
176
     1
 62
   257
176
     1
 40
1.0
176
     1
 90
        1
176
     1
 90
        6
176
     1
 90
        2
176
     1
 62
     7
176
     1
 90
        5
176
     1
 90
        0
176
     1
 90
        0
176
     1
290
     0
176
     1
 90
       13
176
     1
 40
0.0
176
     1
 90
        0
176
     1
290
     0
176
     1
290
     1
176
     1
290
     1
176
     1
290
     0
176
     1
290
     0
176
     1
290
     0
176
     1
290
     0
176
     1
290
     0
176
     1
290
     0
176
     1
 90
       50
176
     1
 40
0.0
176
     1
 40
1.0
176
     1
 90
        0
176
     1
 62
    18
420
        0
176
     1
 90
       50
176
     1
 90
        3
176
     1
 62
     5
420
      255
176
     1
290
     0
176
     1
 90
       50
176
     1
 90
       50
176
     1
 90
       50
176
     1
290
     0
176
     1
 90
       50
176
     1
 62
   256
176
     0
 40
1.0
176
     0
 90
        2
176
     1
  1
strokes_ogs.tif
176
     1
290
     0
176
     1
 40
1.0
176
     1
 40
1.0
176
     1
1001
ACAD
1000
AcDbSavedByObjectVersion
1070
     0
  0
VISUALSTYLE
  5
31
102
{ACAD_REACTORS
330
29
102
}
330
29
100
AcDbVisualStyle
  2
Hidden
 70
     6
177
     3
291
     0
 70
    58
 90
        1
176
     1
 90
        2
176
     1
 90
        2
176
     1
 90
        0
176
     1
 40
0.6
176
     1
 40
30.0
176
     1
 62
     7
420
 16777215
176
     1
 90
        2
176
     1
 90
        2
176
     1
 62
     7
176
     1
 62
   257
176
     1
 90
        2
176
     1
 90
        1
176
     1
 40
40.0
176
     1
 90
        0
176
     1
 62
   257
176
     1
 40
1.0
176
     1
 90
        1
176
     1
 90
        6
176
     1
 90
        2
176
     1
 62
     7
176
     1
 90
        3
176
     1
 90
        0
176
     1
 90
        0
176
     1
290
     0
176
     1
 90
        1
176
     1
 40
0.0
176
     1
 90
        0
176
     1
290
     0
176
     1
290
     1
176
     1
290
     1
176
     1
290
     0
176
     1
290
     0
176
     1
290
     0
176
     1
290
     0
176
     1
290
     0
176
     1
290
     0
176
     1
 90
       50
176
     1
 40
0.0
176
     1
 40
1.0
176
     1
 90
        0
176
     1
 62
    18
420
        0
176
     1
 90
       50
176
     1
 90
        3
176
     1
 62
     5
420
      255
176
     1
290
     0
176
     1
 90
       50
176
     1
 90
       50
176
     1
 90
       50
176
     1
290
     0
176
     1
 90
       50
176
     1
 62
   256
176
     0
 40
1.0
176
     0
 90
        2
176
     1
  1
strokes_ogs.tif
176
     1
290
     0
176
     1
 40
1.0
176
     1
 40
1.0
176
     1
1001
ACAD
1000
AcDbSavedByObjectVersion
1070
     0
  0
VISUALSTYLE
  5
3F
102
{ACAD_REACTORS
330
29
102
}
330
29
100
AcDbVisualStyle
  2
JitterOff
 70
    20
177
     3
291
     1
 70
    58
 90
        2
176
     0
 90
        2
176
     0
 90
        0
176
     0
 90
        0
176
     0
 40
0.6
176
     0
 40
30.0
176
     0
 62
     7
420
 16777215
176
     0
 90
        1
176
     0
 90
        4
176
     0
 62
     7
176
     0
 62
   257
176
     0
 90
        1
176
     0
 90
        1
176
     0
 40
1.0
176
     0
 90
       10
176
     2
 62
     7
176
     0
 40
1.0
176
     0
 90
        1
176
     0
 90
        6
176
     0
 90
        2
176
     0
 62
     7
176
     0
 90
        5
176
     0
 90
        0
176
     0
 90
        0
176
     0
290
     0
176
     0
 90
        1
176
     0
 40
0.0
176
     0
 90
        0
176
     0
290
     0
176
     0
290
     1
176
     0
290
     1
176
     0
290
     0
176
     0
290
     0
176
     0
290
     0
176
     0
290
     0
176
     0
290
     0
176
     0
290
     0
176
     0
 90
       50
176
     0
 40
0.0
176
     0
 40
1.0
176
     0
 90
        0
176
     0
 62
    18
420
        0
176
     0
 90
       50
176
     0
 90
        3
176
     0
 62
     5
420
      255
176
     0
290
     0
176
     0
 90
       50
176
     0
 90
       50
176
     0
 90
       50
176
     0
290
     0
176
     0
 90
       50
176
     0
 62
   256
176
     0
 40
1.0
176
     0
 90
        2
176
     0
  1
strokes_ogs.tif
176
     0
290
     0
176
     0
 40
1.0
176
     0
 40
1.0
176
     0
1001
ACAD
1000
AcDbSavedByObjectVersion
1070
     0
  0
VISUALSTYLE
  5
37
102
{ACAD_REACTORS
330
29
102
}
330
29
100
AcDbVisualStyle
  2
Linepattern
 70
    14
177
     3
291
     1
 70
    58
 90
        2
176
     1
 90
        2
176
     1
 90
        0
176
     1
 90
        0
176
     1
 40
0.6
176
     1
 40
30.0
176
     1
 62
     7
420
 16777215
176
     1
 90
        1
176
     1
 90
        4
176
     1
 62
     7
176
     1
 62
   257
176
     1
 90
        7
176
     1
 90
        7
176
     1
 40
1.0
176
     1
 90
        8
176
     1
 62
     7
176
     1
 40
1.0
176
     1
 90
        1
176
     1
 90
        6
176
     1
 90
        2
176
     1
 62
     7
176
     1
 90
        5
176
     1
 90
        0
176
     1
 90
        0
176
     1
290
     0
176
     1
 90
        1
176
     1
 40
0.0
176
     1
 90
        0
176
     1
290
     0
176
     1
290
     1
176
     1
290
     1
176
     1
290
     0
176
     1
290
     0
176
     1
290
     0
176
     1
290
     0
176
     1
290
     0
176
     1
290
     0
176
     1
 90
       50
176
     1
 40
0.0
176
     1
 40
1.0
176
     1
 90
        0
176
     1
 62
    18
420
        0
176
     1
 90
       50
176
     1
 90
        3
176
     1
 62
     5
420
      255
176
     1
290
     0
176
     1
 90
       50
176
     1
 90
       50
176
     1
 90
       50
176
     1
290
     0
176
     1
 90
       50
176
     1
 62
   256
176
     0
 40
1.0
176
     0
 90
        2
176
     1
  1
strokes_ogs.tif
176
     1
290
     0
176
     1
 40
1.0
176
     1
 40
1.0
176
     1
1001
ACAD
1000
AcDbSavedByObjectVersion
1070
     0
  0
VISUALSTYLE
  5
40
102
{ACAD_REACTORS
330
29
102
}
330
29
100
AcDbVisualStyle
  2
OverhangOff
 70
    21
177
     3
291
     1
 70
    58
 90
        2
176
     0
 90
        2
176
     0
 90
        0
176
     0
 90
        0
176
     0
 40
0.6
176
     0
 40
30.0
176
     0
 62
     7
420
 16777215
176
     0
 90
        1
176
     0
 90
        4
176
     0
 62
     7
176
     0
 62
   257
176
     0
 90
        1
176
     0
 90
        1
176
     0
 40
1.0
176
     0
 90
        9
176
     2
 62
     7
176
     0
 40
1.0
176
     0
 90
        1
176
     0
 90
        6
176
     0
 90
        2
176
     0
 62
     7
176
     0
 90
        5
176
     0
 90
        0
176
     0
 90
        0
176
     0
290
     0
176
     0
 90
        1
176
     0
 40
0.0
176
     0
 90
        0
176
     0
290
     0
176
     0
290
     1
176
     0
290
     1
176
     0
290
     0
176
     0
290
     0
176
     0
290
     0
176
     0
290
     0
176
     0
290
     0
176
     0
290
     0
176
     0
 90
       50
176
     0
 40
0.0
176
     0
 40
1.0
176
     0
 90
        0
176
     0
 62
    18
420
        0
176
     0
 90
       50
176
     0
 90
        3
176
     0
 62
     5
420
      255
176
     0
290
     0
176
     0
 90
       50
176
     0
 90
       50
176
     0
 90
       50
176
     0
290
     0
176
     0
 90
       50
176
     0
 62
   256
176
     0
 40
1.0
176
     0
 90
        2
176
     0
  1
strokes_ogs.tif
176
     0
290
     0
176
     0
 40
1.0
176
     0
 40
1.0
176
     0
1001
ACAD
1000
AcDbSavedByObjectVersion
1070
     0
  0
VISUALSTYLE
  5
33
102
{ACAD_REACTORS
330
29
102
}
330
29
100
AcDbVisualStyle
  2
Realistic
 70
     8
177
     3
291
     0
 70
    58
 90
        2
176
     1
 90
        3
176
     1
 90
        0
176
     1
 90
        2
176
     1
 40
0.6
176
     1
 40
30.0
176
     1
 62
     7
420
 16777215
176
     1
 90
        0
176
     1
 90
        0
176
     1
 62
     7
176
     1
 62
   257
176
     1
 90
        1
176
     1
 90
        1
176
     1
 40
1.0
176
     1
 90
        8
176
     1
 62
   257
176
     1
 40
1.0
176
     1
 90
        1
176
     1
 90
        6
176
     1
 90
        2
176
     1
 62
     7
176
     1
 90
        3
176
     1
 90
        0
176
     1
 90
        0
176
     1
290
     0
176
     1
 90
       13
176
     1
 40
0.0
176
     1
 90
        0
176
     1
290
     0
176
     1
290
     1
176
     1
290
     1
176
     1
290
     0
176
     1
290
     0
176
     1
290
     0
176
     1
290
     0
176
     1
290
     0
176
     1
290
     0
176
     1
 90
       50
176
     1
 40
0.0
176
     1
 40
1.0
176
     1
 90
        0
176
     1
 62
    18
420
        0
176
     1
 90
       50
176
     1
 90
        3
176
     1
 62
     5
420
      255
176
     1
290
     0
176
     1
 90
       50
176
     1
 90
       50
176
     1
 90
       50
176
     1
290
     0
176
     1
 90
       50
176
     1
 62
   256
176
     0
 40
1.0
176
     0
 90
        2
176
     1
  1
strokes_ogs.tif
176
     1
290
     0
176
     1
 40
1.0
176
     1
 40
1.0
176
     1
1001
ACAD
1000
AcDbSavedByObjectVersion
1070
     0
  0
VISUALSTYLE
  5
3E
102
{ACAD_REACTORS
330
29
102
}
330
29
100
AcDbVisualStyle
  2
Shaded
 70
    27
177
     3
291
     0
 70
    58
 90
        2
176
     1
 90
        2
176
     1
 90
        1
176
     1
 90
        2
176
     1
 40
0.6
176
     1
 40
30.0
176
     1
 62
     7
420
 16777215
176
     1
 90
        0
176
     1
 90
        4
176
     1
 62
     7
176
     1
 62
   257
176
     1
 90
        1
176
     1
 90
        1
176
     1
 40
1.0
176
     1
 90
        8
176
     1
 62
   257
176
     1
 40
1.0
176
     1
 90
        1
176
     1
 90
        6
176
     1
 90
        2
176
     1
 62
     8
420
  7895160
176
     1
 90
        3
176
     1
 90
        0
176
     1
 90
        0
176
     1
290
     0
176
     1
 90
        5
176
     1
 40
0.0
176
     1
 90
        0
176
     1
290
     0
176
     1
290
     1
176
     1
290
     1
176
     1
290
     0
176
     1
290
     0
176
     1
290
     0
176
     1
290
     0
176
     1
290
     0
176
     1
290
     0
176
     1
 90
       50
176
     1
 40
0.0
176
     1
 40
1.0
176
     1
 90
        0
176
     1
 62
    18
420
        0
176
     1
 90
       50
176
     1
 90
        3
176
     1
 62
     5
420
      255
176
     1
290
     0
176
     1
 90
       50
176
     1
 90
       50
176
     1
 90
       50
176
     1
290
     0
176
     1
 90
       50
176
     1
 62
   256
176
     0
 40
1.0
176
     0
 90
        2
176
     1
  1
strokes_ogs.tif
176
     1
290
     0
176
     1
 40
1.0
176
     1
 40
1.0
176
     1
1001
ACAD
1000
AcDbSavedByObjectVersion
1070
     0
  0
VISUALSTYLE
  5
3D
102
{ACAD_REACTORS
330
29
102
}
330
29
100
AcDbVisualStyle
  2
Shaded with edges
 70
    26
177
     3
291
     0
 70
    58
 90
        2
176
     1
 90
        2
176
     1
 90
        1
176
     1
 90
        2
176
     1
 40
0.6
176
     1
 40
30.0
176
     1
 62
     7
420
 16777215
176
     1
 90
        1
176
     1
 90
        2
176
     1
 62
     7
176
     1
 62
   257
176
     1
 90
        2
176
     1
 90
        1
176
     1
 40
1.0
176
     1
 90
        8
176
     1
 62
   257
176
     1
 40
1.0
176
     1
 90
        1
176
     1
 90
        6
176
     1
 90
        2
176
     1
 62
     7
176
     1
 90
        3
176
     1
 90
        0
176
     1
 90
        0
176
     1
290
     0
176
     1
 90
        5
176
     1
 40
0.0
176
     1
 90
        0
176
     1
290
     0
176
     1
290
     1
176
     1
290
     1
176
     1
290
     0
176
     1
290
     0
176
     1
290
     0
176
     1
290
     0
176
     1
290
     0
176
     1
290
     0
176
     1
 90
       50
176
     1
 40
0.0
176
     1
 40
1.0
176
     1
 90
        0
176
     1
 62
    18
420
        0
176
     1
 90
       50
176
     1
 90
        3
176
     1
 62
     5
420
      255
176
     1
290
     0
176
     1
 90
       50
176
     1
 90
       50
176
     1
 90
       50
176
     1
290
     0
176
     1
 90
       50
176
     1
 62
   256
176
     0
 40
1.0
176
     0
 90
        2
176
     1
  1
strokes_ogs.tif
176
     1
290
     0
176
     1
 40
1.0
176
     1
 40
1.0
176
     1
1001
ACAD
1000
AcDbSavedByObjectVersion
1070
     0
  0
VISUALSTYLE
  5
3A
102
{ACAD_REACTORS
330
29
102
}
330
29
100
AcDbVisualStyle
  2
Shades of Gray
 70
    23
177
     3
291
     0
 70
    58
 90
        2
176
     1
 90
        2
176
     1
 90
        3
176
     1
 90
        0
176
     1
 40
0.6
176
     1
 40
30.0
176
     1
 62
     7
420
 16777215
176
     1
 90
        2
176
     1
 90
        2
176
     1
 62
     7
176
     1
 62
     7
176
     1
 90
        1
176
     1
 90
        1
176
     1
 40
40.0
176
     1
 90
        8
176
     1
 62
     7
176
     1
 40
1.0
176
     1
 90
        1
176
     1
 90
        6
176
     1
 90
        2
176
     1
 62
     7
176
     1
 90
        3
176
     1
 90
        0
176
     1
 90
        0
176
     1
290
     0
176
     1
 90
        1
176
     1
 40
0.0
176
     1
 90
        0
176
     1
290
     0
176
     1
290
     1
176
     1
290
     1
176
     1
290
     0
176
     1
290
     0
176
     1
290
     0
176
     1
290
     0
176
     1
290
     0
176
     1
290
     0
176
     1
 90
       50
176
     1
 40
0.0
176
     1
 40
1.0
176
     1
 90
        0
176
     1
 62
    18
420
        0
176
     1
 90
       50
176
     1
 90
        3
176
     1
 62
     5
420
      255
176
     1
290
     0
176
     1
 90
       50
176
     1
 90
       50
176
     1
 90
       50
176
     1
290
     0
176
     1
 90
       50
176
     1
 62
   256
176
     0
 40
1.0
176
     0
 90
        2
176
     1
  1
strokes_ogs.tif
176
     1
290
     0
176
     1
 40
1.0
176
     1
 40
1.0
176
     1
1001
ACAD
1000
AcDbSavedByObjectVersion
1070
     0
  0
VISUALSTYLE
  5
3B
102
{ACAD_REACTORS
330
29
102
}
330
29
100
AcDbVisualStyle
  2
Sketchy
 70
    24
177
     3
291
     0
 70
    58
 90
        1
176
     1
 90
        2
176
     1
 90
        2
176
     1
 90
        0
176
     1
 40
0.6
176
     1
 40
30.0
176
     1
 62
     7
420
 16777215
176
     1
 90
        2
176
     1
 90
        2
176
     1
 62
     7
176
     1
 62
     7
176
     1
 90
        1
176
     1
 90
        1
176
     1
 40
40.0
176
     1
 90
       11
176
     1
 62
     7
176
     1
 40
1.0
176
     1
 90
        1
176
     1
 90
        6
176
     1
 90
        2
176
     1
 62
     7
176
     1
 90
        6
176
     1
 90
        0
176
     1
 90
        0
176
     1
290
     0
176
     1
 90
        1
176
     1
 40
0.0
176
     1
 90
        0
176
     1
290
     0
176
     1
290
     1
176
     1
290
     1
176
     1
290
     0
176
     1
290
     0
176
     1
290
     0
176
     1
290
     0
176
     1
290
     0
176
     1
290
     0
176
     1
 90
       50
176
     1
 40
0.0
176
     1
 40
1.0
176
     1
 90
        0
176
     1
 62
    18
420
        0
176
     1
 90
       50
176
     1
 90
        3
176
     1
 62
     5
420
      255
176
     1
290
     0
176
     1
 90
       50
176
     1
 90
       50
176
     1
 90
       50
176
     1
290
     0
176
     1
 90
       50
176
     1
 62
   256
176
     0
 40
1.0
176
     0
 90
        2
176
     1
  1
strokes_ogs.tif
176
     1
290
     0
176
     1
 40
1.0
176
     1
 40
1.0
176
     1
1001
ACAD
1000
AcDbSavedByObjectVersion
1070
     0
  0
VISUALSTYLE
  5
36
102
{ACAD_REACTORS
330
29
102
}
330
29
100
AcDbVisualStyle
  2
Thicken
 70
    13
177
     3
291
     1
 70
    58
 90
        2
176
     1
 90
        2
176
     1
 90
        0
176
     1
 90
        0
176
     1
 40
0.6
176
     1
 40
30.0
176
     1
 62
     7
420
 16777215
176
     1
 90
        1
176
     1
 90
        4
176
     1
 62
     7
176
     1
 62
   257
176
     1
 90
        1
176
     1
 90
        1
176
     1
 40
1.0
176
     1
 90
       12
176
     1
 62
     7
176
     1
 40
1.0
176
     1
 90
        1
176
     1
 90
        6
176
     1
 90
        2
176
     1
 62
     7
176
     1
 90
        5
176
     1
 90
        0
176
     1
 90
        0
176
     1
290
     0
176
     1
 90
        1
176
     1
 40
0.0
176
     1
 90
        0
176
     1
290
     0
176
     1
290
     1
176
     1
290
     1
176
     1
290
     0
176
     1
290
     0
176
     1
290
     0
176
     1
290
     0
176
     1
290
     0
176
     1
290
     0
176
     1
 90
       50
176
     1
 40
0.0
176
     1
 40
1.0
176
     1
 90
        0
176
     1
 62
    18
420
        0
176
     1
 90
       50
176
     1
 90
        3
176
     1
 62
     5
420
      255
176
     1
290
     0
176
     1
 90
       50
176
     1
 90
       50
176
     1
 90
       50
176
     1
290
     0
176
     1
 90
       50
176
     1
 62
   256
176
     0
 40
1.0
176
     0
 90
        2
176
     1
  1
strokes_ogs.tif
176
     1
290
     0
176
     1
 40
1.0
176
     1
 40
1.0
176
     1
1001
ACAD
1000
AcDbSavedByObjectVersion
1070
     0
  0
VISUALSTYLE
  5
30
102
{ACAD_REACTORS
330
29
102
}
330
29
100
AcDbVisualStyle
  2
Wireframe
 70
     5
177
     3
291
     0
 70
    58
 90
        0
176
     1
 90
        2
176
     1
 90
        0
176
     1
 90
        0
176
     1
 40
0.6
176
     1
 40
30.0
176
     1
 62
     7
420
 16777215
176
     1
 90
        1
176
     1
 90
        4
176
     1
 62
     7
176
     1
 62
   257
176
     1
 90
        1
176
     1
 90
        1
176
     1
 40
1.0
176
     1
 90
        0
176
     1
 62
   257
176
     1
 40
1.0
176
     1
 90
        1
176
     1
 90
        6
176
     1
 90
        2
176
     1
 62
     7
176
     1
 90
        3
176
     1
 90
        0
176
     1
 90
        0
176
     1
290
     0
176
     1
 90
        1
176
     1
 40
0.0
176
     1
 90
        0
176
     1
290
     0
176
     1
290
     1
176
     1
290
     1
176
     1
290
     0
176
     1
290
     0
176
     1
290
     0
176
     1
290
     0
176
     1
290
     0
176
     1
290
     0
176
     1
 90
       50
176
     1
 40
0.0
176
     1
 40
1.0
176
     1
 90
        0
176
     1
 62
    18
420
        0
176
     1
 90
       50
176
     1
 90
        3
176
     1
 62
     5
420
      255
176
     1
290
     0
176
     1
 90
       50
176
     1
 90
       50
176
     1
 90
       50
176
     1
290
     0
176
     1
 90
       50
176
     1
 62
   256
176
     0
 40
1.0
176
     0
 90
        2
176
     1
  1
strokes_ogs.tif
176
     1
290
     0
176
     1
 40
1.0
176
     1
 40
1.0
176
     1
1001
ACAD
1000
AcDbSavedByObjectVersion
1070
     0
  0
VISUALSTYLE
  5
3C
102
{ACAD_REACTORS
330
29
102
}
330
29
100
AcDbVisualStyle
  2
X-Ray
 70
    25
177
     3
291
     0
 70
    58
 90
        2
176
     1
 90
        2
176
     1
 90
        1
176
     1
 90
        1
176
     1
 40
0.5
176
     1
 40
30.0
176
     1
 62
     7
420
 16777215
176
     1
 90
        1
176
     1
 90
        0
176
     1
 62
     7
176
     1
 62
   257
176
     1
 90
        1
176
     1
 90
        1
176
     1
 40
1.0
176
     1
 90
        8
176
     1
 62
     7
176
     1
 40
1.0
176
     1
 90
        1
176
     1
 90
        6
176
     1
 90
        2
176
     1
 62
     7
176
     1
 90
        3
176
     1
 90
        0
176
     1
 90
        0
176
     1
290
     0
176
     1
 90
       13
176
     1
 40
0.0
176
     1
 90
        0
176
     1
290
     0
176
     1
290
     1
176
     1
290
     1
176
     1
290
     0
176
     1
290
     0
176
     1
290
     0
176
     1
290
     0
176
     1
290
     0
176
     1
290
     0
176
     1
 90
       50
176
     1
 40
0.0
176
     1
 40
1.0
176
     1
 90
        0
176
     1
 62
    18
420
        0
176
     1
 90
       50
176
     1
 90
        3
176
     1
 62
     5
420
      255
176
     1
290
     0
176
     1
 90
       50
176
     1
 90
       50
176
     1
 90
       50
176
     1
290
     0
176
     1
 90
       50
176
     1
 62
   256
176
     0
 40
1.0
176
     0
 90
        2
176
     1
  1
strokes_ogs.tif
176
     1
290
     0
176
     1
 40
1.0
176
     1
 40
1.0
176
     1
1001
ACAD
1000
AcDbSavedByObjectVersion
1070
     0
  0
DICTIONARYVAR
  5
ACA
102
{ACAD_REACTORS
330
AC5
102
}
330
AC5
100
DictionaryVariables
280
     0
  1
0
  0
DICTIONARYVAR
  5
ACB
102
{ACAD_REACTORS
330
AC5
102
}
330
AC5
100
DictionaryVariables
280
     0
  1
1:1
  0
DICTIONARYVAR
  5
AC7
102
{ACAD_REACTORS
330
AC5
102
}
330
AC5
100
DictionaryVariables
280
     0
  1
STANDARD
  0
DICTIONARYVAR
  5
AC6
102
{ACAD_REACTORS
330
AC5
102
}
330
AC5
100
DictionaryVariables
280
     0
  1
STANDARD
  0
DICTIONARYVAR
  5
AC8
102
{ACAD_REACTORS
330
AC5
102
}
330
AC5
100
DictionaryVariables
280
     0
  1
Imperial24
  0
DICTIONARYVAR
  5
AC9
102
{ACAD_REACTORS
330
AC5
102
}
330
AC5
100
DictionaryVariables
280
     0
  1
Imperial24
  0
DICTIONARY
  5
AD1
330
6B
100
AcDbDictionary
280
     1
281
     1
  3
ACAD_XREC_ROUNDTRIP
360
AD2
  0
DICTIONARY
  5
1A
330
19
100
AcDbDictionary
280
     1
281
     1
  3
BUMPTILE
360
1C
  3
DIFFUSETILE
360
1B
  3
OPACITYTILE
360
1F
  3
REFLECTIONTILE
360
1E
  3
REFRACTIONTILE
360
20
  3
SPECULARTILE
360
1D
  0
DICTIONARY
  5
12
330
11
100
AcDbDictionary
280
     1
281
     1
  3
BUMPTILE
360
14
  3
DIFFUSETILE
360
13
  3
OPACITYTILE
360
17
  3
REFLECTIONTILE
360
16
  3
REFRACTIONTILE
360
18
  3
SPECULARTILE
360
15
  0
DICTIONARY
  5
22
330
21
100
AcDbDictionary
280
     1
281
     1
  3
BUMPTILE
360
24
  3
DIFFUSETILE
360
23
  3
OPACITYTILE
360
27
  3
REFLECTIONTILE
360
26
  3
REFRACTIONTILE
360
28
  3
SPECULARTILE
360
25
  0
DICTIONARY
  5
ACF
330
69
100
AcDbDictionary
280
     1
281
     1
  3
ACAD_XREC_ROUNDTRIP
360
AD0
  0
DICTIONARY
  5
ACC
330
65
100
AcDbDictionary
280
     1
281
     1
  3
ACAD_ROUNDTRIP_2008_TABLESTYLE_CELLSTYLEMAP
360
ACD
  0
XRECORD
  5
AD2
102
{ACAD_REACTORS
330
AD1
102
}
330
AD1
100
AcDbXrecord
280
     1
102
DISPLAYNAME
  1
Imperial24
102
FLAGS
 90
        0
  0
XRECORD
  5
1C
102
{ACAD_REACTORS
330
1A
102
}
330
1A
100
AcDbXrecord
280
     1
270
     1
271
     1
  0
XRECORD
  5
1B
102
{ACAD_REACTORS
330
1A
102
}
330
1A
100
AcDbXrecord
280
     1
270
     1
271
     1
  0
XRECORD
  5
1F
102
{ACAD_REACTORS
330
1A
102
}
330
1A
100
AcDbXrecord
280
     1
270
     1
271
     1
  0
XRECORD
  5
1E
102
{ACAD_REACTORS
330
1A
102
}
330
1A
100
AcDbXrecord
280
     1
270
     1
271
     1
  0
XRECORD
  5
20
102
{ACAD_REACTORS
330
1A
102
}
330
1A
100
AcDbXrecord
280
     1
270
     1
271
     1
  0
XRECORD
  5
1D
102
{ACAD_REACTORS
330
1A
102
}
330
1A
100
AcDbXrecord
280
     1
270
     1
271
     1
  0
XRECORD
  5
14
102
{ACAD_REACTORS
330
12
102
}
330
12
100
AcDbXrecord
280
     1
270
     1
271
     1
  0
XRECORD
  5
13
102
{ACAD_REACTORS
330
12
102
}
330
12
100
AcDbXrecord
280
     1
270
     1
271
     1
  0
XRECORD
  5
17
102
{ACAD_REACTORS
330
12
102
}
330
12
100
AcDbXrecord
280
     1
270
     1
271
     1
  0
XRECORD
  5
16
102
{ACAD_REACTORS
330
12
102
}
330
12
100
AcDbXrecord
280
     1
270
     1
271
     1
  0
XRECORD
  5
18
102
{ACAD_REACTORS
330
12
102
}
330
12
100
AcDbXrecord
280
     1
270
     1
271
     1
  0
XRECORD
  5
15
102
{ACAD_REACTORS
330
12
102
}
330
12
100
AcDbXrecord
280
     1
270
     1
271
     1
  0
XRECORD
  5
24
102
{ACAD_REACTORS
330
22
102
}
330
22
100
AcDbXrecord
280
     1
270
     1
271
     1
  0
XRECORD
  5
23
102
{ACAD_REACTORS
330
22
102
}
330
22
100
AcDbXrecord
280
     1
270
     1
271
     1
  0
XRECORD
  5
27
102
{ACAD_REACTORS
330
22
102
}
330
22
100
AcDbXrecord
280
     1
270
     1
271
     1
  0
XRECORD
  5
26
102
{ACAD_REACTORS
330
22
102
}
330
22
100
AcDbXrecord
280
     1
270
     1
271
     1
  0
XRECORD
  5
28
102
{ACAD_REACTORS
330
22
102
}
330
22
100
AcDbXrecord
280
     1
270
     1
271
     1
  0
XRECORD
  5
25
102
{ACAD_REACTORS
330
22
102
}
330
22
100
AcDbXrecord
280
     1
270
     1
271
     1
  0
XRECORD
  5
AD0
102
{ACAD_REACTORS
330
ACF
102
}
330
ACF
100
AcDbXrecord
280
     1
102
DISPLAYNAME
  1
Imperial24
102
FLAGS
 90
        0
  0
CELLSTYLEMAP
  5
ACD
102
{ACAD_REACTORS
330
ACC
102
}
330
ACC
100
AcDbCellStyleMap
 90
        3
300
CELLSTYLE
  1
TABLEFORMAT_BEGIN
 90
        5
170
     1
 91
        0
 92
    32768
 62
   257
 93
        1
300
CONTENTFORMAT
  1
CONTENTFORMAT_BEGIN
 90
        0
 91
        0
 92
      512
 93
        0
300

 40
0.0
140
1.0
 94
        5
 62
     0
340
55
144
0.25
309
CONTENTFORMAT_END
171
     1
301
MARGIN
  1
CELLMARGIN_BEGIN
 40
1.5
 40
1.5
 40
1.5
 40
1.5
 40
0.18
 40
0.18
309
CELLMARGIN_END
 94
        0
309
TABLEFORMAT_END
  1
CELLSTYLE_BEGIN
 90
        1
 91
        1
300
_TITLE
309
CELLSTYLE_END
300
CELLSTYLE
  1
TABLEFORMAT_BEGIN
 90
        5
170
     1
 91
        0
 92
        0
 62
   257
 93
        1
300
CONTENTFORMAT
  1
CONTENTFORMAT_BEGIN
 90
        0
 91
        0
 92
      512
 93
        0
300

 40
0.0
140
1.0
 94
        5
 62
     0
340
55
144
0.18
309
CONTENTFORMAT_END
171
     1
301
MARGIN
  1
CELLMARGIN_BEGIN
 40
1.5
 40
1.5
 40
1.5
 40
1.5
 40
0.18
 40
0.18
309
CELLMARGIN_END
 94
        0
309
TABLEFORMAT_END
  1
CELLSTYLE_BEGIN
 90
        2
 91
        1
300
_HEADER
309
CELLSTYLE_END
300
CELLSTYLE
  1
TABLEFORMAT_BEGIN
 90
        5
170
     1
 91
        0
 92
        0
 62
   257
 93
        1
300
CONTENTFORMAT
  1
CONTENTFORMAT_BEGIN
 90
        0
 91
        0
 92
      512
 93
        0
300

 40
0.0
140
1.0
 94
        2
 62
     0
340
55
144
0.18
309
CONTENTFORMAT_END
171
     1
301
MARGIN
  1
CELLMARGIN_BEGIN
 40
1.5
 40
1.5
 40
1.5
 40
1.5
 40
0.18
 40
0.18
309
CELLMARGIN_END
 94
        0
309
TABLEFORMAT_END
  1
CELLSTYLE_BEGIN
 90
        3
 91
        2
300
_DATA
309
CELLSTYLE_END
  0
ENDSEC
  0
EOF
